mtllib E2YM6JL5S5UOWXTRQZMM26864.mtl
v 0.071777 0.030366 0.697043
v 0.070322 -0.134533 0.697189
v -0.067738 -0.134533 0.697189
v 0.071777 0.030366 0.697043
v -0.071352 0.030366 0.697043
v -0.013014 0.023492 0.213733
v 0.008316 0.016961 0.213733
v -0.013014 0.016961 0.213733
v 0.008316 0.023492 0.213733
v 0.036818 0.008213 0.222551
v 0.029267 -0.016154 0.218095
v 0.036818 -0.016154 0.222551
v 0.028810 0.025326 0.213733
v 0.024356 0.021433 0.213733
v 0.024356 0.025326 0.213733
v -0.017502 0.036806 0.213733
v -0.017502 0.032913 0.213733
v -0.021957 0.036806 0.213733
v -0.021957 0.025326 0.213733
v -0.017502 0.021433 0.213733
v -0.021957 0.021433 0.213733
v -0.021957 0.031058 0.213733
v -0.017502 0.027164 0.213733
v -0.021957 0.027164 0.213733
v -0.017502 0.031058 0.213733
v 0.017789 0.015481 0.213733
v 0.017789 0.011588 0.213733
v 0.013336 0.011588 0.213733
v 0.061971 0.008213 0.222551
v 0.061971 -0.016154 0.222551
v -0.017502 0.025326 0.213733
v 0.029267 0.008213 0.218095
v 0.028810 0.021433 0.213733
v 0.000959 0.015481 0.213733
v 0.005277 0.015481 0.213733
v 0.000959 0.011588 0.213733
v -0.242792 0.077219 0.102058
v -0.168842 0.077128 0.116925
v -0.242996 0.048010 0.102123
v -0.169054 0.048370 0.116917
v 0.175080 0.077128 0.116925
v 0.248567 0.048010 0.102123
v 0.175290 0.048370 0.116917
v 0.028810 0.031058 0.213733
v 0.024356 0.027164 0.213733
v 0.024356 0.031058 0.213733
v 0.028810 0.027164 0.213733
v 0.013336 0.015481 0.213733
v -0.030581 0.008213 0.222551
v -0.023030 -0.016154 0.218095
v -0.023030 0.008213 0.218095
v 0.248363 0.077219 0.102058
v -0.055734 0.008213 0.222551
v -0.055734 -0.016154 0.222551
v -0.030581 -0.016154 0.222551
v 0.005277 0.011588 0.213733
v 0.319800 0.090530 -1.098713
v -0.314096 0.088866 -1.075357
v 0.319800 0.088866 -1.075357
v 0.319800 0.107090 -1.217496
v -0.314096 0.107090 -1.217496
v -0.314096 0.088623 -1.175990
v 0.319800 0.126910 -1.220979
v -0.314096 0.115558 -1.206877
v 0.319800 0.115558 -1.206877
v 0.319800 0.088623 -1.175990
v -0.314096 0.090530 -1.098713
v -0.314096 0.126910 -1.220979
v 0.319800 0.170020 -1.249320
v -0.314096 0.170020 -1.249320
v 0.096781 -0.266078 -1.158051
v 0.096656 -0.121675 -1.156765
v 0.096132 -0.265821 -0.970115
v -0.087108 -0.266311 -1.158255
v -0.086044 -0.182613 -0.969998
v -0.086771 -0.121907 -1.156628
v 0.097383 -0.182381 -0.970135
v -0.166635 -0.140147 0.757864
v 0.175348 -0.148338 0.757097
v -0.166635 -0.148338 0.757097
v 0.086229 -0.129527 -1.157545
v 0.085892 -0.266517 -1.158058
v -0.112725 -0.266078 0.123166
v -0.115688 -0.265824 0.610622
v -0.110469 -0.240383 0.127473
v -0.087756 -0.266055 -0.970318
v 0.175348 -0.140147 0.757864
v -0.165905 -0.145121 0.761447
v -0.079790 -0.266375 -1.158150
v 0.172131 -0.145121 0.761447
v 0.093390 -0.246290 -0.761598
v -0.086500 -0.246522 -0.761461
v -0.079914 -0.128396 -1.157447
v -0.020167 -0.108877 -1.245871
v -0.010078 -0.120247 -1.160171
v -0.010078 -0.093743 -1.159341
v 0.099480 -0.252421 -0.726933
v -0.091799 -0.252421 -0.726933
v 0.019536 -0.120247 -1.160171
v 0.097398 -0.088716 -0.767561
v -0.089717 -0.088716 -0.767561
v 0.019536 -0.093743 -1.159341
v -0.020397 -0.059685 -1.246664
v 0.026151 -0.108991 -1.245869
v 0.025960 -0.059749 -1.246663
v 0.421018 -0.221204 0.902102
v 0.460345 -0.221295 0.902458
v 0.394067 -0.225837 0.903372
v 0.406884 -0.175883 0.903131
v -0.423249 -0.227636 1.190195
v -0.452291 -0.227266 1.183684
v -0.452596 -0.225455 0.902281
v -0.452812 -0.122155 0.903889
v -0.396850 -0.122287 0.904177
v -0.453148 -0.124759 0.903455
v -0.385413 -0.225837 0.902679
v 0.460561 -0.122155 0.904285
v 0.460897 -0.124759 0.903850
v 0.406183 -0.122287 0.904572
v 0.394092 -0.120482 0.901518
v 0.407615 -0.120482 0.901881
v 0.460345 -0.225455 0.902677
v 0.459474 -0.227266 1.183684
v 0.429888 -0.227636 1.189790
v 0.326569 -0.011681 -1.062409
v 0.322987 -0.026918 -1.069407
v 0.322881 -0.104846 -1.104963
v 0.451383 -0.172286 1.059183
v -0.320865 -0.011681 -1.062409
v -0.317177 -0.104846 -1.104963
v -0.317283 -0.026918 -1.069407
v 0.028810 0.031058 0.213040
v 0.024356 0.027164 0.213040
v 0.024356 0.031058 0.213040
v -0.021957 0.031058 0.213040
v -0.017502 0.027164 0.213040
v -0.021957 0.027164 0.213040
v 0.021029 0.040627 0.213733
v 0.010616 0.026704 0.213733
v 0.010616 0.040627 0.213733
v -0.045056 0.047280 0.268633
v -0.045005 0.030388 0.269179
v -0.081782 0.030251 0.264912
v 0.008316 0.040627 0.213733
v -0.013014 0.031672 0.213733
v -0.013014 0.040627 0.213733
v -0.081833 0.046647 0.264442
v -0.017502 0.031058 0.213040
v 0.051293 0.047280 0.268633
v 0.051242 0.030388 0.269179
v 0.003087 0.044370 0.294122
v 0.088069 0.046647 0.264442
v 0.088019 0.030251 0.264912
v 0.021029 0.026704 0.213733
v 0.008316 0.031672 0.213733
v 0.003098 0.025470 0.270063
v -0.021957 0.032913 0.213733
v 0.028810 0.027164 0.213040
v -0.007114 0.049114 0.211841
v -0.012097 0.044759 0.211976
v -0.012097 0.049114 0.211841
v 0.026407 0.049114 0.211976
v 0.026407 0.044759 0.211841
v 0.021425 0.044759 0.211841
v 0.000960 0.049114 0.211841
v 0.000960 0.044759 0.211976
v -0.004023 0.044759 0.211976
v -0.015393 0.049114 0.211841
v -0.020375 0.044759 0.211976
v -0.020375 0.049114 0.211841
v -0.023832 0.049114 0.211841
v -0.028815 0.044759 0.211976
v -0.028815 0.049114 0.211841
v -0.004023 0.049114 0.211841
v -0.023832 0.044759 0.211976
v -0.007114 0.044759 0.211976
v 0.018129 0.049114 0.211976
v 0.013147 0.044759 0.211841
v 0.013147 0.049114 0.211976
v -0.015393 0.044759 0.211976
v 0.021425 0.049114 0.211976
v 0.034848 0.049114 0.211976
v 0.034848 0.044759 0.211841
v 0.029865 0.044759 0.211841
v 0.029865 0.049114 0.211976
v 0.010056 0.049114 0.211976
v 0.010056 0.044759 0.211841
v 0.005073 0.044759 0.211841
v 0.018129 0.044759 0.211841
v 0.005073 0.049114 0.211976
v 0.041582 0.005475 0.213733
v 0.043085 0.003737 0.213733
v 0.041582 -0.028202 0.213733
v 0.043085 -0.026464 0.213733
v -0.035344 -0.028202 0.213733
v -0.036847 0.003737 0.213733
v -0.036847 -0.026464 0.213733
v -0.035344 0.005475 0.213733
v 0.041900 0.028498 0.213979
v 0.040746 0.028650 0.213979
v 0.039593 0.028498 0.213979
v 0.038518 0.028053 0.213979
v 0.037595 0.027345 0.213979
v 0.043898 0.027345 0.213979
v 0.042975 0.028053 0.213979
v 0.036886 0.026421 0.213979
v 0.036441 0.025346 0.213979
v 0.045052 0.025346 0.213979
v 0.044606 0.026421 0.213979
v 0.036289 0.024193 0.213979
v 0.036441 0.023039 0.213979
v 0.045052 0.023039 0.213979
v 0.045203 0.024193 0.213979
v 0.036886 0.021965 0.213979
v 0.037595 0.021041 0.213979
v 0.043898 0.021041 0.213979
v 0.044606 0.021965 0.213979
v 0.042975 0.020333 0.213979
v 0.038518 0.020333 0.213979
v 0.039593 0.019888 0.213979
v 0.040746 0.019736 0.213979
v -0.032630 0.026292 0.213979
v -0.033865 0.026406 0.213979
v -0.035087 0.026197 0.213979
v -0.031466 0.025862 0.213979
v -0.036214 0.025677 0.213979
v -0.030454 0.025146 0.213979
v -0.037168 0.024885 0.213979
v -0.037883 0.023873 0.213979
v -0.029143 0.023067 0.213979
v -0.038313 0.022709 0.213979
v -0.038426 0.021475 0.213979
v -0.029047 0.020610 0.213979
v -0.038217 0.020252 0.213979
v -0.029477 0.019446 0.213979
v -0.037698 0.019126 0.213979
v -0.030193 0.018434 0.213979
v -0.036906 0.018172 0.213979
v -0.035894 0.017457 0.213979
v -0.032273 0.017122 0.213979
v -0.034730 0.017027 0.213979
v -0.020045 -0.060345 -1.245873
v 0.041900 0.019888 0.213979
v -0.029662 0.024193 0.213979
v -0.028934 0.021844 0.213979
v -0.031146 0.017641 0.213979
v -0.033495 0.016913 0.213979
v 0.025960 -0.108877 -1.246663
v -0.021141 0.013582 0.209495
v -0.021748 0.013663 0.209495
v -0.021748 0.013663 0.213979
v -0.023781 0.010143 0.209495
v -0.023781 0.010143 0.213979
v -0.024015 0.010709 0.213979
v -0.020575 0.013348 0.209495
v -0.021141 0.013582 0.213979
v -0.022355 0.009049 0.213979
v -0.022922 0.009283 0.213979
v -0.022922 0.009283 0.209495
v -0.019716 0.012489 0.209495
v -0.019716 0.012489 0.213979
v -0.019482 0.011923 0.213979
v -0.022355 0.013582 0.209495
v -0.022922 0.013348 0.209495
v -0.022922 0.013348 0.213979
v -0.020575 0.009283 0.213979
v -0.021141 0.009049 0.213979
v -0.021141 0.009049 0.209495
v -0.023408 0.012975 0.209495
v -0.023408 0.012975 0.213979
v -0.020089 0.012975 0.209495
v -0.020089 0.012975 0.213979
v -0.020089 0.009656 0.213979
v -0.020575 0.009283 0.209495
v -0.020575 0.013348 0.213979
v -0.024015 0.010709 0.209495
v -0.024095 0.011316 0.213979
v -0.023781 0.012489 0.209495
v -0.023781 0.012489 0.213979
v -0.019716 0.010143 0.209495
v -0.019716 0.010143 0.213979
v -0.024015 0.011923 0.209495
v -0.024015 0.011923 0.213979
v -0.023408 0.009656 0.209495
v -0.023408 0.009656 0.213979
v -0.019482 0.011923 0.209495
v -0.019401 0.011316 0.213979
v -0.019401 0.011316 0.209495
v -0.019482 0.010709 0.213979
v -0.022355 0.013582 0.213979
v -0.021748 0.008969 0.213979
v -0.022355 0.009049 0.209495
v -0.021748 0.008969 0.209495
v -0.024095 0.011316 0.209495
v -0.019482 0.010709 0.209495
v -0.020089 0.009656 0.209495
v -0.396645 -0.175883 0.901943
v -0.439375 -0.215489 1.189523
v -0.421506 -0.149342 1.051852
v 0.460345 -0.221295 0.902458
v 0.447156 -0.215489 1.189629
v 0.458256 -0.224130 1.184429
v 0.407615 -0.120482 0.901881
v 0.424954 -0.149342 1.051852
v 0.406884 -0.175883 0.903131
v -0.417570 -0.221204 0.902102
v 0.421018 -0.221204 0.902102
v -0.452596 -0.221295 0.902062
v 0.446709 -0.136553 1.189698
v -0.438215 -0.136553 1.190110
v -0.397377 -0.120482 0.900693
v -0.451073 -0.224130 1.184429
v 0.328390 0.121467 -1.249438
v 0.327822 0.122636 -1.177020
v 0.326569 0.170224 -1.070742
v 0.327384 0.171010 -1.177646
v -0.322112 0.123308 -1.177015
v -0.321700 0.120665 -1.120325
v -0.320865 0.170224 -1.070742
v -0.320865 0.120665 -1.068472
v -0.321700 0.120665 -1.120325
v -0.323882 -0.008946 -1.250000
v -0.320865 -0.011681 -1.062409
v -0.320865 0.120665 -1.061522
v 0.329586 -0.008946 -1.250000
v 0.322881 -0.104846 -1.104963
v 0.321080 -0.105424 -1.249222
v 0.326569 0.158566 -1.061269
v 0.326569 -0.011681 -1.062409
v -0.315376 -0.105424 -1.249222
v -0.317177 -0.104846 -1.104963
v -0.320865 0.120665 -1.068472
v -0.320865 0.120665 -1.061522
v -0.322679 0.122138 -1.249433
v -0.321680 0.171010 -1.177646
v -0.320865 0.158566 -1.061269
v -0.322112 0.123308 -1.177015
v 0.003534 -0.064719 1.239196
v -0.019730 -0.065237 1.238353
v 0.003129 -0.072519 1.248764
v 0.025967 -0.065427 1.238186
v 0.026445 -0.072050 1.244356
v 0.088249 0.027287 0.847788
v 0.003330 0.005731 1.014916
v 0.070744 0.000500 1.016632
v -0.022810 -0.032945 1.148502
v 0.004023 -0.030085 1.141734
v -0.038026 -0.068657 1.234698
v -0.020209 -0.072050 1.244902
v 0.003137 0.032982 0.847350
v -0.082600 0.027315 0.847738
v 0.029046 -0.033133 1.148740
v 0.056446 -0.035833 1.144295
v 0.043638 -0.068657 1.234698
v 0.104835 0.036427 0.708049
v -0.050209 -0.035833 1.144295
v -0.064738 0.000500 1.016429
v 0.003263 0.045553 0.705891
v -0.096567 0.036427 0.709467
v -0.049292 -0.010485 0.209495
v -0.049292 -0.010485 0.213979
v -0.049527 -0.009919 0.213979
v -0.047867 -0.007045 0.209495
v -0.048433 -0.007279 0.209495
v -0.048433 -0.007279 0.213979
v -0.045227 -0.010485 0.209495
v -0.045227 -0.010485 0.213979
v -0.045601 -0.010971 0.213979
v -0.049292 -0.008138 0.209495
v -0.049292 -0.008138 0.213979
v -0.048919 -0.007652 0.213979
v -0.046086 -0.011344 0.213979
v -0.046652 -0.011579 0.213979
v -0.046652 -0.011579 0.209495
v -0.047259 -0.006965 0.209495
v -0.047867 -0.007045 0.213979
v -0.049527 -0.009919 0.209495
v -0.049606 -0.009312 0.213979
v -0.048919 -0.010971 0.209495
v -0.048919 -0.010971 0.213979
v -0.046652 -0.007045 0.209495
v -0.046086 -0.007279 0.209495
v -0.045601 -0.007652 0.209495
v -0.045227 -0.008138 0.209495
v -0.048919 -0.007652 0.209495
v -0.044992 -0.008704 0.209495
v -0.049527 -0.008704 0.209495
v -0.044912 -0.009312 0.209495
v -0.044992 -0.009919 0.209495
v -0.049606 -0.009312 0.209495
v -0.045601 -0.010971 0.209495
v -0.046086 -0.011344 0.209495
v -0.047867 -0.011579 0.209495
v -0.048433 -0.011344 0.209495
v -0.045227 -0.008138 0.213979
v -0.044992 -0.008704 0.213979
v -0.044992 -0.009919 0.213979
v -0.046652 -0.007045 0.213979
v -0.048433 -0.011344 0.213979
v -0.044912 -0.009312 0.213979
v -0.045601 -0.007652 0.213979
v -0.047259 -0.011659 0.213979
v -0.047867 -0.011579 0.213979
v -0.047259 -0.011659 0.209495
v -0.049527 -0.008704 0.213979
v -0.046086 -0.007279 0.213979
v -0.047259 -0.006965 0.213979
v -0.032630 0.026292 0.209495
v -0.033865 0.026406 0.209495
v -0.037698 0.019126 0.209495
v -0.030454 0.025146 0.209495
v -0.031466 0.025862 0.209495
v -0.038217 0.020252 0.209495
v -0.037883 0.023873 0.209495
v -0.034730 0.017027 0.209495
v -0.029047 0.020610 0.209495
v -0.029143 0.023067 0.209495
v -0.035087 0.026197 0.209495
v -0.036214 0.025677 0.209495
v -0.037168 0.024885 0.209495
v -0.029662 0.024193 0.209495
v -0.038313 0.022709 0.209495
v -0.028934 0.021844 0.209495
v -0.038426 0.021475 0.209495
v -0.029477 0.019446 0.209495
v -0.036906 0.018172 0.209495
v -0.030193 0.018434 0.209495
v -0.031146 0.017641 0.209495
v -0.032273 0.017122 0.209495
v -0.035894 0.017457 0.209495
v -0.033495 0.016913 0.209495
v 0.135933 -0.108752 -0.797971
v 0.098991 -0.231803 -0.774501
v -0.091736 -0.230204 -0.774501
v 0.016565 -0.094598 -1.156667
v -0.027316 -0.084081 -1.046519
v -0.010329 -0.094598 -1.156667
v 0.248247 0.047369 0.100275
v 0.179305 0.051823 0.124220
v 0.241526 0.051917 0.115893
v -0.131502 -0.108681 -0.797971
v 0.249870 0.076499 0.099704
v 0.241147 0.072819 0.115350
v 0.248321 0.078459 0.100521
v 0.067377 -0.099784 1.081108
v 0.050639 -0.091363 1.169766
v 0.054717 -0.091363 1.161500
v -0.166033 0.076268 0.112994
v -0.173068 0.051823 0.124220
v -0.172322 0.072782 0.124143
v 0.153308 -0.199447 -0.924075
v -0.382103 -0.012874 -0.150021
v -0.285319 -0.015675 0.104225
v -0.293092 -0.030369 0.101021
v -0.224611 -0.094960 -0.967954
v -0.147071 -0.199447 -0.924075
v -0.258860 -0.087445 -0.786781
v 0.444905 0.000983 -0.544489
v 0.444905 0.015546 -0.540133
v 0.444905 0.003331 -0.540089
v 0.444905 0.001007 -0.585954
v 0.444905 0.018003 -0.544536
v 0.444905 0.018026 -0.585954
v -0.070673 -0.078510 -0.981646
v -0.244299 0.076499 0.099704
v -0.235576 0.072819 0.115350
v -0.235956 0.051917 0.115893
v -0.166382 0.050275 0.113080
v -0.438668 0.001007 -0.585954
v -0.438668 0.000983 -0.544489
v -0.438668 0.018003 -0.544536
v -0.168590 0.078815 0.111663
v -0.242750 0.078459 0.100521
v 0.172270 0.076268 0.112994
v 0.172618 0.050275 0.113080
v 0.174707 0.047205 0.111784
v 0.033552 -0.084081 -1.046519
v 0.178559 0.072782 0.124143
v 0.174826 0.078815 0.111663
v 0.004250 0.093098 0.571661
v 0.002772 0.091265 0.605074
v 0.002772 0.091265 0.573555
v 0.124681 -0.265791 0.610616
v 0.118196 -0.265916 0.122939
v -0.025897 -0.221013 -0.374956
v 0.004250 0.093098 0.605080
v 0.076910 -0.078510 -0.981646
v 0.233270 -0.094703 -0.967915
v -0.438668 0.018026 -0.585954
v 0.237134 -0.015407 0.126649
v 0.204674 -0.015100 0.148460
v 0.207141 -0.015337 0.092585
v -0.044258 -0.091363 1.169800
v -0.059966 -0.099784 1.080741
v -0.047633 -0.091363 1.161535
v 0.291556 -0.015675 0.104225
v -0.199818 -0.015100 0.149668
v -0.230897 -0.015407 0.126649
v -0.202672 -0.015337 0.092585
v -0.168471 0.047205 0.111784
v -0.242676 0.047369 0.100275
v 0.388340 -0.012874 -0.150021
v 0.299328 -0.030369 0.101021
v 0.211482 -0.000027 0.001551
v 0.253414 -0.087354 -0.786816
v 0.249795 0.049270 0.099610
v -0.244224 0.049270 0.099610
v 0.117796 -0.265833 -0.656837
v -0.111927 -0.266066 -0.656775
v -0.206381 -0.015090 -0.003118
v 0.078231 0.288214 -0.244423
v -0.068673 0.288214 -0.244423
v -0.068673 0.279408 -0.225316
v -0.074895 -0.038020 0.798024
v -0.345486 -0.047239 0.742290
v -0.074895 -0.039941 0.803199
v -0.074895 -0.050433 0.803199
v -0.345486 -0.054407 0.750822
v -0.345486 -0.059653 0.747466
v 0.329942 -0.098761 -0.955093
v 0.063263 -0.152722 -0.830356
v 0.063263 -0.147835 -0.830356
v 0.358230 -0.178359 -0.929660
v 0.329942 -0.178359 -0.926362
v 0.329942 -0.173635 -0.951237
v -0.027723 -0.092567 -0.999245
v -0.323868 -0.094747 -0.982006
v -0.323868 -0.091879 -0.973365
v 0.078231 0.279408 -0.225316
v -0.345486 -0.051963 0.717415
v -0.099311 -0.066996 0.566955
v -0.099311 -0.062109 0.566955
v 0.351560 -0.049161 0.747466
v 0.351560 -0.054407 0.750822
v 0.379847 -0.049161 0.744168
v -0.027723 -0.102065 -0.988629
v -0.323868 -0.098761 -0.955093
v -0.323868 -0.101377 -0.962748
v -0.027723 -0.157468 -0.999245
v -0.323868 -0.166753 -0.969508
v -0.027723 -0.156846 -0.988629
v 0.078231 0.274953 -0.311833
v 0.078231 0.279408 -0.225316
v 0.078763 0.266959 -0.234446
v -0.079376 -0.226507 0.892448
v -0.094365 -0.235009 0.706972
v -0.092062 -0.235009 0.700939
v -0.345486 -0.049347 0.709760
v -0.373773 -0.049347 0.712885
v -0.345486 -0.051963 0.717415
v 0.078231 0.274953 -0.311833
v 0.078231 0.288214 -0.244423
v 0.078231 0.279408 -0.225316
v -0.027723 -0.166965 -0.988629
v -0.323868 -0.173635 -0.951237
v -0.323868 -0.176251 -0.958891
v 0.358230 -0.166132 -0.955766
v 0.329942 -0.166132 -0.958891
v 0.329942 -0.168748 -0.951237
v 0.003118 -0.161210 0.765637
v -0.345486 -0.162806 0.742290
v -0.345486 -0.164728 0.747466
v 0.345787 -0.236901 -0.987083
v 0.346157 -0.236518 -0.760487
v 0.343893 -0.241789 -0.987083
v -0.099311 -0.068991 0.547642
v -0.345486 -0.058845 0.699143
v -0.099311 -0.066123 0.539001
v -0.345486 -0.056851 0.717414
v -0.373773 -0.061574 0.738992
v -0.373773 -0.056851 0.720540
v -0.323868 -0.093874 -0.955093
v -0.352156 -0.091258 -0.959624
v -0.352156 -0.093874 -0.951968
v -0.373773 -0.054407 0.747524
v -0.345486 -0.059653 0.747466
v -0.345486 -0.054407 0.750822
v -0.323868 -0.166753 -0.969508
v -0.352156 -0.169621 -0.975026
v -0.352156 -0.166753 -0.966383
v 0.003118 -0.164012 0.735585
v 0.351560 -0.167531 0.717415
v 0.351560 -0.172417 0.717415
v -0.323868 -0.094747 -0.982006
v -0.027723 -0.095435 -1.007887
v -0.323868 -0.097887 -0.982006
v 0.351560 -0.162806 0.742290
v 0.003118 -0.161210 0.765637
v 0.351560 -0.164728 0.747466
v -0.345486 -0.049161 0.747466
v -0.373773 -0.047239 0.738992
v -0.373773 -0.049161 0.744168
v -0.046078 -0.085350 -0.907316
v -0.352156 -0.164925 -0.938648
v -0.352156 -0.168572 -0.940918
v -0.345486 -0.162806 0.742290
v -0.373773 -0.162806 0.738992
v -0.345486 -0.164728 0.747466
v -0.057069 -0.216865 -0.811873
v -0.057069 -0.221590 -0.786999
v -0.323868 -0.178359 -0.926362
v 0.351560 -0.049968 0.699143
v 0.099303 -0.059492 0.558259
v 0.351560 -0.049347 0.709760
v -0.323868 -0.165946 -0.921185
v -0.057069 -0.214422 -0.778467
v -0.057069 -0.209176 -0.781823
v -0.323868 -0.091258 -0.962748
v -0.373773 -0.049161 0.744168
v -0.373773 -0.054407 0.747524
v -0.345486 -0.054407 0.750822
v 0.358230 -0.169621 -0.975026
v 0.329942 -0.166753 -0.969508
v 0.358230 -0.166753 -0.966383
v -0.323868 -0.169621 -0.978151
v -0.323868 -0.091072 -0.925042
v -0.323868 -0.096318 -0.921687
v -0.057027 -0.150279 -0.796950
v 0.379847 -0.175033 0.712885
v 0.351560 -0.174412 0.699143
v 0.379847 -0.174412 0.702268
v -0.196521 -0.130860 0.700594
v -0.080331 -0.226507 0.892448
v -0.155716 -0.121966 0.891470
v 0.358230 -0.096318 -0.924984
v 0.329942 -0.101564 -0.925042
v 0.358230 -0.101564 -0.928340
v -0.074895 -0.045187 0.806555
v -0.345486 -0.049161 0.747466
v -0.345486 -0.054407 0.750822
v -0.345486 -0.049161 0.747466
v 0.346157 -0.236518 -0.760487
v 0.345787 -0.236901 -0.987083
v 0.271940 -0.236901 -0.987296
v 0.003118 -0.173624 0.760460
v -0.345486 -0.175219 0.747466
v -0.345486 -0.177142 0.742290
v 0.351560 -0.168404 0.690502
v 0.094988 -0.157867 0.539001
v 0.094988 -0.154999 0.547642
v -0.323868 -0.166753 -0.969508
v -0.352156 -0.166753 -0.966383
v -0.323868 -0.166132 -0.958891
v -0.046078 -0.078057 -0.907316
v -0.352156 -0.161279 -0.940918
v -0.046078 -0.081704 -0.905045
v -0.092677 -0.232338 0.707384
v -0.178265 -0.231377 0.536977
v -0.120063 -0.232114 0.611796
v -0.323868 -0.093874 -0.955093
v -0.027723 -0.099449 -0.979933
v -0.027723 -0.094562 -0.979933
v 0.329942 -0.089149 -0.930219
v 0.063263 -0.143110 -0.805481
v 0.063263 -0.145033 -0.800306
v 0.351560 -0.177142 0.742290
v 0.003118 -0.173624 0.760460
v 0.003118 -0.168899 0.735585
v -0.057027 -0.155524 -0.800306
v -0.323868 -0.101564 -0.925042
v -0.057027 -0.157446 -0.805481
v -0.103627 -0.156993 0.566955
v -0.345486 -0.167531 0.717415
v -0.103627 -0.161880 0.566955
v -0.265704 -0.236901 -0.987296
v -0.339551 -0.236901 -0.987083
v -0.339921 -0.236518 -0.760487
v 0.379847 -0.056851 0.720540
v 0.351560 -0.059467 0.709760
v 0.379847 -0.059467 0.712885
v 0.358230 -0.103485 -0.933515
v 0.329942 -0.103485 -0.930219
v 0.329942 -0.098761 -0.955093
v 0.154919 -0.242642 -0.987089
v 0.207635 -0.242935 -0.759002
v 0.157381 -0.189655 -0.985658
v 0.358230 -0.122421 -0.956133
v 0.358230 -0.129715 -0.960343
v -0.352156 -0.129715 -0.960343
v -0.352156 -0.122421 -0.956133
v 0.379847 -0.058845 0.702268
v 0.351560 -0.058845 0.699143
v 0.351560 -0.055977 0.690502
v -0.345486 -0.052836 0.690502
v -0.373773 -0.052836 0.693626
v -0.345486 -0.049968 0.699143
v 0.358230 -0.168748 -0.948112
v 0.329942 -0.168748 -0.951237
v 0.329942 -0.164023 -0.926362
v -0.027723 -0.157468 -0.999245
v -0.027723 -0.160336 -1.007887
v -0.323868 -0.169621 -0.978151
v 0.379847 -0.059467 0.712885
v 0.351560 -0.059467 0.709760
v 0.351560 -0.058845 0.699143
v -0.323868 -0.093874 -0.955093
v -0.352156 -0.093874 -0.951968
v -0.323868 -0.089149 -0.930219
v 0.003118 -0.166456 0.768992
v 0.003118 -0.171702 0.765637
v 0.351560 -0.169974 0.750822
v 0.329942 -0.165946 -0.921185
v 0.063305 -0.214422 -0.778467
v 0.329942 -0.171192 -0.917830
v 0.351560 -0.047239 0.742290
v 0.081132 -0.038020 0.798813
v 0.081132 -0.039941 0.803990
v -0.352156 -0.165946 -0.924483
v -0.352156 -0.171192 -0.921128
v -0.323868 -0.171192 -0.917830
v 0.329942 -0.091072 -0.925042
v 0.063263 -0.150279 -0.796950
v 0.329942 -0.096318 -0.921687
v 0.052314 -0.085350 -0.907316
v 0.358230 -0.168572 -0.940918
v 0.358230 -0.164925 -0.938648
v -0.057069 -0.216865 -0.811873
v -0.323868 -0.178359 -0.926362
v -0.323868 -0.173635 -0.951237
v -0.080331 -0.226507 0.892448
v -0.079376 -0.226507 0.892448
v -0.071212 -0.226507 0.892448
v -0.352156 -0.164925 -0.938648
v 0.351560 -0.169974 0.750822
v 0.351560 -0.175219 0.747466
v 0.379847 -0.169974 0.747524
v 0.329942 -0.096318 -0.921687
v 0.063263 -0.150279 -0.796950
v 0.063263 -0.155524 -0.800306
v -0.057069 -0.207254 -0.786999
v -0.323868 -0.168748 -0.951236
v -0.323868 -0.164023 -0.926362
v -0.352156 -0.096318 -0.924984
v -0.323868 -0.101564 -0.925042
v -0.323868 -0.096318 -0.921687
v 0.329942 -0.096318 -0.921687
v 0.351560 -0.056851 0.717415
v 0.190142 -0.231377 0.536977
v 0.134611 -0.232114 0.611796
v 0.189295 -0.231377 0.536977
v 0.036818 0.008213 0.221974
v 0.061971 -0.016154 0.221974
v 0.036818 -0.016154 0.221974
v 0.329942 -0.091072 -0.925042
v 0.329942 -0.096318 -0.921687
v 0.358230 -0.091072 -0.928340
v -0.323868 -0.094747 -0.982006
v -0.323868 -0.097887 -0.982006
v -0.352156 -0.097887 -0.978882
v 0.189295 -0.231377 0.536977
v 0.134611 -0.232114 0.611796
v 0.159082 -0.163337 0.612639
v -0.180848 -0.231377 0.536977
v -0.120063 -0.232114 0.611796
v -0.150320 -0.163337 0.612639
v -0.345486 -0.167531 0.717415
v -0.373773 -0.164914 0.712885
v -0.373773 -0.167531 0.720540
v -0.260005 -0.242451 -0.987089
v -0.338026 -0.243061 -0.760476
v -0.337655 -0.241789 -0.987083
v 0.358230 -0.122421 -0.947712
v -0.352156 -0.122421 -0.956133
v -0.352156 -0.122421 -0.947712
v 0.162494 -0.189655 -0.985658
v 0.160033 -0.242642 -0.987089
v 0.157381 -0.189655 -0.985658
v -0.323868 -0.098761 -0.955093
v -0.074894 0.004094 0.724243
v -0.373773 -0.162287 0.710627
v -0.074894 0.006880 0.735622
v -0.046078 -0.080282 -0.924422
v -0.352156 -0.166347 -0.959629
v -0.352156 -0.163504 -0.958024
v 0.358230 -0.093874 -0.951968
v 0.329942 -0.093874 -0.955093
v 0.329942 -0.089149 -0.930219
v 0.358230 -0.101377 -0.959624
v 0.329942 -0.101377 -0.962748
v 0.329942 -0.100755 -0.973365
v 0.358230 -0.091879 -0.970239
v 0.329942 -0.091258 -0.962748
v 0.358230 -0.091258 -0.959624
v 0.199153 -0.131028 0.700594
v 0.101865 -0.235009 0.700939
v 0.168180 -0.121966 0.891470
v 0.358230 -0.098761 -0.951968
v 0.329942 -0.101377 -0.962748
v 0.358230 -0.101377 -0.959624
v -0.352156 -0.129715 -0.943501
v -0.352156 -0.137007 -0.947712
v 0.358230 -0.137007 -0.947712
v 0.329942 -0.101377 -0.962748
v 0.033958 -0.102065 -0.988629
v 0.033958 -0.101444 -0.999245
v -0.150320 -0.196405 0.611595
v -0.120063 -0.232114 0.611796
v -0.123201 -0.197004 0.707585
v -0.030581 0.008213 0.221974
v -0.030581 -0.016154 0.221974
v -0.055734 -0.016154 0.221974
v -0.150320 -0.196405 0.611595
v -0.092677 -0.232338 0.707384
v -0.120063 -0.232114 0.611796
v -0.150320 -0.196405 0.611595
v -0.123201 -0.197004 0.707585
v -0.092677 -0.232338 0.707384
v -0.057069 -0.211978 -0.811873
v 0.029267 0.008213 0.217517
v 0.036818 -0.016154 0.221974
v 0.029267 -0.016154 0.217517
v -0.148683 -0.242642 -0.987089
v -0.151145 -0.189655 -0.985658
v -0.225722 -0.242935 -0.760420
v 0.379847 -0.164728 0.744168
v 0.351560 -0.169974 0.750822
v 0.379847 -0.169974 0.747524
v -0.265704 -0.236901 -0.987296
v -0.337655 -0.241789 -0.987083
v -0.339551 -0.236901 -0.987083
v 0.379847 -0.174412 0.702268
v 0.351560 -0.171544 0.690502
v 0.379847 -0.171544 0.693626
v -0.099311 -0.059492 0.558259
v -0.345486 -0.049347 0.709760
v -0.099311 -0.062109 0.566955
v 0.266242 -0.242451 -0.987089
v 0.303354 -0.242935 -0.760420
v 0.279420 -0.192142 -0.985658
v 0.329942 -0.100755 -0.973365
v -0.099311 -0.062109 0.566955
v -0.345486 -0.049347 0.709760
v -0.345486 -0.051963 0.717415
v -0.323868 -0.168748 -0.951236
v -0.352156 -0.166132 -0.955766
v -0.352156 -0.168748 -0.948112
v 0.216162 -0.180945 0.536092
v 0.192302 -0.231377 0.536977
v 0.213155 -0.180945 0.536092
v -0.373773 -0.059653 0.744168
v -0.023030 0.008213 0.217517
v -0.030581 -0.016154 0.221974
v -0.030581 0.008213 0.221974
v 0.358230 -0.100755 -0.970239
v 0.351560 -0.175033 0.709760
v 0.094988 -0.164496 0.558259
v 0.094988 -0.163875 0.547642
v 0.033958 -0.160336 -1.007887
v 0.329942 -0.172761 -0.978151
v 0.033958 -0.163476 -1.007887
v -0.074894 -0.001534 0.735622
v -0.373773 -0.167915 0.722006
v -0.074894 0.001252 0.722639
v -0.323868 -0.169621 -0.978151
v -0.352156 -0.172761 -0.975026
v -0.352156 -0.169621 -0.975026
v 0.379847 -0.175219 0.744168
v 0.379847 -0.047239 0.738992
v 0.351560 -0.049161 0.747466
v 0.379847 -0.049161 0.744168
v 0.351560 -0.165536 0.699143
v 0.094988 -0.154377 0.558259
v 0.351560 -0.164914 0.709760
v -0.337655 -0.241789 -0.987083
v -0.339921 -0.236518 -0.760487
v -0.339551 -0.236901 -0.987083
v -0.323868 -0.176438 -0.921185
v -0.352156 -0.176438 -0.924483
v -0.323868 -0.178359 -0.926362
v 0.159082 -0.196405 0.611595
v 0.103615 -0.232345 0.707384
v 0.134611 -0.232114 0.611796
v -0.373773 -0.165129 0.709022
v 0.351560 -0.174412 0.699143
v 0.094988 -0.163875 0.547642
v 0.094988 -0.161007 0.539001
v -0.265704 -0.236901 -0.987296
v -0.260005 -0.242451 -0.987089
v -0.337655 -0.241789 -0.987083
v 0.351560 -0.171544 0.690502
v -0.278957 -0.187499 -0.985989
v -0.273183 -0.192142 -0.985658
v -0.260005 -0.242451 -0.987089
v 0.351560 -0.047239 0.742290
v 0.379847 -0.061574 0.738992
v 0.351560 -0.056851 0.717415
v 0.379847 -0.056851 0.720540
v 0.379847 -0.049347 0.712885
v 0.351560 -0.051963 0.717415
v 0.379847 -0.051963 0.720540
v 0.351560 -0.052836 0.690502
v 0.379847 -0.055977 0.693626
v 0.351560 -0.055977 0.690502
v 0.379847 -0.052836 0.693626
v 0.358230 -0.168572 -0.940918
v 0.052314 -0.085350 -0.907316
v 0.052314 -0.085910 -0.913043
v 0.329942 -0.169621 -0.978151
v 0.358230 -0.137007 -0.947712
v -0.352156 -0.137007 -0.947712
v 0.358230 -0.137007 -0.956133
v 0.329942 -0.169621 -0.978151
v -0.323868 -0.166132 -0.958891
v -0.352156 -0.166132 -0.955766
v -0.323868 -0.168748 -0.951236
v 0.358230 -0.168572 -0.940918
v 0.052314 -0.085910 -0.913043
v 0.358230 -0.169132 -0.946645
v 0.081132 0.002673 0.743620
v 0.081132 -0.000974 0.741350
v 0.379847 -0.163708 0.730003
v -0.057069 -0.207254 -0.786999
v -0.323868 -0.164023 -0.926362
v -0.057069 -0.209176 -0.781823
v -0.027723 -0.166965 -0.988629
v -0.323868 -0.176251 -0.958891
v -0.027723 -0.166344 -0.999245
v -0.088746 -0.184950 -0.985602
v -0.297118 -0.242935 -0.760420
v -0.273183 -0.192142 -0.985658
v -0.027723 -0.159462 -0.979933
v -0.323868 -0.166132 -0.958891
v -0.323868 -0.168748 -0.951236
v 0.036818 0.008213 0.221974
v -0.027723 -0.160336 -1.007887
v -0.027723 -0.163476 -1.007887
v -0.323868 -0.172761 -0.978151
v -0.260005 -0.242451 -0.987089
v -0.297118 -0.242935 -0.760420
v -0.338026 -0.243061 -0.760476
v -0.055734 0.008213 0.221974
v -0.345486 -0.061574 0.742290
v -0.373773 -0.059653 0.744168
v -0.373773 -0.061574 0.738992
v -0.074894 0.002673 0.743620
v -0.373773 -0.160062 0.727734
v -0.373773 -0.163708 0.730003
v 0.358230 -0.168748 -0.948112
v 0.329942 -0.164023 -0.926362
v 0.358230 -0.164023 -0.929660
v 0.329942 -0.169621 -0.978151
v 0.033958 -0.157468 -0.999245
v 0.329942 -0.166753 -0.969508
v 0.329942 -0.164023 -0.926362
v 0.063305 -0.209176 -0.781823
v 0.329942 -0.165946 -0.921185
v -0.057069 -0.209176 -0.781823
v -0.323868 -0.164023 -0.926362
v -0.323868 -0.165946 -0.921185
v -0.103627 -0.163875 0.547642
v -0.345486 -0.174412 0.699143
v -0.103627 -0.161007 0.539001
v -0.323868 -0.091879 -0.973365
v -0.352156 -0.091879 -0.970239
v -0.323868 -0.091258 -0.962748
v 0.081132 0.006319 0.741350
v 0.081132 0.002673 0.743620
v 0.379847 -0.160062 0.727733
v 0.379847 -0.163708 0.730003
v 0.329942 -0.176438 -0.921185
v 0.063305 -0.219667 -0.781823
v 0.063305 -0.221590 -0.786999
v 0.358230 -0.169132 -0.946645
v 0.052314 -0.085910 -0.913043
v 0.052314 -0.083124 -0.926027
v 0.078231 0.279408 -0.225316
v -0.069520 0.266959 -0.234446
v 0.078763 0.266959 -0.234446
v 0.358230 -0.166753 -0.966383
v 0.329942 -0.166753 -0.969508
v 0.329942 -0.166132 -0.958891
v 0.329942 -0.093874 -0.955093
v 0.033958 -0.099449 -0.979933
v 0.329942 -0.098761 -0.955093
v -0.323868 -0.172761 -0.978151
v -0.352156 -0.175629 -0.966383
v -0.352156 -0.172761 -0.975026
v 0.199153 -0.131028 0.700594
v 0.083584 -0.226507 0.892448
v 0.107073 -0.235009 0.700939
v 0.078763 0.266959 -0.234446
v -0.069520 0.266959 -0.234446
v -0.068673 0.274689 -0.313176
v -0.373773 -0.159500 0.722006
v 0.216162 -0.180945 0.536092
v 0.134611 -0.232114 0.611796
v 0.192302 -0.231377 0.536977
v 0.081132 -0.045187 0.807345
v 0.351560 -0.054407 0.750822
v 0.351560 -0.049161 0.747466
v -0.027723 -0.166344 -0.999245
v -0.323868 -0.176251 -0.958891
v -0.323868 -0.175629 -0.969508
v -0.074895 -0.039941 0.803199
v 0.003118 -0.159288 0.760460
v 0.351560 -0.172417 0.717415
v 0.285194 -0.187499 -0.985989
v 0.266242 -0.242451 -0.987089
v 0.279420 -0.192142 -0.985658
v 0.003118 -0.159288 0.760460
v -0.345486 -0.058845 0.699143
v -0.373773 -0.059467 0.712885
v -0.373773 -0.058845 0.702268
v 0.052314 -0.081704 -0.905045
v 0.052314 -0.085350 -0.907316
v 0.358230 -0.164925 -0.938648
v 0.358230 -0.169132 -0.946645
v 0.052314 -0.083124 -0.926027
v 0.358230 -0.166347 -0.959629
v 0.003118 -0.164012 0.735585
v -0.345486 -0.172417 0.717415
v -0.345486 -0.167531 0.717415
v 0.379847 -0.165536 0.702268
v 0.351560 -0.164914 0.709760
v 0.379847 -0.164914 0.712885
v -0.345486 -0.055977 0.690502
v 0.379847 -0.177142 0.738992
v 0.351560 -0.177142 0.742290
v 0.351560 -0.172417 0.717415
v -0.373773 -0.049968 0.702268
v -0.352156 -0.091072 -0.928340
v -0.352156 -0.096318 -0.924984
v -0.323868 -0.096318 -0.921687
v 0.329942 -0.171192 -0.917830
v 0.329942 -0.176438 -0.921185
v 0.358230 -0.171192 -0.921128
v 0.379847 -0.167915 0.722006
v 0.081132 0.001252 0.722639
v 0.379847 -0.165128 0.709022
v -0.092062 -0.235009 0.700939
v -0.196521 -0.130860 0.700594
v -0.155716 -0.121966 0.891470
v 0.003118 -0.168899 0.735585
v -0.345486 -0.177142 0.742290
v -0.345486 -0.172417 0.717415
v -0.046078 -0.085350 -0.907316
v -0.352156 -0.168572 -0.940918
v -0.046078 -0.085910 -0.913043
v -0.323868 -0.178359 -0.926362
v -0.352156 -0.178359 -0.929660
v -0.323868 -0.173635 -0.951237
v 0.379847 -0.175219 0.744168
v 0.351560 -0.177142 0.742290
v 0.379847 -0.177142 0.738992
v 0.358230 -0.091258 -0.959624
v 0.329942 -0.093874 -0.955093
v 0.358230 -0.093874 -0.951968
v -0.323868 -0.175629 -0.969508
v -0.103627 -0.154377 0.558259
v -0.345486 -0.164914 0.709760
v -0.103627 -0.156993 0.566955
v -0.323868 -0.168748 -0.951236
v -0.352156 -0.168748 -0.948112
v -0.323868 -0.164023 -0.926362
v 0.003118 -0.173624 0.760460
v 0.351560 -0.165536 0.699143
v 0.329942 -0.091879 -0.973365
v 0.329942 -0.091879 -0.973365
v 0.033958 -0.091946 -0.988629
v 0.329942 -0.091258 -0.962748
v -0.027723 -0.159462 -0.979933
v -0.323868 -0.168748 -0.951236
v -0.027723 -0.164349 -0.979933
v -0.345486 -0.047239 0.742290
v 0.379847 -0.058845 0.702268
v -0.373773 -0.051963 0.720540
v -0.373773 -0.169974 0.747524
v -0.345486 -0.175219 0.747466
v -0.345486 -0.169974 0.750822
v -0.086501 -0.243241 -0.760378
v -0.297118 -0.242935 -0.760420
v -0.088746 -0.184950 -0.985602
v 0.271940 -0.236901 -0.987296
v 0.343893 -0.241789 -0.987083
v 0.266242 -0.242451 -0.987089
v 0.351560 -0.055977 0.690502
v 0.099303 -0.066123 0.539001
v 0.099303 -0.062982 0.539001
v 0.329942 -0.173635 -0.951237
v 0.033958 -0.166965 -0.988629
v 0.329942 -0.176251 -0.958891
v -0.345486 -0.047239 0.742290
v -0.373773 -0.051963 0.720540
v -0.373773 -0.047239 0.738992
v -0.027723 -0.166344 -0.999245
v -0.323868 -0.175629 -0.969508
v -0.027723 -0.163476 -1.007887
v 0.351560 -0.052836 0.690502
v 0.099303 -0.060114 0.547642
v 0.351560 -0.049968 0.699143
v 0.329942 -0.091258 -0.962748
v 0.358230 -0.129715 -0.943501
v -0.345486 -0.162806 0.742290
v -0.373773 -0.167531 0.720540
v -0.373773 -0.162806 0.738992
v -0.074895 -0.038020 0.798024
v -0.074895 -0.042744 0.773149
v -0.345486 -0.051963 0.717415
v 0.358230 -0.122421 -0.956133
v -0.074895 -0.045187 0.806555
v -0.345486 -0.047239 0.742290
v -0.323868 -0.094747 -0.982006
v -0.352156 -0.094747 -0.978882
v -0.323868 -0.091879 -0.973365
v 0.379847 -0.164914 0.712885
v 0.351560 -0.164914 0.709760
v 0.351560 -0.167531 0.717415
v -0.323868 -0.166753 -0.969508
v 0.379847 -0.051963 0.720540
v 0.351560 -0.047239 0.742290
v 0.379847 -0.047239 0.738992
v -0.074894 -0.000974 0.741350
v -0.373773 -0.167354 0.727734
v -0.074894 -0.001534 0.735622
v -0.352156 -0.137007 -0.956133
v 0.358230 -0.129715 -0.960343
v -0.352156 -0.137007 -0.956133
v -0.352156 -0.129715 -0.960343
v -0.323868 -0.089149 -0.930219
v -0.352156 -0.093874 -0.951968
v -0.352156 -0.089149 -0.933515
v 0.351560 -0.164728 0.747466
v 0.003118 -0.166456 0.768992
v 0.351560 -0.169974 0.750822
v -0.345486 -0.049347 0.709760
v -0.373773 -0.049968 0.702268
v -0.373773 -0.049347 0.712885
v -0.345486 -0.049968 0.699143
v 0.379847 -0.049968 0.702268
v 0.351560 -0.049968 0.699143
v 0.351560 -0.049347 0.709760
v -0.345486 -0.051963 0.717415
v -0.373773 -0.051963 0.720540
v -0.345486 -0.047239 0.742290
v 0.329942 -0.100755 -0.973365
v 0.033958 -0.098575 -1.007887
v 0.329942 -0.097887 -0.982006
v 0.358230 -0.137007 -0.956133
v -0.323868 -0.100755 -0.973365
v -0.352156 -0.100755 -0.970239
v -0.323868 -0.097887 -0.982006
v 0.329942 -0.168748 -0.951237
v 0.063305 -0.211978 -0.811873
v 0.063305 -0.207254 -0.786999
v 0.358230 -0.103485 -0.933515
v 0.329942 -0.098761 -0.955093
v 0.358230 -0.098761 -0.951968
v -0.345486 -0.058845 0.699143
v -0.373773 -0.058845 0.702268
v -0.345486 -0.055977 0.690502
v -0.323868 -0.165946 -0.921185
v 0.358230 -0.160718 -0.946645
v 0.052314 -0.077496 -0.913043
v 0.052314 -0.078057 -0.907316
v -0.074895 -0.042744 0.773149
v -0.345486 -0.056851 0.717414
v -0.345486 -0.051963 0.717415
v 0.052314 -0.080282 -0.924422
v 0.358230 -0.163504 -0.958024
v 0.358230 -0.166347 -0.959629
v -0.027723 -0.164349 -0.979933
v -0.323868 -0.168748 -0.951236
v -0.323868 -0.173635 -0.951237
v 0.358230 -0.163504 -0.958024
v 0.052314 -0.077496 -0.913043
v 0.358230 -0.160718 -0.946645
v 0.003118 -0.168899 0.735585
v -0.323868 -0.172761 -0.978151
v -0.027723 -0.095435 -1.007887
v 0.099303 -0.062982 0.539001
v 0.081132 -0.050433 0.803990
v 0.351560 -0.059653 0.747466
v 0.351560 -0.054407 0.750822
v -0.092677 -0.232338 0.707384
v -0.120063 -0.232114 0.611796
v -0.121798 -0.231377 0.536977
v -0.323868 -0.096318 -0.921687
v -0.323868 -0.101564 -0.925042
v -0.057027 -0.155524 -0.800306
v 0.358230 -0.176438 -0.924483
v 0.285194 -0.187499 -0.985989
v 0.093452 -0.180626 -0.985792
v 0.095984 -0.236383 -0.760055
v 0.190142 -0.231377 0.536977
v 0.134611 -0.232114 0.611796
v 0.103615 -0.232345 0.707384
v 0.052314 -0.080282 -0.924422
v 0.358230 -0.166347 -0.959629
v 0.052314 -0.083124 -0.926027
v 0.003118 -0.171702 0.765637
v 0.101865 -0.235009 0.700939
v 0.099373 -0.226507 0.892448
v 0.168180 -0.121966 0.891470
v -0.079376 -0.226507 0.892448
v -0.080331 -0.226507 0.892448
v -0.097268 -0.235009 0.700939
v 0.351560 -0.051963 0.717415
v 0.099303 -0.062109 0.566955
v 0.099303 -0.066996 0.566955
v 0.344262 -0.243061 -0.760476
v 0.303354 -0.242935 -0.760420
v 0.266242 -0.242451 -0.987089
v 0.081132 -0.039941 0.803990
v -0.027723 -0.156846 -0.988629
v -0.323868 -0.166753 -0.969508
v -0.323868 -0.166132 -0.958891
v 0.329942 -0.091879 -0.973365
v 0.329942 -0.094747 -0.982006
v 0.033958 -0.092567 -0.999245
v -0.046078 -0.081704 -0.905045
v 0.379847 -0.168404 0.693626
v 0.351560 -0.165536 0.699143
v 0.379847 -0.165536 0.702268
v 0.061971 0.008213 0.221974
v -0.046078 -0.080282 -0.924422
v -0.046078 -0.083124 -0.926027
v -0.352156 -0.166347 -0.959629
v 0.358230 -0.164023 -0.929660
v 0.329942 -0.164023 -0.926362
v 0.329942 -0.165946 -0.921185
v -0.345486 -0.175219 0.747466
v -0.373773 -0.175219 0.744168
v -0.345486 -0.177142 0.742290
v -0.323868 -0.175629 -0.969508
v -0.352156 -0.176251 -0.955766
v -0.352156 -0.175629 -0.966383
v 0.094982 -0.184950 -0.985602
v 0.285194 -0.187499 -0.985989
v 0.279420 -0.192142 -0.985658
v -0.373773 -0.055977 0.693626
v -0.027723 -0.156846 -0.988629
v -0.323868 -0.166132 -0.958891
v -0.027723 -0.159462 -0.979933
v 0.329942 -0.164023 -0.926362
v 0.063305 -0.207254 -0.786999
v 0.063305 -0.209176 -0.781823
v -0.345486 -0.059467 0.709760
v -0.373773 -0.056851 0.720540
v -0.373773 -0.059467 0.712885
v 0.329942 -0.093874 -0.955093
v 0.063263 -0.147835 -0.830356
v 0.063263 -0.143110 -0.805481
v 0.351560 -0.175033 0.709760
v -0.323868 -0.096318 -0.921687
v -0.057027 -0.155524 -0.800306
v -0.057027 -0.150279 -0.796950
v 0.351560 -0.174412 0.699143
v 0.379847 -0.162806 0.738992
v 0.351560 -0.162806 0.742290
v 0.351560 -0.164728 0.747466
v 0.078763 0.266959 -0.234446
v -0.068673 0.274689 -0.313176
v 0.078231 0.274953 -0.311833
v -0.345486 -0.061574 0.742290
v -0.373773 -0.061574 0.738992
v -0.345486 -0.056851 0.717414
v -0.323868 -0.091072 -0.925042
v 0.329942 -0.103485 -0.930219
v 0.063263 -0.157446 -0.805481
v 0.063263 -0.152722 -0.830356
v 0.379847 -0.167531 0.720540
v 0.351560 -0.162806 0.742290
v 0.379847 -0.162806 0.738992
v 0.346157 -0.236518 -0.760487
v 0.271940 -0.236901 -0.987296
v 0.310149 -0.236384 -0.760111
v 0.310149 -0.236384 -0.760111
v 0.285194 -0.187499 -0.985989
v 0.095984 -0.236383 -0.760055
v -0.345486 -0.056851 0.717414
v -0.265704 -0.236901 -0.987296
v -0.303912 -0.236384 -0.760111
v -0.278957 -0.187499 -0.985989
v -0.345486 -0.052836 0.690502
v -0.099311 -0.062982 0.539001
v -0.345486 -0.055977 0.690502
v 0.329942 -0.165946 -0.921185
v 0.329942 -0.171192 -0.917830
v 0.358230 -0.165946 -0.924483
v 0.189295 -0.231377 0.536977
v 0.135703 -0.231377 0.536977
v 0.134611 -0.232114 0.611796
v -0.046078 -0.077496 -0.913043
v -0.352156 -0.163504 -0.958024
v -0.352156 -0.160719 -0.946645
v -0.103627 -0.154999 0.547642
v -0.345486 -0.165536 0.699143
v -0.103627 -0.154377 0.558259
v 0.351560 -0.164728 0.747466
v -0.323868 -0.164023 -0.926362
v -0.352156 -0.168748 -0.948112
v -0.352156 -0.164023 -0.929660
v -0.345486 -0.165536 0.699143
v -0.373773 -0.168404 0.693626
v -0.373773 -0.165536 0.702268
v 0.003118 -0.166456 0.768992
v -0.345486 -0.169974 0.750822
v 0.003118 -0.171702 0.765637
v -0.373773 -0.164728 0.744168
v -0.345486 -0.169974 0.750822
v -0.345486 -0.164728 0.747466
v -0.074895 -0.050433 0.803199
v -0.345486 -0.059653 0.747466
v -0.074895 -0.052355 0.798024
v -0.345486 -0.175219 0.747466
v -0.345486 -0.167531 0.717415
v -0.373773 -0.167531 0.720540
v -0.345486 -0.162806 0.742290
v -0.323868 -0.091072 -0.925042
v -0.057027 -0.150279 -0.796950
v -0.057027 -0.145033 -0.800306
v -0.099311 -0.059492 0.558259
v -0.345486 -0.049968 0.699143
v -0.345486 -0.049347 0.709760
v 0.033958 -0.160336 -1.007887
v 0.271940 -0.236901 -0.987296
v 0.285194 -0.187499 -0.985989
v 0.310149 -0.236384 -0.760111
v -0.373773 -0.175219 0.744168
v 0.351560 -0.164914 0.709760
v 0.094988 -0.156993 0.566955
v 0.351560 -0.167531 0.717415
v -0.074894 0.006319 0.741350
v -0.345486 -0.168404 0.690502
v 0.379847 -0.059653 0.744168
v 0.351560 -0.059653 0.747466
v 0.351560 -0.061574 0.742290
v 0.379847 -0.167531 0.720540
v 0.351560 -0.167531 0.717415
v 0.351560 -0.162806 0.742290
v 0.379847 -0.061574 0.738992
v 0.351560 -0.061574 0.742290
v 0.351560 -0.056851 0.717415
v 0.351560 -0.058845 0.699143
v 0.099303 -0.066123 0.539001
v 0.351560 -0.055977 0.690502
v -0.323868 -0.171192 -0.917830
v -0.323868 -0.176438 -0.921185
v -0.057069 -0.219667 -0.781823
v 0.379847 -0.172417 0.720540
v 0.351560 -0.175033 0.709760
v 0.379847 -0.175033 0.712885
v -0.103627 -0.163875 0.547642
v -0.345486 -0.175033 0.709760
v -0.345486 -0.174412 0.699143
v -0.196521 -0.130860 0.700594
v -0.097268 -0.235009 0.700939
v -0.080331 -0.226507 0.892448
v 0.329942 -0.169621 -0.978151
v 0.358230 -0.172761 -0.975026
v 0.329942 -0.172761 -0.978151
v -0.057027 -0.143110 -0.805481
v -0.323868 -0.089149 -0.930219
v -0.057027 -0.145033 -0.800306
v -0.099311 -0.060114 0.547642
v -0.345486 -0.052836 0.690502
v -0.345486 -0.049968 0.699143
v 0.351560 -0.175219 0.747466
v -0.099311 -0.060114 0.547642
v -0.345486 -0.049968 0.699143
v -0.099311 -0.059492 0.558259
v -0.345486 -0.056851 0.717414
v 0.081132 -0.001534 0.735622
v 0.358230 -0.100755 -0.970239
v 0.329942 -0.097887 -0.982006
v 0.358230 -0.097887 -0.978882
v 0.003118 -0.168899 0.735585
v 0.105467 -0.235009 0.706971
v 0.091969 -0.226507 0.892448
v 0.099373 -0.226507 0.892448
v 0.358230 -0.160718 -0.946645
v 0.052314 -0.078057 -0.907316
v 0.358230 -0.161279 -0.940918
v -0.027723 -0.098575 -1.007887
v -0.092062 -0.235009 0.700939
v -0.094365 -0.235009 0.706972
v -0.097268 -0.235009 0.700939
v -0.196521 -0.130860 0.700594
v -0.092062 -0.235009 0.700939
v -0.097268 -0.235009 0.700939
v -0.120063 -0.232114 0.611796
v -0.180848 -0.231377 0.536977
v -0.178265 -0.231377 0.536977
v 0.329942 -0.176251 -0.958891
v 0.033958 -0.166344 -0.999245
v 0.329942 -0.175629 -0.969508
v 0.358230 -0.176251 -0.955766
v 0.329942 -0.176251 -0.958891
v 0.329942 -0.175629 -0.969508
v 0.358230 -0.173635 -0.948112
v 0.329942 -0.176251 -0.958891
v 0.358230 -0.176251 -0.955766
v 0.379847 -0.167354 0.727733
v 0.081132 -0.000974 0.741350
v 0.081132 -0.001534 0.735622
v 0.379847 -0.167915 0.722006
v -0.352156 -0.094747 -0.978882
v -0.323868 -0.173635 -0.951237
v -0.352156 -0.178359 -0.929660
v -0.352156 -0.173635 -0.948112
v 0.160033 -0.242642 -0.987089
v 0.162494 -0.189655 -0.985658
v 0.207635 -0.242935 -0.759002
v 0.379847 -0.159500 0.722006
v 0.081132 0.006319 0.741350
v 0.379847 -0.160062 0.727733
v 0.094988 -0.156993 0.566955
v 0.094988 -0.161880 0.566955
v 0.351560 -0.167531 0.717415
v -0.087216 -0.180626 -0.985792
v -0.088746 -0.184950 -0.985602
v -0.278957 -0.187499 -0.985989
v 0.351560 -0.059653 0.747466
v 0.081132 -0.050433 0.803990
v 0.081132 -0.052355 0.798813
v -0.027723 -0.091946 -0.988629
v -0.323868 -0.091879 -0.973365
v -0.323868 -0.091258 -0.962748
v -0.345486 -0.164914 0.709760
v -0.345486 -0.172417 0.717415
v 0.003118 -0.159288 0.760460
v -0.345486 -0.167531 0.717415
v -0.345486 -0.162806 0.742290
v 0.199153 -0.131028 0.700594
v 0.107073 -0.235009 0.700939
v 0.101865 -0.235009 0.700939
v 0.329942 -0.091258 -0.962748
v 0.033958 -0.094562 -0.979933
v 0.329942 -0.093874 -0.955093
v 0.329942 -0.098761 -0.955093
v 0.351560 -0.167531 0.717415
v 0.003118 -0.164012 0.735585
v 0.003118 -0.159288 0.760460
v 0.329942 -0.166132 -0.958891
v 0.033958 -0.159463 -0.979933
v 0.329942 -0.168748 -0.951237
v -0.345486 -0.172417 0.717415
v -0.373773 -0.177142 0.738992
v -0.373773 -0.172417 0.720540
v 0.003118 -0.164012 0.735585
v 0.358230 -0.165946 -0.924483
v -0.345486 -0.172417 0.717415
v -0.373773 -0.172417 0.720540
v -0.345486 -0.175033 0.709760
v -0.057027 -0.143110 -0.805481
v -0.057027 -0.147835 -0.830356
v -0.323868 -0.093874 -0.955093
v 0.351560 -0.172417 0.717415
v 0.094988 -0.164496 0.558259
v 0.351560 -0.175033 0.709760
v -0.068673 0.279408 -0.225316
v 0.379847 -0.167531 0.720540
v 0.379847 -0.052836 0.693626
v 0.351560 -0.052836 0.690502
v 0.351560 -0.049968 0.699143
v 0.329942 -0.098761 -0.955093
v 0.033958 -0.099449 -0.979933
v 0.033958 -0.102065 -0.988629
v -0.352156 -0.171192 -0.921128
v -0.323868 -0.176438 -0.921185
v -0.323868 -0.171192 -0.917830
v -0.345486 -0.164728 0.747466
v -0.345486 -0.169974 0.750822
v 0.003118 -0.166456 0.768992
v 0.351560 -0.165536 0.699143
v -0.373773 -0.164728 0.744168
v -0.352156 -0.176438 -0.924483
v 0.329942 -0.168748 -0.951237
v 0.329942 -0.173635 -0.951237
v 0.063305 -0.211978 -0.811873
v 0.216162 -0.180945 0.536092
v 0.159082 -0.163337 0.612639
v 0.134611 -0.232114 0.611796
v -0.151145 -0.189655 -0.985658
v -0.148683 -0.242642 -0.987089
v -0.153796 -0.242642 -0.987089
v 0.192302 -0.231377 0.536977
v -0.323868 -0.164023 -0.926362
v -0.352156 -0.164023 -0.929660
v -0.323868 -0.165946 -0.921185
v 0.358230 -0.094747 -0.978882
v 0.358230 -0.097887 -0.978882
v 0.329942 -0.094747 -0.982006
v -0.074895 -0.047631 0.773149
v 0.351560 -0.052836 0.690502
v 0.063263 -0.145033 -0.800306
v 0.358230 -0.096318 -0.924984
v -0.079376 -0.226507 0.892448
v -0.097268 -0.235009 0.700939
v -0.094365 -0.235009 0.706972
v -0.323868 -0.103485 -0.930219
v -0.352156 -0.101564 -0.928340
v -0.352156 -0.103485 -0.933515
v -0.323868 -0.101564 -0.925042
v -0.027723 -0.101444 -0.999245
v -0.323868 -0.101377 -0.962748
v -0.323868 -0.100755 -0.973365
v 0.216162 -0.180945 0.536092
v 0.213155 -0.180945 0.536092
v 0.159082 -0.163337 0.612639
v 0.351560 -0.059467 0.709760
v 0.099303 -0.068991 0.547642
v 0.351560 -0.058845 0.699143
v 0.351560 -0.059467 0.709760
v 0.099303 -0.069612 0.558259
v 0.099303 -0.068991 0.547642
v -0.323868 -0.098761 -0.955093
v -0.352156 -0.098761 -0.951968
v -0.323868 -0.101377 -0.962748
v -0.323868 -0.098761 -0.955093
v -0.352156 -0.103485 -0.933515
v -0.352156 -0.098761 -0.951968
v -0.027723 -0.099449 -0.979933
v -0.323868 -0.098761 -0.955093
v -0.027723 -0.102065 -0.988629
v 0.329942 -0.098761 -0.955093
v 0.033958 -0.102065 -0.988629
v 0.329942 -0.101377 -0.962748
v -0.345486 -0.171544 0.690502
v -0.088746 -0.184950 -0.985602
v -0.273183 -0.192142 -0.985658
v -0.278957 -0.187499 -0.985989
v 0.033958 -0.092567 -0.999245
v -0.323868 -0.172761 -0.978151
v 0.358230 -0.166753 -0.966383
v 0.329942 -0.166132 -0.958891
v 0.358230 -0.166132 -0.955766
v -0.323868 -0.089149 -0.930219
v -0.352156 -0.089149 -0.933515
v -0.323868 -0.091072 -0.925042
v -0.265704 -0.236901 -0.987296
v -0.339921 -0.236518 -0.760487
v -0.303912 -0.236384 -0.760111
v 0.033958 -0.095435 -1.007887
v -0.323868 -0.101377 -0.962748
v -0.352156 -0.101377 -0.959624
v -0.323868 -0.100755 -0.973365
v 0.329942 -0.165946 -0.921185
v 0.063305 -0.209176 -0.781823
v 0.063305 -0.214422 -0.778467
v 0.351560 -0.175219 0.747466
v 0.003118 -0.173624 0.760460
v 0.351560 -0.177142 0.742290
v -0.210402 -0.180945 0.536092
v -0.180848 -0.231377 0.536977
v -0.150320 -0.163337 0.612639
v 0.358230 -0.089149 -0.933515
v 0.329942 -0.091072 -0.925042
v 0.358230 -0.091072 -0.928340
v -0.352156 -0.178359 -0.929660
v 0.329942 -0.089149 -0.930219
v -0.337655 -0.241789 -0.987083
v -0.338026 -0.243061 -0.760476
v -0.339921 -0.236518 -0.760487
v -0.323868 -0.171192 -0.917830
v -0.057069 -0.219667 -0.781823
v -0.057069 -0.214422 -0.778467
v 0.052314 -0.080282 -0.924422
v 0.329942 -0.176438 -0.921185
v 0.063305 -0.221590 -0.786999
v 0.329942 -0.178359 -0.926362
v 0.329942 -0.101564 -0.925042
v 0.063263 -0.157446 -0.805481
v 0.329942 -0.103485 -0.930219
v -0.345486 -0.059653 0.747466
v 0.190142 -0.231377 0.536977
v 0.189295 -0.231377 0.536977
v 0.351560 -0.168404 0.690502
v 0.379847 -0.171544 0.693626
v 0.351560 -0.171544 0.690502
v -0.023030 -0.016154 0.217517
v 0.379847 -0.054407 0.747524
v 0.159082 -0.196405 0.611595
v 0.131456 -0.197004 0.707584
v 0.103615 -0.232345 0.707384
v -0.345486 -0.059467 0.709760
v -0.207396 -0.180945 0.536092
v -0.120063 -0.232114 0.611796
v -0.178265 -0.231377 0.536977
v -0.323868 -0.165946 -0.921185
v -0.323868 -0.171192 -0.917830
v -0.057069 -0.214422 -0.778467
v -0.099311 -0.068991 0.547642
v -0.345486 -0.059467 0.709760
v -0.345486 -0.058845 0.699143
v -0.352156 -0.097887 -0.978882
v -0.099311 -0.069612 0.558259
v -0.099311 -0.068991 0.547642
v -0.046078 -0.077496 -0.913043
v -0.352156 -0.160719 -0.946645
v -0.046078 -0.078057 -0.907316
v -0.207396 -0.180945 0.536092
v -0.150320 -0.163337 0.612639
v -0.120063 -0.232114 0.611796
v -0.099311 -0.062982 0.539001
v -0.046078 -0.078057 -0.907316
v -0.352156 -0.160719 -0.946645
v -0.352156 -0.161279 -0.940918
v 0.358230 -0.094747 -0.978882
v 0.329942 -0.094747 -0.982006
v 0.329942 -0.091879 -0.973365
v -0.345486 -0.052836 0.690502
v -0.345486 -0.055977 0.690502
v -0.373773 -0.055977 0.693626
v 0.099303 -0.068991 0.547642
v -0.373773 -0.052836 0.693626
v 0.343893 -0.241789 -0.987083
v 0.346157 -0.236518 -0.760487
v 0.344262 -0.243061 -0.760476
v 0.358230 -0.091879 -0.970239
v -0.099311 -0.069612 0.558259
v -0.345486 -0.056851 0.717414
v -0.345486 -0.059467 0.709760
v 0.379847 -0.168404 0.693626
v 0.358230 -0.178359 -0.929660
v 0.329942 -0.173635 -0.951237
v 0.358230 -0.173635 -0.948112
v 0.093452 -0.180626 -0.985792
v 0.285194 -0.187499 -0.985989
v 0.094982 -0.184950 -0.985602
v 0.358230 -0.093874 -0.951968
v 0.329942 -0.089149 -0.930219
v 0.358230 -0.089149 -0.933515
v 0.078231 0.274953 -0.311833
v -0.068673 0.274689 -0.313176
v -0.068673 0.288214 -0.244423
v 0.351560 -0.054407 0.750822
v 0.351560 -0.059653 0.747466
v 0.379847 -0.054407 0.747524
v -0.120063 -0.232114 0.611796
v -0.092677 -0.232338 0.707384
v -0.123201 -0.197004 0.707585
v 0.358230 -0.168748 -0.948112
v 0.154919 -0.242642 -0.987089
v 0.081132 0.004094 0.724243
v 0.379847 -0.162287 0.710627
v 0.379847 -0.165128 0.709022
v 0.344262 -0.243061 -0.760476
v 0.266242 -0.242451 -0.987089
v 0.343893 -0.241789 -0.987083
v 0.329942 -0.091258 -0.962748
v 0.033958 -0.091946 -0.988629
v 0.033958 -0.094562 -0.979933
v 0.379847 -0.059653 0.744168
v -0.071212 -0.226507 0.892448
v -0.092062 -0.235009 0.700939
v -0.323868 -0.166132 -0.958891
v -0.352156 -0.166753 -0.966383
v -0.352156 -0.166132 -0.955766
v -0.345486 -0.174412 0.699143
v -0.373773 -0.175033 0.712885
v -0.373773 -0.174412 0.702268
v -0.027723 -0.094562 -0.979933
v -0.323868 -0.091258 -0.962748
v -0.323868 -0.093874 -0.955093
v 0.351560 -0.162806 0.742290
v 0.199153 -0.131028 0.700594
v 0.168180 -0.121966 0.891470
v 0.083584 -0.226507 0.892448
v 0.329942 -0.166753 -0.969508
v 0.033958 -0.157468 -0.999245
v 0.033958 -0.156846 -0.988629
v -0.345486 -0.165536 0.699143
v -0.373773 -0.165536 0.702268
v -0.345486 -0.164914 0.709760
v 0.351560 -0.056851 0.717415
v 0.099303 -0.066996 0.566955
v 0.099303 -0.069612 0.558259
v -0.046078 -0.080282 -0.924422
v -0.345486 -0.171544 0.690502
v -0.373773 -0.174412 0.702268
v -0.373773 -0.171544 0.693626
v -0.092062 -0.235009 0.700939
v -0.155716 -0.121966 0.891470
v -0.071212 -0.226507 0.892448
v 0.351560 -0.049347 0.709760
v 0.099303 -0.059492 0.558259
v 0.099303 -0.062109 0.566955
v 0.379847 -0.162287 0.710627
v 0.081132 0.004094 0.724243
v 0.081132 0.006880 0.735622
v -0.103627 -0.164496 0.558259
v -0.345486 -0.172417 0.717415
v -0.345486 -0.175033 0.709760
v -0.057027 -0.145033 -0.800306
v -0.323868 -0.089149 -0.930219
v -0.323868 -0.091072 -0.925042
v 0.351560 -0.061574 0.742290
v 0.081132 -0.052355 0.798813
v 0.081132 -0.047631 0.773938
v -0.323868 -0.169621 -0.978151
v 0.033958 -0.164349 -0.979933
v 0.329942 -0.173635 -0.951237
v 0.329942 -0.168748 -0.951237
v 0.329942 -0.166753 -0.969508
v 0.033958 -0.156846 -0.988629
v 0.329942 -0.166132 -0.958891
v -0.323868 -0.089149 -0.930219
v -0.352156 -0.091258 -0.959624
v -0.103627 -0.164496 0.558259
v 0.329942 -0.101564 -0.925042
v -0.352156 -0.091879 -0.970239
v -0.352156 -0.101564 -0.928340
v -0.345486 -0.174412 0.699143
v -0.352156 -0.101377 -0.959624
v -0.345486 -0.175033 0.709760
v 0.329942 -0.101564 -0.925042
v 0.063263 -0.155524 -0.800306
v 0.063263 -0.157446 -0.805481
v 0.351560 -0.056851 0.717415
v -0.373773 -0.175033 0.712885
v 0.003118 -0.171702 0.765637
v 0.351560 -0.175219 0.747466
v 0.303354 -0.242935 -0.760420
v 0.094982 -0.184950 -0.985602
v 0.279420 -0.192142 -0.985658
v 0.081132 0.006880 0.735622
v 0.329942 -0.171192 -0.917830
v 0.063305 -0.214422 -0.778467
v 0.063305 -0.219667 -0.781823
v -0.352156 -0.100755 -0.970239
v 0.329942 -0.171192 -0.917830
v 0.063305 -0.219667 -0.781823
v 0.329942 -0.176438 -0.921185
v 0.135703 -0.231377 0.536977
v 0.103615 -0.232345 0.707384
v 0.134611 -0.232114 0.611796
v -0.074894 0.006319 0.741350
v -0.373773 -0.159500 0.722006
v -0.373773 -0.160062 0.727734
v -0.074894 0.004094 0.724243
v -0.074894 0.001252 0.722639
v -0.373773 -0.165129 0.709022
v -0.103627 -0.161880 0.566955
v -0.345486 -0.172417 0.717415
v -0.103627 -0.164496 0.558259
v -0.345486 -0.177142 0.742290
v -0.373773 -0.177142 0.738992
v -0.345486 -0.172417 0.717415
v 0.358230 -0.101564 -0.928340
v 0.329942 -0.103485 -0.930219
v 0.358230 -0.103485 -0.933515
v 0.379847 -0.051963 0.720540
v 0.351560 -0.051963 0.717415
v 0.351560 -0.047239 0.742290
v 0.033958 -0.159463 -0.979933
v 0.081132 0.001252 0.722639
v 0.159082 -0.196405 0.611595
v 0.134611 -0.232114 0.611796
v 0.131456 -0.197004 0.707584
v 0.134611 -0.232114 0.611796
v 0.103615 -0.232345 0.707384
v 0.131456 -0.197004 0.707584
v 0.329942 -0.093874 -0.955093
v 0.033958 -0.095435 -1.007887
v 0.329942 -0.097887 -0.982006
v 0.033958 -0.098575 -1.007887
v 0.329942 -0.089149 -0.930219
v -0.373773 -0.167915 0.722006
v -0.323868 -0.098761 -0.955093
v -0.057027 -0.147835 -0.830356
v -0.057027 -0.152722 -0.830356
v 0.351560 -0.172417 0.717415
v 0.379847 -0.061574 0.738992
v -0.068673 0.274689 -0.313176
v -0.068673 0.279408 -0.225316
v -0.068673 0.288214 -0.244423
v 0.329942 -0.103485 -0.930219
v 0.063263 -0.152722 -0.830356
v 0.329942 -0.098761 -0.955093
v 0.063305 -0.216865 -0.811873
v 0.351560 -0.049968 0.699143
v 0.099303 -0.060114 0.547642
v 0.099303 -0.059492 0.558259
v -0.323868 -0.093874 -0.955093
v -0.074894 0.006880 0.735622
v -0.373773 -0.162287 0.710627
v 0.107073 -0.235009 0.700939
v 0.091969 -0.226507 0.892448
v 0.105467 -0.235009 0.706971
v 0.351560 -0.051963 0.717415
v 0.099303 -0.066996 0.566955
v 0.351560 -0.056851 0.717415
v -0.087048 -0.236383 -0.760055
v -0.278957 -0.187499 -0.985989
v -0.303912 -0.236384 -0.760111
v 0.081132 -0.045187 0.807345
v -0.352156 -0.122421 -0.947712
v 0.358230 -0.129715 -0.943501
v 0.358230 -0.122421 -0.947712
v -0.345486 -0.168404 0.690502
v -0.373773 -0.171544 0.693626
v -0.373773 -0.168404 0.693626
v 0.351560 -0.049347 0.709760
v 0.099303 -0.062109 0.566955
v 0.351560 -0.051963 0.717415
v 0.351560 -0.049347 0.709760
v -0.103627 -0.156993 0.566955
v -0.345486 -0.164914 0.709760
v -0.345486 -0.167531 0.717415
v 0.303354 -0.242935 -0.760420
v 0.095437 -0.243241 -0.760378
v 0.094982 -0.184950 -0.985602
v 0.351560 -0.051963 0.717415
v 0.081132 -0.038020 0.798813
v 0.351560 -0.047239 0.742290
v -0.345486 -0.171544 0.690502
v 0.081132 -0.042744 0.773938
v 0.379847 -0.167354 0.727733
v -0.027723 -0.092567 -0.999245
v 0.078231 0.274953 -0.311833
v -0.068673 0.288214 -0.244423
v 0.078231 0.288214 -0.244423
v -0.156257 -0.189655 -0.985658
v -0.099311 -0.066123 0.539001
v 0.351560 -0.049161 0.747466
v 0.329942 -0.166132 -0.958891
v 0.033958 -0.156846 -0.988629
v 0.033958 -0.159463 -0.979933
v 0.379847 -0.049347 0.712885
v 0.358230 -0.175629 -0.966383
v 0.329942 -0.172761 -0.978151
v 0.358230 -0.172761 -0.975026
v 0.351560 -0.172417 0.717415
v 0.094988 -0.161880 0.566955
v 0.094988 -0.164496 0.558259
v -0.027723 -0.091946 -0.988629
v -0.323868 -0.091258 -0.962748
v -0.027723 -0.094562 -0.979933
v 0.107073 -0.235009 0.700939
v 0.083584 -0.226507 0.892448
v 0.091969 -0.226507 0.892448
v 0.329942 -0.178359 -0.926362
v 0.063305 -0.216865 -0.811873
v 0.329942 -0.173635 -0.951237
v -0.323868 -0.176251 -0.958891
v -0.352156 -0.173635 -0.948112
v -0.352156 -0.176251 -0.955766
v -0.092677 -0.232338 0.707384
v -0.121798 -0.231377 0.536977
v -0.178265 -0.231377 0.536977
v -0.046078 -0.083124 -0.926027
v -0.352156 -0.169132 -0.946645
v -0.352156 -0.166347 -0.959629
v -0.046078 -0.085910 -0.913043
v -0.352156 -0.169132 -0.946645
v -0.046078 -0.083124 -0.926027
v -0.373773 -0.177142 0.738992
v 0.329942 -0.164023 -0.926362
v -0.153796 -0.242642 -0.987089
v -0.225722 -0.242935 -0.760420
v -0.156257 -0.189655 -0.985658
v 0.345787 -0.236901 -0.987083
v 0.343893 -0.241789 -0.987083
v 0.271940 -0.236901 -0.987296
v -0.323868 -0.173635 -0.951237
v 0.063305 -0.221590 -0.786999
v 0.358230 -0.171192 -0.921128
v -0.074894 0.002673 0.743620
v -0.373773 -0.163708 0.730003
v -0.074894 -0.000974 0.741350
v -0.323868 -0.176251 -0.958891
v -0.352156 -0.176251 -0.955766
v -0.323868 -0.175629 -0.969508
v 0.351560 -0.165536 0.699143
v 0.094988 -0.154999 0.547642
v 0.094988 -0.154377 0.558259
v 0.107073 -0.235009 0.700939
v 0.105467 -0.235009 0.706971
v 0.101865 -0.235009 0.700939
v -0.074895 -0.052355 0.798024
v -0.345486 -0.061574 0.742290
v -0.074895 -0.047631 0.773149
v -0.345486 -0.061574 0.742290
v -0.057027 -0.152722 -0.830356
v -0.323868 -0.103485 -0.930219
v -0.323868 -0.098761 -0.955093
v -0.323868 -0.103485 -0.930219
v -0.352156 -0.103485 -0.933515
v -0.323868 -0.098761 -0.955093
v 0.329942 -0.097887 -0.982006
v -0.046078 -0.085910 -0.913043
v -0.352156 -0.168572 -0.940918
v -0.352156 -0.169132 -0.946645
v 0.329942 -0.175629 -0.969508
v 0.329942 -0.175629 -0.969508
v 0.033958 -0.163476 -1.007887
v 0.329942 -0.172761 -0.978151
v 0.033958 -0.166344 -0.999245
v -0.352156 -0.091072 -0.928340
v -0.057027 -0.157446 -0.805481
v 0.285194 -0.187499 -0.985989
v 0.271940 -0.236901 -0.987296
v 0.266242 -0.242451 -0.987089
v 0.329942 -0.094747 -0.982006
v 0.351560 -0.174412 0.699143
v 0.351560 -0.061574 0.742290
v -0.278957 -0.187499 -0.985989
v -0.260005 -0.242451 -0.987089
v -0.265704 -0.236901 -0.987296
v -0.323868 -0.168748 -0.951236
v -0.057069 -0.211978 -0.811873
v -0.323868 -0.173635 -0.951237
v 0.329942 -0.100755 -0.973365
v -0.260005 -0.242451 -0.987089
v -0.273183 -0.192142 -0.985658
v -0.297118 -0.242935 -0.760420
v 0.358230 -0.176251 -0.955766
v 0.329942 -0.175629 -0.969508
v 0.358230 -0.175629 -0.966383
v 0.358230 -0.176438 -0.924483
v 0.329942 -0.178359 -0.926362
v 0.358230 -0.178359 -0.929660
v -0.027723 -0.164349 -0.979933
v -0.323868 -0.173635 -0.951237
v -0.027723 -0.166965 -0.988629
v 0.329942 -0.176251 -0.958891
v 0.033958 -0.166965 -0.988629
v 0.033958 -0.166344 -0.999245
v -0.057027 -0.157446 -0.805481
v -0.323868 -0.101564 -0.925042
v -0.323868 -0.103485 -0.930219
v -0.121798 -0.231377 0.536977
v -0.027723 -0.098575 -1.007887
v -0.323868 -0.100755 -0.973365
v -0.323868 -0.097887 -0.982006
v -0.027723 -0.101444 -0.999245
v 0.135703 -0.231377 0.536977
v 0.190142 -0.231377 0.536977
v 0.103615 -0.232345 0.707384
v 0.189295 -0.231377 0.536977
v -0.345486 -0.049161 0.747466
v 0.379847 -0.159500 0.722006
v 0.329942 -0.176438 -0.921185
v 0.003118 -0.161210 0.765637
v -0.373773 -0.167354 0.727734
v -0.103627 -0.154999 0.547642
v -0.345486 -0.168404 0.690502
v -0.345486 -0.165536 0.699143
v -0.103627 -0.154377 0.558259
v -0.345486 -0.165536 0.699143
v -0.345486 -0.164914 0.709760
v 0.351560 -0.168404 0.690502
v -0.373773 -0.164914 0.712885
v 0.379847 -0.164728 0.744168
v -0.087048 -0.236383 -0.760055
v -0.087216 -0.180626 -0.985792
v -0.278957 -0.187499 -0.985989
v 0.033958 -0.101444 -0.999245
v 0.329942 -0.101564 -0.925042
v 0.351560 -0.056851 0.717415
v 0.099303 -0.069612 0.558259
v 0.351560 -0.059467 0.709760
v -0.323868 -0.173635 -0.951237
v -0.057069 -0.211978 -0.811873
v -0.057069 -0.216865 -0.811873
v -0.057069 -0.221590 -0.786999
v -0.323868 -0.176438 -0.921185
v -0.323868 -0.178359 -0.926362
v -0.373773 -0.169974 0.747524
v 0.081132 -0.042744 0.773938
v 0.351560 -0.051963 0.717415
v 0.351560 -0.056851 0.717415
v -0.027723 -0.102065 -0.988629
v 0.081132 -0.047631 0.773938
v 0.213155 -0.180945 0.536092
v 0.189295 -0.231377 0.536977
v 0.159082 -0.163337 0.612639
v 0.329942 -0.091072 -0.925042
v 0.358230 -0.173635 -0.948112
v 0.329942 -0.173635 -0.951237
v 0.329942 -0.176251 -0.958891
v 0.329942 -0.173635 -0.951237
v 0.033958 -0.164349 -0.979933
v 0.033958 -0.166965 -0.988629
v -0.103627 -0.157867 0.539001
v -0.103627 -0.161007 0.539001
v -0.345486 -0.171544 0.690502
v 0.033958 -0.094562 -0.979933
v 0.351560 -0.172417 0.717415
v -0.352156 -0.165946 -0.924483
v -0.352156 -0.129715 -0.943501
v -0.103627 -0.157867 0.539001
v 0.379847 -0.177142 0.738992
v 0.351560 -0.172417 0.717415
v 0.379847 -0.172417 0.720540
v 0.094988 -0.157867 0.539001
v 0.351560 -0.171544 0.690502
v 0.094988 -0.161007 0.539001
v 0.099373 -0.226507 0.892448
v 0.091969 -0.226507 0.892448
v 0.083584 -0.226507 0.892448
v 0.358230 -0.169621 -0.975026
v -0.057069 -0.219667 -0.781823
v 0.052314 -0.078057 -0.907316
v 0.052314 -0.081704 -0.905045
v 0.358230 -0.161279 -0.940918
v -0.099311 -0.066996 0.566955
v -0.345486 -0.056851 0.717414
v -0.099311 -0.069612 0.558259
v -0.345486 -0.056851 0.717414
v 0.379847 -0.049968 0.702268
v 0.105467 -0.235009 0.706971
v 0.099373 -0.226507 0.892448
v 0.101865 -0.235009 0.700939
v 0.003118 -0.161210 0.765637
v -0.068673 0.274689 -0.313176
v -0.069520 0.266959 -0.234446
v -0.068673 0.279408 -0.225316
v -0.345486 -0.168404 0.690502
v 0.379847 -0.055977 0.693626
v 0.351560 -0.168404 0.690502
v 0.052314 -0.081704 -0.905045
v 0.358230 -0.164925 -0.938648
v 0.358230 -0.161279 -0.940918
v 0.351560 -0.164914 0.709760
v 0.094988 -0.154377 0.558259
v 0.094988 -0.156993 0.566955
v -0.155716 -0.121966 0.891470
v 0.168180 -0.121966 0.891470
v -0.396645 -0.175883 0.901943
v -0.385413 -0.225837 0.902679
v -0.417570 -0.221204 0.902102
v 0.414023 -0.183036 1.049872
v 0.404754 -0.130622 0.924075
v 0.166884 -0.138349 0.934976
v -0.385438 -0.120482 0.900826
v -0.408700 -0.149860 1.051826
v -0.385413 -0.225837 0.902679
v -0.438215 -0.136553 1.190110
v -0.432860 -0.146259 1.196366
v -0.423272 -0.136553 1.190174
v 0.103721 -0.220475 1.016424
v 0.014748 -0.225634 1.016424
v 0.015447 -0.225721 1.178999
v 0.104421 -0.228729 1.193149
v 0.015447 -0.233888 1.193149
v 0.104421 -0.232350 1.187275
v 0.414023 -0.191248 1.057219
v 0.149462 -0.193676 1.049134
v 0.147665 -0.201886 1.056480
v -0.146014 -0.193676 1.049134
v -0.404459 -0.183163 1.050254
v -0.407563 -0.183036 1.050268
v -0.452596 -0.221295 0.902062
v -0.452596 -0.225455 0.902281
v -0.452291 -0.227266 1.183684
v 0.104421 -0.220561 1.178999
v 0.015447 -0.225721 1.178999
v 0.451679 -0.169486 1.059157
v 0.406183 -0.122287 0.904572
v 0.415125 -0.172297 1.059038
v -0.146014 -0.193676 1.049134
v -0.084255 -0.209364 1.056480
v -0.084255 -0.201154 1.049134
v -0.408700 -0.149860 1.051826
v 0.215830 -0.204768 1.015290
v 0.104421 -0.232350 1.187275
v -0.423249 -0.227636 1.190195
v 0.436960 -0.215364 1.187519
v 0.216530 -0.218193 1.192966
v 0.216530 -0.220242 1.187154
v 0.447156 -0.215489 1.189629
v 0.437103 -0.225258 1.196726
v 0.458256 -0.224130 1.184429
v 0.216530 -0.218193 1.192966
v 0.460897 -0.124759 0.903850
v 0.460561 -0.122155 0.904285
v 0.451383 -0.172286 1.059183
v 0.216530 -0.207758 1.178591
v 0.430029 -0.136553 1.189863
v 0.429888 -0.227636 1.189790
v 0.437126 -0.146259 1.196054
v 0.436960 -0.203355 1.178719
v 0.403283 -0.200366 1.017558
v 0.215830 -0.204768 1.015290
v -0.100972 -0.228729 1.193149
v -0.213082 -0.218193 1.192966
v -0.100972 -0.232350 1.187275
v -0.012000 -0.237509 1.187275
v 0.104421 -0.220561 1.178999
v -0.385413 -0.225837 0.902679
v -0.432838 -0.225258 1.197037
v 0.460561 -0.122155 0.904285
v -0.417570 -0.221204 0.902102
v 0.216530 -0.207758 1.178591
v -0.013169 -0.208810 1.049134
v -0.093797 -0.176434 0.954962
v -0.084255 -0.201154 1.049134
v 0.015447 -0.237509 1.187275
v -0.012000 -0.233888 1.193149
v -0.012000 -0.237509 1.187275
v 0.097246 -0.176434 0.954962
v 0.016561 -0.196851 0.985532
v 0.016616 -0.208810 1.049134
v -0.013169 -0.208810 1.049134
v 0.016616 -0.217021 1.056480
v 0.016616 -0.208810 1.049134
v -0.015876 -0.196851 0.985532
v 0.460345 -0.221295 0.902458
v 0.459474 -0.227266 1.183684
v 0.460345 -0.225455 0.902677
v -0.015876 -0.196851 0.985532
v 0.149462 -0.193676 1.049134
v 0.087703 -0.201154 1.049134
v 0.147665 -0.201886 1.056480
v -0.012000 -0.233888 1.193149
v -0.013169 -0.217021 1.056480
v 0.216530 -0.220242 1.187154
v -0.407563 -0.191248 1.057614
v -0.144216 -0.201886 1.056480
v -0.294704 -0.156406 0.975214
v -0.397571 -0.130622 0.924075
v -0.407563 -0.183036 1.050268
v 0.016561 -0.196851 0.985532
v 0.437079 -0.213552 1.189818
v 0.087703 -0.201154 1.049134
v 0.339219 -0.169510 1.015095
v 0.339786 -0.186022 1.049665
v 0.087703 -0.209364 1.056480
v -0.213082 -0.207758 1.178591
v 0.216530 -0.220242 1.187154
v 0.087703 -0.209364 1.056480
v -0.213082 -0.218193 1.192966
v -0.430796 -0.203355 1.178719
v -0.430796 -0.213552 1.190339
v 0.015447 -0.233888 1.193149
v 0.394092 -0.120482 0.901518
v 0.394067 -0.225837 0.903372
v 0.413582 -0.149860 1.051826
v 0.414023 -0.183036 1.049872
v 0.339786 -0.186022 1.049665
v -0.212383 -0.204768 1.015290
v -0.430796 -0.215364 1.187519
v -0.403796 -0.200366 1.016569
v -0.385438 -0.120482 0.900826
v -0.397377 -0.120482 0.900693
v -0.421506 -0.149342 1.051852
v 0.451679 -0.169486 1.059157
v 0.014748 -0.225634 1.016424
v -0.011300 -0.225634 1.016424
v -0.012000 -0.225721 1.178999
v 0.166884 -0.138349 0.934976
v 0.097246 -0.176434 0.954962
v -0.396850 -0.122287 0.904177
v -0.448231 -0.169486 1.059157
v -0.408903 -0.168768 1.058079
v -0.213082 -0.220242 1.187154
v 0.016616 -0.217021 1.056480
v 0.014748 -0.225634 1.016424
v -0.013169 -0.217021 1.056480
v -0.163437 -0.138349 0.934976
v -0.385413 -0.225837 0.902679
v -0.213082 -0.207758 1.178591
v 0.015447 -0.237509 1.187275
v 0.446709 -0.136553 1.189698
v 0.413582 -0.149860 1.051826
v 0.430029 -0.136553 1.189863
v 0.403283 -0.200366 1.017558
v 0.014748 -0.225634 1.016424
v 0.424954 -0.149342 1.051852
v 0.407615 -0.120482 0.901881
v 0.394092 -0.120482 0.901518
v 0.215830 -0.204768 1.015290
v 0.015447 -0.233888 1.193149
v -0.012000 -0.225721 1.178999
v -0.012000 -0.233888 1.193149
v -0.397377 -0.120482 0.900693
v -0.213082 -0.220242 1.187154
v -0.451073 -0.224130 1.184429
v -0.100273 -0.220475 1.016424
v -0.212383 -0.204768 1.015290
v -0.100972 -0.220561 1.178999
v -0.013169 -0.208810 1.049134
v -0.432838 -0.225258 1.197037
v -0.432838 -0.225258 1.197037
v 0.446709 -0.136553 1.189698
v 0.437126 -0.146259 1.196054
v 0.437103 -0.225258 1.196726
v 0.437126 -0.146259 1.196054
v 0.447156 -0.215489 1.189629
v 0.413582 -0.149860 1.051826
v 0.437103 -0.225258 1.196726
v 0.216530 -0.220242 1.187154
v 0.459474 -0.227266 1.183684
v 0.430029 -0.136553 1.189863
v 0.015447 -0.225721 1.178999
v 0.429888 -0.227636 1.189790
v -0.408700 -0.149860 1.051826
v 0.436960 -0.203355 1.178719
v -0.430796 -0.215364 1.187519
v -0.213082 -0.220242 1.187154
v -0.100273 -0.220475 1.016424
v -0.421506 -0.149342 1.051852
v 0.216530 -0.207758 1.178591
v -0.213082 -0.207758 1.178591
v -0.100972 -0.220561 1.178999
v -0.012000 -0.233888 1.193149
v -0.453148 -0.124759 0.903455
v -0.448583 -0.172286 1.058900
v -0.452812 -0.122155 0.903889
v -0.012000 -0.225721 1.178999
v -0.011300 -0.225634 1.016424
v -0.012000 -0.225721 1.178999
v -0.396850 -0.122287 0.904177
v 0.015447 -0.237509 1.187275
v -0.452812 -0.122155 0.903889
v 0.424954 -0.149342 1.051852
v -0.448231 -0.169486 1.059157
v 0.458256 -0.224130 1.184429
v -0.163437 -0.138349 0.934976
v -0.439375 -0.215489 1.189523
v -0.144216 -0.201886 1.056480
v -0.093797 -0.176434 0.954962
v 0.436960 -0.215364 1.187519
v -0.100972 -0.232350 1.187275
v -0.011300 -0.225634 1.016424
v -0.408700 -0.149860 1.051826
v -0.439375 -0.215489 1.189523
v -0.012000 -0.237509 1.187275
v -0.011300 -0.225634 1.016424
v -0.163437 -0.138349 0.934976
v -0.396645 -0.175883 0.901943
v 0.015447 -0.225721 1.178999
v 0.149462 -0.193676 1.049134
v -0.083030 -0.183565 -0.970816
v -0.084280 -0.266428 -0.970223
v 0.089520 -0.245908 -1.088085
v -0.080867 -0.246142 -1.088288
v 0.087703 -0.209364 1.056480
v 0.016616 -0.217021 1.056480
v 0.016561 -0.196851 0.985532
v 0.166884 -0.138349 0.934976
v 0.097246 -0.176434 0.954962
v -0.087756 -0.266055 -0.819841
v -0.109671 -0.239337 -0.656717
v -0.086044 -0.230102 -0.819521
v 0.404754 -0.130622 0.924075
v 0.147665 -0.201886 1.056480
v 0.092277 -0.266080 -0.970324
v 0.093988 -0.184696 -0.970914
v 0.414023 -0.191248 1.057219
v 0.018144 -0.257630 -1.009784
v 0.092322 -0.263526 -0.971281
v -0.085137 -0.263292 -0.970645
v 0.097383 -0.229870 -0.819658
v -0.013169 -0.217021 1.056480
v 0.003248 -0.136900 -1.136374
v 0.096828 -0.263861 -0.818403
v 0.096132 -0.265821 -0.819638
v -0.085701 -0.263628 -0.818221
v 0.197845 -0.247513 0.121299
v 0.005133 -0.248287 0.113587
v -0.144216 -0.201886 1.056480
v -0.397571 -0.130622 0.924075
v -0.163437 -0.138349 0.934976
v -0.192603 -0.248325 0.117487
v -0.407563 -0.191248 1.057614
v -0.093797 -0.176434 0.954962
v -0.084255 -0.209364 1.056480
v -0.015876 -0.196851 0.985532
v -0.193062 0.012182 0.116664
v -0.223025 -0.003719 0.111055
v -0.199818 -0.015100 0.149668
v -0.285319 -0.015675 0.104225
v -0.362238 -0.016507 0.073639
v -0.293092 -0.030369 0.101021
v -0.422806 -0.047880 -0.442655
v -0.428557 -0.240280 -0.294096
v -0.435587 -0.019032 -0.290724
v -0.204577 0.011199 -0.002228
v -0.219196 0.004625 -0.003364
v -0.161228 0.029287 0.303144
v -0.163487 -0.004173 0.307347
v -0.130988 0.030584 0.515886
v -0.078767 0.080477 -0.325580
v -0.070531 0.064380 -0.169413
v -0.060430 0.097321 -0.167580
v -0.339885 -0.044568 -0.544403
v -0.392483 -0.056113 -0.540012
v -0.125121 0.045695 -0.013308
v -0.169326 0.042835 -0.016640
v -0.159584 0.042430 0.131898
v -0.416169 -0.001810 -0.023185
v -0.431518 -0.009795 -0.296307
v -0.432772 -0.010343 -0.021026
v -0.147071 -0.199447 -0.924075
v -0.266278 -0.239278 -0.775017
v -0.258860 -0.087445 -0.786781
v -0.068400 0.099095 -0.323868
v -0.047023 0.147148 -0.264136
v -0.005316 0.239219 -0.282364
v -0.188013 0.003360 -0.307930
v -0.203802 0.011038 -0.159527
v -0.163152 0.077346 -0.184533
v -0.052679 0.029447 -0.620586
v -0.131882 0.068976 -0.321354
v -0.084310 0.076422 -0.331725
v -0.288097 -0.215645 0.103766
v -0.288097 -0.246776 0.098464
v -0.196748 -0.215991 0.124191
v -0.030098 0.234062 -0.195045
v -0.331581 -0.078393 -0.654401
v -0.317182 -0.068880 -0.652601
v -0.373684 -0.239444 -0.555428
v -0.203130 -0.178033 0.089474
v -0.364637 -0.214540 0.076686
v -0.364637 -0.246776 0.068630
v -0.034055 0.125733 -0.210858
v -0.034333 0.156053 -0.212697
v -0.192603 -0.248325 0.117487
v -0.284935 -0.191611 0.104212
v -0.194749 -0.200368 0.122745
v -0.119397 0.085264 -0.183905
v -0.432646 -0.238751 -0.021537
v -0.293590 -0.172725 0.101706
v -0.176759 0.040395 -0.016953
v -0.179279 0.032691 0.122044
v -0.364984 -0.026390 0.077647
v -0.403222 -0.017472 0.039288
v -0.405499 -0.021829 0.042700
v -0.105236 0.073797 -0.321924
v -0.329506 -0.239372 -0.652799
v -0.328955 -0.185355 -0.653389
v -0.130910 -0.163001 0.490901
v -0.296282 -0.062818 -0.648980
v -0.071627 0.018490 -0.617349
v -0.290236 -0.003857 0.086202
v -0.348900 -0.004198 0.058331
v -0.045443 0.118589 -0.167470
v 0.001027 0.228318 -0.358500
v 0.003283 0.130134 -0.167657
v 0.002962 0.129974 -0.199821
v -0.230897 -0.015407 0.126649
v -0.124711 0.044442 0.134786
v -0.394047 -0.004207 0.032302
v -0.119167 0.033657 0.517377
v -0.158789 0.083733 -0.184078
v -0.139497 0.044514 0.295253
v -0.102977 -0.182202 0.410298
v -0.023029 0.126654 -0.167526
v -0.406056 -0.230293 0.044161
v -0.406056 -0.246040 0.035922
v -0.058112 -0.232815 0.407092
v 0.002335 -0.232815 0.449312
v 0.003421 -0.180183 0.461871
v -0.108535 -0.026063 -0.602995
v -0.045158 0.166564 -0.193246
v 0.003374 0.119276 -0.656255
v 0.133951 -0.031784 -0.602150
v 0.085058 -0.064001 -0.886398
v 0.073797 -0.063684 -0.886871
v 0.253414 -0.087354 -0.786816
v 0.233270 -0.094703 -0.967915
v 0.162345 -0.078803 -0.785973
v 0.029265 0.126654 -0.167526
v 0.002770 0.127972 -0.160851
v 0.028088 0.123796 -0.160758
v -0.124711 0.044442 0.134786
v -0.159584 0.042430 0.131898
v -0.129670 0.044180 0.143526
v -0.192603 -0.248325 0.117487
v -0.115688 -0.265824 0.610622
v -0.196748 -0.215991 0.124191
v 0.026367 -0.075116 1.246655
v 0.026367 -0.087069 1.245362
v 0.046161 -0.086666 1.234807
v 0.197845 -0.215991 0.131437
v 0.064514 -0.233011 0.406634
v 0.124681 -0.265791 0.610616
v 0.208860 -0.195769 -0.000511
v 0.211482 -0.000027 0.001551
v 0.207141 -0.015337 0.092585
v -0.139497 0.044514 0.295253
v 0.215638 0.003167 -0.158927
v 0.206199 0.011038 -0.159616
v 0.211482 0.010177 0.001551
v -0.020131 -0.075116 1.247202
v -0.040550 -0.086666 1.234807
v -0.020131 -0.087069 1.245338
v -0.219196 0.004625 -0.003364
v -0.290236 -0.003857 0.086202
v -0.223025 -0.003719 0.111055
v -0.053342 -0.093580 1.145502
v -0.040550 -0.086666 1.234807
v -0.040709 -0.072047 1.234742
v 0.059602 -0.039308 1.145710
v 0.056446 -0.035833 1.144295
v 0.043638 -0.068657 1.234698
v -0.089170 -0.127375 0.840446
v -0.068438 -0.006064 1.017169
v -0.087935 0.021503 0.847615
v 0.029706 0.229859 -0.191799
v 0.042944 0.171163 -0.189143
v 0.048561 0.168278 -0.190454
v 0.002856 0.159534 -0.202342
v -0.036132 0.160763 -0.192675
v -0.034333 0.156053 -0.212697
v 0.003129 -0.072519 1.248764
v -0.020131 -0.075116 1.247202
v 0.003129 -0.075213 1.250000
v 0.033552 -0.084081 -1.046519
v -0.188013 0.003360 -0.307930
v -0.201292 -0.003467 -0.303576
v -0.212717 0.003167 -0.158927
v 0.140219 0.030584 0.516638
v 0.128399 0.033657 0.518129
v 0.104835 0.036427 0.708049
v -0.027316 -0.084081 -1.046519
v -0.070673 -0.078510 -0.981646
v -0.076795 -0.064001 -0.886398
v 0.003194 0.000654 -0.943589
v -0.019228 -0.028411 -0.922512
v -0.052679 0.029447 -0.620586
v 0.436374 -0.009795 -0.296307
v 0.133951 -0.031784 -0.602150
v 0.203466 -0.003467 -0.303576
v -0.071627 0.018490 -0.617349
v 0.109213 -0.182202 0.410298
v 0.093785 -0.127375 0.841864
v 0.039149 -0.143711 0.799431
v 0.004858 0.237120 -0.289866
v -0.002514 0.237699 -0.227004
v -0.002477 0.278107 -0.245416
v 0.003129 -0.075213 1.250000
v 0.332592 -0.185688 -0.653540
v 0.366513 -0.238717 -0.554782
v 0.329338 -0.238908 -0.652907
v 0.040101 0.163896 -0.190401
v 0.005484 0.278734 -0.238825
v -0.002514 0.237699 -0.227004
v 0.005446 0.238325 -0.220414
v 0.016565 -0.094598 -1.156667
v 0.004006 -0.046011 -1.049779
v 0.075175 -0.105986 1.016715
v 0.003177 -0.117990 1.017066
v 0.003202 -0.138967 0.874572
v 0.025464 -0.028411 -0.922512
v 0.051679 0.118589 -0.167470
v 0.040716 0.125733 -0.211602
v 0.029265 0.126654 -0.167526
v 0.036896 0.167975 -0.189866
v -0.021850 0.123796 -0.160758
v -0.023029 0.126654 -0.167526
v -0.045443 0.118589 -0.167470
v 0.003572 -0.088914 -1.155058
v -0.096130 0.045740 0.255206
v -0.107871 0.045103 0.241495
v -0.139497 0.044514 0.295253
v -0.081833 0.046647 0.264442
v -0.096130 0.045740 0.255206
v -0.119167 0.033657 0.517377
v 0.011170 0.278107 -0.245416
v 0.005446 0.238325 -0.220414
v 0.011133 0.237699 -0.227004
v 0.003105 -0.089562 1.238117
v -0.019472 -0.089356 1.237922
v 0.002209 -0.101669 1.145772
v 0.003421 -0.180183 0.461871
v 0.003129 -0.072519 1.248764
v 0.003108 -0.087010 1.248290
v 0.025708 -0.089356 1.237374
v 0.124063 -0.026063 -0.602500
v 0.355136 -0.004198 0.058331
v 0.226814 0.004625 -0.002156
v 0.296472 -0.003857 0.086202
v 0.004858 0.233085 -0.360246
v 0.004844 0.245198 -0.290024
v 0.008531 0.228318 -0.358500
v 0.004733 0.247666 -0.195335
v -0.012759 0.245233 -0.195335
v 0.004729 0.245333 -0.192654
v -0.011430 0.242748 -0.192714
v 0.003194 0.000654 -0.943589
v 0.003374 0.119276 -0.656255
v 0.062544 0.029447 -0.620585
v 0.347833 -0.045293 -0.544893
v 0.025072 0.245233 -0.195335
v 0.014874 0.239219 -0.282364
v 0.004844 0.245198 -0.290024
v 0.005077 0.275034 -0.301549
v 0.128399 0.033657 0.518129
v 0.102367 0.045740 0.255206
v 0.088069 0.046647 0.264442
v -0.082600 0.027315 0.847738
v -0.096567 0.036427 0.709467
v -0.104585 0.030054 0.710460
v 0.004440 0.241078 -0.191968
v -0.051044 -0.227879 1.161535
v -0.047669 -0.227879 1.169800
v -0.044258 -0.091363 1.169800
v 0.046321 -0.072047 1.234742
v -0.040709 -0.072047 1.234742
v -0.020131 -0.075116 1.247202
v -0.020209 -0.072050 1.244902
v 0.059388 -0.227879 1.161500
v 0.054717 -0.091363 1.161500
v 0.050639 -0.091363 1.169766
v 0.093135 0.021503 0.847658
v 0.070744 0.000500 1.016632
v 0.073963 -0.006064 1.016825
v 0.003283 0.049259 0.494899
v 0.003087 0.049865 0.270116
v -0.045056 0.047280 0.268633
v 0.051293 0.047280 0.268633
v 0.003087 0.049865 0.270116
v 0.003283 0.049259 0.494899
v 0.145734 0.044514 0.295862
v 0.134139 0.044180 0.144298
v 0.124125 0.044367 0.219831
v 0.067377 -0.099784 1.081108
v 0.055310 -0.227879 1.169766
v 0.050639 -0.091363 1.169766
v 0.053259 0.147178 -0.264180
v 0.042867 0.160763 -0.192675
v 0.041420 0.156053 -0.212697
v -0.030098 0.234062 -0.195045
v 0.253414 -0.087354 -0.786816
v 0.335991 -0.077844 -0.654372
v 0.332592 -0.185688 -0.653540
v 0.011133 0.237699 -0.227004
v -0.040709 -0.072047 1.234742
v -0.060829 -0.222686 1.080360
v -0.051044 -0.227879 1.161535
v -0.047633 -0.091363 1.161535
v -0.033865 0.163896 -0.190401
v -0.036132 0.160763 -0.192675
v 0.003081 0.163734 -0.190474
v 0.260566 -0.235402 -0.774971
v 0.025072 0.245233 -0.195335
v 0.023743 0.242748 -0.192714
v 0.036999 0.234062 -0.195046
v 0.128399 0.033657 0.518129
v 0.003105 -0.089562 1.238117
v 0.051395 0.166564 -0.193246
v 0.034602 0.231714 -0.192593
v 0.048561 0.168278 -0.190454
v -0.108535 -0.026063 -0.602995
v 0.005484 0.278734 -0.238825
v -0.116123 -0.031784 -0.602701
v -0.020131 -0.087069 1.245338
v 0.067377 -0.099784 1.081108
v 0.059578 -0.093580 1.145502
v -0.042324 0.168278 -0.190454
v -0.045158 0.166564 -0.193246
v -0.036132 0.160763 -0.192675
v 0.078458 0.018490 -0.616383
v -0.130910 -0.163001 0.490901
v -0.104585 0.030054 0.710460
v -0.130988 0.030584 0.515886
v 0.003374 0.119276 -0.656255
v 0.068344 -0.222686 1.081308
v -0.119167 0.033657 0.517377
v 0.003263 0.045553 0.705891
v -0.203802 0.011038 -0.159527
v 0.436374 -0.009795 -0.296307
v 0.215638 0.003167 -0.158927
v 0.422890 -0.001810 -0.023185
v -0.034055 0.125733 -0.210858
v 0.004006 -0.046011 -1.049779
v 0.003194 0.000654 -0.943589
v 0.025464 -0.028411 -0.922512
v -0.431518 -0.009795 -0.296307
v -0.069650 -0.105986 1.017059
v -0.053365 -0.039308 1.145710
v -0.068438 -0.006064 1.017169
v -0.116123 -0.031784 -0.602701
v -0.296282 -0.062818 -0.648980
v -0.339885 -0.044568 -0.544403
v -0.089170 -0.127375 0.840446
v 0.002770 0.127972 -0.160851
v 0.068344 -0.222686 1.081308
v 0.026445 -0.072050 1.244356
v -0.010871 0.238263 -0.191847
v 0.114108 0.045103 0.241495
v -0.020209 -0.072050 1.244902
v -0.005316 0.239219 -0.282364
v 0.059578 -0.093580 1.145502
v 0.025708 -0.089356 1.237374
v 0.002209 -0.101669 1.145772
v 0.051679 0.118589 -0.167470
v 0.028088 0.123796 -0.160758
v 0.047416 0.115919 -0.160647
v 0.073963 -0.006064 1.016825
v 0.003283 0.130134 -0.167657
v 0.043638 -0.068657 1.234698
v -0.036708 0.171163 -0.189143
v -0.042324 0.168278 -0.190454
v -0.033865 0.163896 -0.190401
v 0.029706 0.229859 -0.191799
v 0.011170 0.278107 -0.245416
v 0.329338 -0.238908 -0.652907
v -0.117887 0.044367 0.219831
v 0.102367 0.045740 0.255206
v 0.042867 0.160763 -0.192675
v 0.029265 0.126654 -0.167526
v 0.197845 -0.247513 0.121299
v -0.206160 -0.172857 -0.002830
v -0.203130 -0.178033 0.089474
v -0.202672 -0.015337 0.092585
v 0.034602 0.231714 -0.192593
v -0.059966 -0.099784 1.080741
v 0.003202 -0.138967 0.874572
v 0.124063 -0.026063 -0.602500
v -0.060020 -0.064264 -0.887569
v -0.053365 -0.039308 1.145710
v -0.087935 0.021503 0.847615
v -0.064738 0.000500 1.016429
v -0.082600 0.027315 0.847738
v 0.226814 0.004625 -0.002156
v 0.396829 -0.004207 0.032363
v -0.060020 -0.064264 -0.887569
v -0.108535 -0.026063 -0.602995
v -0.071627 0.018490 -0.617349
v -0.116123 -0.031784 -0.602701
v 0.112853 0.030054 0.709042
v -0.160024 -0.078339 -0.786186
v -0.204577 0.011199 -0.002228
v -0.194749 -0.200368 0.122745
v -0.206160 -0.172857 -0.002830
v -0.284935 -0.191611 0.104212
v -0.199818 -0.015100 0.149668
v 0.076910 -0.078510 -0.981646
v 0.436374 -0.009795 -0.296307
v 0.439009 -0.010343 -0.021026
v 0.441823 -0.019032 -0.290724
v 0.085058 -0.064001 -0.886398
v -0.032912 -0.143711 0.799431
v -0.089170 -0.127375 0.840446
v -0.102977 -0.182202 0.410298
v 0.335991 -0.077844 -0.654372
v -0.059966 -0.099784 1.080741
v -0.076795 -0.064001 -0.886398
v -0.060829 -0.222686 1.080360
v 0.226814 0.004625 -0.002156
v 0.139586 -0.163001 0.491683
v 0.112853 0.030054 0.709042
v 0.093785 -0.127375 0.841864
v 0.093785 -0.127375 0.841864
v 0.073963 -0.006064 1.016825
v 0.075175 -0.105986 1.016715
v 0.004006 -0.046011 -1.049779
v -0.027316 -0.084081 -1.046519
v -0.019228 -0.028411 -0.922512
v 0.436374 -0.009795 -0.296307
v 0.422286 -0.047564 -0.441415
v 0.347833 -0.045293 -0.544893
v 0.203466 -0.003467 -0.303576
v -0.053342 -0.093580 1.145502
v -0.203130 -0.178033 0.089474
v 0.229261 -0.003719 0.111055
v 0.078458 0.018490 -0.616383
v 0.025464 -0.028411 -0.922512
v 0.062544 0.029447 -0.620585
v 0.059602 -0.039308 1.145710
v 0.046321 -0.072047 1.234742
v 0.093135 0.021503 0.847658
v 0.441823 -0.019032 -0.290724
v 0.162345 -0.078803 -0.785973
v 0.439009 -0.010343 -0.021026
v -0.160024 -0.078339 -0.786186
v 0.003081 0.163734 -0.190474
v 0.004844 0.245198 -0.290024
v 0.001027 0.228318 -0.358500
v -0.005316 0.239219 -0.282364
v 0.023185 0.238263 -0.191847
v 0.004440 0.241078 -0.191968
v -0.038026 -0.068657 1.234698
v -0.010871 0.238263 -0.191847
v -0.027701 0.231714 -0.192593
v -0.022805 0.229859 -0.191799
v 0.385056 -0.056113 -0.539733
v 0.196906 0.003332 -0.307843
v -0.348900 -0.004198 0.058331
v -0.212717 0.003167 -0.158927
v -0.416169 -0.001810 -0.023185
v -0.107871 0.045103 0.241495
v 0.088069 0.046647 0.264442
v -0.224611 -0.094960 -0.967954
v 0.002962 0.129974 -0.199821
v -0.339885 -0.044568 -0.544403
v 0.040716 0.125733 -0.211602
v -0.258860 -0.087445 -0.786781
v 0.002209 -0.101669 1.145772
v 0.196906 0.003332 -0.307843
v -0.296282 -0.062818 -0.648980
v 0.002856 0.159534 -0.202342
v -0.084310 0.076422 -0.331725
v -0.131882 0.068976 -0.321354
v -0.105236 0.073797 -0.321924
v 0.140219 0.030584 0.516638
v 0.073963 -0.006064 1.016825
v -0.047633 -0.091363 1.161535
v 0.067377 -0.099784 1.081108
v 0.076910 -0.078510 -0.981646
v -0.020131 -0.075116 1.247202
v 0.003374 0.119276 -0.656255
v -0.219196 0.004625 -0.003364
v 0.004844 0.245198 -0.290024
v 0.046161 -0.086666 1.234807
v 0.207599 -0.178033 0.089474
v 0.207141 -0.015337 0.092585
v 0.204674 -0.015100 0.148460
v 0.046161 -0.086666 1.234807
v 0.002948 0.168206 -0.189817
v 0.003081 0.163734 -0.190474
v 0.040101 0.163896 -0.190401
v 0.093135 0.021503 0.847658
v -0.038026 -0.068657 1.234698
v -0.050209 -0.035833 1.144295
v -0.053365 -0.039308 1.145710
v -0.096567 0.036427 0.709467
v -0.047023 0.147148 -0.264136
v 0.139586 -0.163001 0.491683
v 0.026445 -0.072050 1.244356
v 0.004733 0.247666 -0.195335
v 0.004729 0.245333 -0.192654
v -0.130988 0.030584 0.515886
v -0.019472 -0.089356 1.237922
v 0.036896 0.167975 -0.189866
v 0.003202 -0.138967 0.874572
v -0.050209 -0.035833 1.144295
v 0.040101 0.163896 -0.190401
v -0.130910 -0.163001 0.490901
v -0.064738 0.000500 1.016429
v -0.139497 0.044514 0.295253
v 0.088249 0.027287 0.847788
v 0.003105 -0.089562 1.238117
v 0.104835 0.036427 0.708049
v 0.004729 0.245333 -0.192654
v 0.003263 0.045553 0.705891
v 0.299826 -0.172725 0.101706
v 0.291172 -0.191611 0.104212
v 0.294334 -0.215645 0.103766
v 0.396829 -0.004207 0.032363
v 0.003105 -0.089562 1.238117
v 0.070744 0.000500 1.016632
v 0.001027 0.228318 -0.358500
v -0.019228 -0.028411 -0.922512
v -0.087935 0.021503 0.847615
v -0.212717 0.003167 -0.158927
v -0.394047 -0.004207 0.032302
v -0.296282 -0.062818 -0.648980
v 0.043638 -0.068657 1.234698
v 0.003283 0.130134 -0.167657
v 0.001027 0.228318 -0.358500
v -0.416169 -0.001810 -0.023185
v -0.027701 0.231714 -0.192593
v 0.003194 0.000654 -0.943589
v 0.003421 -0.180183 0.461871
v 0.003177 -0.117990 1.017066
v -0.058112 -0.232815 0.407092
v 0.104835 0.036427 0.708049
v 0.002335 -0.232815 0.449312
v 0.014874 0.239219 -0.282364
v 0.145734 0.044514 0.295862
v 0.003202 -0.138967 0.874572
v 0.133951 -0.031784 -0.602150
v 0.347833 -0.045293 -0.544893
v 0.042867 0.160763 -0.192675
v 0.003081 0.163734 -0.190474
v 0.004733 0.247666 -0.195335
v -0.010329 -0.094598 -1.156667
v 0.003572 -0.088914 -1.155058
v -0.087935 0.021503 0.847615
v -0.005316 0.239219 -0.282364
v -0.019472 -0.089356 1.237922
v 0.002209 -0.101669 1.145772
v -0.010871 0.238263 -0.191847
v 0.025464 -0.028411 -0.922512
v 0.003283 0.130134 -0.167657
v 0.385056 -0.056113 -0.539733
v -0.081833 0.046647 0.264442
v 0.029265 0.126654 -0.167526
v -0.027701 0.231714 -0.192593
v -0.022805 0.229859 -0.191799
v -0.036708 0.171163 -0.189143
v -0.179279 0.032691 0.122044
v -0.069650 -0.105986 1.017059
v -0.019472 -0.089356 1.237922
v -0.038026 -0.068657 1.234698
v 0.208860 -0.195769 -0.000511
v 0.207599 -0.178033 0.089474
v 0.199991 -0.200368 0.126368
v 0.051395 0.166564 -0.193246
v 0.005484 0.278734 -0.238825
v 0.073797 -0.063684 -0.886871
v -0.033865 0.163896 -0.190401
v -0.030660 0.167975 -0.189866
v 0.124681 -0.265791 0.610616
v 0.002335 -0.232815 0.449312
v 0.036999 0.234062 -0.195046
v 0.029706 0.229859 -0.191799
v 0.002948 0.168206 -0.189817
v 0.088249 0.027287 0.847788
v -0.064738 0.000500 1.016429
v 0.206199 0.011038 -0.159616
v 0.003081 0.163734 -0.190474
v -0.030098 0.234062 -0.195045
v -0.034055 0.125733 -0.210858
v 0.412292 -0.230293 0.044161
v 0.370873 -0.246776 0.068630
v 0.412292 -0.246040 0.035922
v 0.002209 -0.101669 1.145772
v 0.207599 -0.178033 0.089474
v -0.041179 0.115919 -0.160647
v 0.153308 -0.199447 -0.924075
v 0.165821 0.042430 0.131898
v 0.130949 0.044442 0.134786
v 0.134139 0.044180 0.144298
v -0.069650 -0.105986 1.017059
v -0.034333 0.156053 -0.212697
v 0.025708 -0.089356 1.237374
v -0.206381 -0.015090 -0.003118
v 0.041420 0.156053 -0.212697
v -0.104585 0.030054 0.710460
v 0.003202 -0.138967 0.874572
v 0.165821 0.042430 0.131898
v 0.134139 0.044180 0.144298
v 0.145734 0.044514 0.295862
v -0.060020 -0.064264 -0.887569
v 0.113837 0.057919 0.232608
v 0.102367 0.059639 0.246320
v 0.113786 0.034743 0.246758
v 0.003150 0.061064 0.261158
v 0.003138 0.036436 0.275259
v -0.045005 0.036110 0.274375
v -0.045056 0.060986 0.260257
v 0.051293 0.060986 0.260257
v 0.088070 0.060581 0.256029
v 0.088019 0.035457 0.270108
v -0.081833 0.060581 0.256029
v -0.096063 0.035234 0.260611
v -0.081782 0.035457 0.270108
v 0.051242 0.036110 0.274375
v -0.107871 0.057919 0.232580
v -0.107820 0.034743 0.246730
v -0.096130 0.059639 0.246320
v -0.110394 0.036762 0.241558
v -0.109148 0.056411 0.230249
v 0.102299 0.035234 0.260599
v 0.116298 0.036762 0.241953
v 0.115019 0.056411 0.230392
v -0.271958 0.018692 -0.966412
v -0.243910 -0.038752 -0.943841
v -0.307349 0.026172 -0.805560
v 0.319800 0.088866 -1.075357
v -0.314096 0.081428 -1.069659
v 0.319800 0.081428 -1.069659
v 0.444855 -0.141248 -0.541921
v 0.441878 -0.147898 -0.320792
v 0.348296 -0.141329 -0.542243
v -0.381415 -0.155954 -0.147354
v -0.070531 0.064380 -0.169413
v -0.105236 0.073797 -0.321924
v -0.106380 0.042544 -0.171169
v 0.002770 0.127972 -0.160851
v 0.002780 0.095605 -0.160654
v 0.028088 0.123796 -0.160758
v -0.312790 -0.104670 -0.689317
v -0.435103 -0.120391 -0.651083
v -0.317314 -0.119904 -0.651138
v -0.306857 -0.105424 -1.249222
v -0.315376 -0.105424 -1.249222
v 0.320881 -0.010586 -0.763457
v 0.449411 -0.075234 -0.723052
v 0.318949 -0.073791 -0.725078
v 0.370873 -0.246776 0.068630
v -0.364637 -0.246776 0.068630
v -0.406056 -0.246040 0.035922
v -0.314096 0.074727 -1.079067
v 0.319800 0.074727 -1.079067
v 0.438883 -0.238751 -0.021537
v 0.412292 -0.246040 0.035922
v 0.438883 -0.246260 -0.021537
v 0.103057 -0.106315 0.225787
v 0.093289 -0.114817 0.238322
v 0.093477 0.031697 0.316216
v -0.326153 -0.132938 -0.601357
v -0.434343 -0.132938 -0.601357
v -0.433478 -0.141248 -0.541921
v -0.119049 0.032062 -0.035552
v -0.120925 0.014099 0.136501
v -0.119049 0.013670 -0.027803
v -0.315360 -0.009006 -1.249871
v -0.313705 0.158566 -1.061269
v -0.313705 -0.011540 -1.062409
v 0.428782 -0.149198 -0.320707
v -0.314096 0.170020 -1.249320
v 0.319800 0.111994 -1.218833
v -0.314096 0.111994 -1.218833
v 0.125285 0.032062 -0.035552
v 0.127212 0.040184 0.134219
v 0.125323 0.042996 -0.013917
v 0.134139 0.044180 0.144298
v 0.130949 0.044442 0.134786
v -0.318069 -0.010586 -0.764850
v -0.435070 -0.074776 -0.723429
v -0.313841 -0.074836 -0.724394
v -0.335402 -0.141329 -0.542243
v 0.429322 -0.239708 -0.021661
v 0.421762 -0.236098 0.190751
v -0.430392 -0.239972 -0.012189
v 0.294334 -0.246776 0.098464
v -0.288097 -0.246776 0.098464
v 0.047416 0.115919 -0.160647
v 0.453210 -0.236200 -0.760342
v -0.438005 -0.236200 -0.761574
v 0.131357 0.045695 -0.013308
v 0.122186 0.080378 -0.183863
v 0.102299 0.029443 0.255548
v 0.453210 -0.246250 -0.760342
v 0.036435 0.168219 -0.266174
v 0.042944 0.171163 -0.189143
v 0.029706 0.229859 -0.191799
v -0.367447 -0.172605 1.161174
v -0.410810 -0.159178 1.077143
v -0.424999 -0.180770 1.186079
v -0.146470 0.034486 -0.186215
v -0.152371 -0.217673 -0.027378
v 0.152707 0.034486 -0.186215
v -0.129619 0.025053 0.143644
v -0.117887 0.044367 0.219831
v -0.117837 0.024937 0.219781
v 0.319800 0.110270 -1.209779
v -0.314096 0.110270 -1.209779
v -0.129670 0.044180 0.143526
v 0.094225 -0.149164 0.219530
v -0.336637 -0.166980 1.124189
v 0.108821 0.073797 -0.321924
v 0.115800 0.042544 -0.171169
v 0.155388 -0.093467 -0.125552
v 0.142130 -0.097811 0.208141
v -0.087051 -0.114817 0.238322
v -0.123305 -0.101970 -0.122159
v -0.096820 -0.106315 0.225787
v 0.421231 -0.227058 0.170502
v -0.422298 -0.227058 0.170502
v -0.423145 -0.236098 0.190751
v 0.133582 0.027876 0.292036
v -0.087988 -0.149164 0.219530
v -0.095701 -0.217731 -0.031649
v -0.087239 0.031697 0.316216
v -0.307430 0.039891 -0.835061
v -0.316576 0.171010 -1.177646
v -0.321680 0.171010 -1.177646
v -0.320865 0.170224 -1.070742
v -0.060430 0.097321 -0.167580
v -0.055460 0.095646 -0.160677
v -0.041179 0.115919 -0.160647
v 0.071777 0.030366 0.697043
v -0.045443 0.118589 -0.167470
v 0.124073 0.024937 0.219781
v 0.114108 0.045103 0.241495
v 0.124125 0.044367 0.219831
v 0.066667 0.097321 -0.167580
v 0.061696 0.095646 -0.160677
v 0.004816 0.238381 -0.235389
v 0.023185 0.238263 -0.191847
v -0.320680 0.122138 -1.249403
v -0.314158 0.122138 -1.249403
v 0.412292 -0.230293 0.044161
v -0.432646 -0.238751 -0.021537
v -0.406056 -0.230293 0.044161
v -0.323882 -0.008946 -1.250000
v 0.127162 0.014099 0.136501
v 0.134087 0.025053 0.144416
v 0.314050 0.026172 -0.805560
v 0.271016 -0.091222 -0.762973
v 0.316777 0.013983 -0.785237
v -0.313705 0.170224 -1.070742
v 0.116759 0.034380 -0.159635
v -0.063386 0.036707 -0.160808
v -0.312999 -0.104846 -1.104963
v -0.435083 -0.104670 -0.689317
v -0.311845 0.013983 -0.785237
v -0.274262 -0.091222 -0.762105
v -0.107871 0.045103 0.241495
v -0.096063 0.029443 0.255548
v -0.107820 0.025079 0.241563
v -0.096130 0.045740 0.255206
v -0.314096 0.075839 -1.168146
v 0.279296 0.018692 -0.966412
v 0.313655 0.039891 -0.835061
v -0.206160 -0.172857 -0.002830
v -0.284935 -0.191611 0.104212
v 0.101393 -0.217399 -0.033077
v -0.095157 -0.217399 -0.033077
v 0.446311 -0.132938 -0.601357
v 0.335857 -0.132938 -0.601357
v 0.323252 -0.120391 -0.651083
v -0.326906 -0.159178 1.076824
v -0.285805 0.039037 -0.985201
v 0.076768 0.064380 -0.169413
v 0.069623 0.036707 -0.160808
v 0.291172 -0.191611 0.104212
v 0.208860 -0.195769 -0.000511
v 0.199991 -0.200368 0.126368
v -0.120976 0.040184 0.134219
v 0.051679 0.118589 -0.167470
v -0.432646 -0.246260 -0.021537
v -0.438005 -0.246250 -0.761574
v 0.129543 -0.101970 -0.122159
v -0.149152 -0.093467 -0.125552
v -0.115950 0.080378 -0.183863
v -0.119085 0.042996 -0.013917
v -0.106985 0.034380 -0.159635
v -0.135892 -0.097811 0.208141
v 0.448659 -0.104670 -0.689317
v 0.319052 -0.104670 -0.689317
v 0.319800 0.170020 -1.249320
v -0.320865 0.158566 -1.061269
v -0.314142 0.123308 -1.177015
v -0.313705 0.171010 -1.177646
v -0.313103 -0.026918 -1.069407
v 0.251316 -0.090962 -0.811391
v 0.127402 0.085264 -0.183905
v 0.250129 -0.038220 -0.944482
v 0.239626 -0.091127 -0.912828
v 0.125285 0.013670 -0.027803
v 0.319800 0.075839 -1.168146
v -0.314096 0.107090 -1.217496
v 0.319800 0.107090 -1.217496
v -0.124711 0.044442 0.134786
v 0.447796 -0.120391 -0.651083
v -0.021850 0.123796 -0.160758
v 0.294375 0.039037 -0.985201
v -0.235170 -0.091127 -0.913702
v -0.254506 -0.091114 -0.812326
v 0.002974 0.036924 -0.160814
v -0.436601 -0.147898 -0.320343
v 0.449462 -0.010599 -0.762194
v 0.387652 -0.155954 -0.147354
v 0.299826 -0.172725 0.101706
v -0.427709 -0.149198 -0.320630
v 0.318633 -0.080263 -0.717874
v -0.435489 -0.010551 -0.762289
v 0.323252 -0.119494 -0.650595
v 0.222829 -0.099141 -0.760274
v 0.114056 0.025079 0.241563
v 0.102367 0.045740 0.255206
v -0.293590 -0.172725 0.101706
v -0.314391 -0.081308 -0.717191
v -0.119397 0.085264 -0.183905
v -0.125121 0.045695 -0.013308
v 0.101938 -0.217731 -0.031649
v -0.127346 0.027876 0.292036
v 0.321064 -0.009006 -1.249871
v 0.319409 0.158566 -1.061269
v 0.319409 0.170224 -1.070742
v 0.326569 0.158566 -1.061269
v 0.328390 0.121467 -1.249438
v 0.329586 -0.008946 -1.250000
v 0.318807 -0.026918 -1.069407
v 0.318703 -0.104846 -1.104963
v 0.326391 0.121467 -1.249408
v 0.319868 0.121467 -1.249408
v 0.312562 -0.105424 -1.249222
v 0.319409 -0.011540 -1.062409
v 0.321080 -0.105424 -1.249222
v 0.152028 -0.217673 -0.027378
v 0.319409 0.171010 -1.177646
v 0.319852 0.122636 -1.177020
v 0.326569 0.170224 -1.070742
v 0.322280 0.171010 -1.177646
v -0.030198 0.168219 -0.266174
v 0.327384 0.171010 -1.177646
v 0.251316 -0.091626 -0.811026
v 0.318633 -0.078490 -0.717874
v -0.322679 0.122138 -1.249433
v -0.227055 -0.099647 -0.760183
v -0.036708 0.171163 -0.189143
v -0.030660 0.167975 -0.189866
v 0.002948 0.168206 -0.189817
v 0.036896 0.167975 -0.189866
v 0.004440 0.241078 -0.191968
v -0.010871 0.238263 -0.191847
v -0.022805 0.229859 -0.191799
v -0.320865 0.120665 -1.061522
v -0.314391 -0.079536 -0.717191
v -0.254506 -0.091778 -0.811961
v 0.319800 0.115558 -1.206877
v -0.314096 0.115558 -1.206877
v -0.054980 0.049619 0.212346
v -0.053186 0.042743 0.212063
v -0.058804 0.048521 0.212347
v -0.046709 -0.026395 0.213979
v -0.050302 -0.020959 0.217729
v -0.050302 -0.020959 0.213979
v 0.067735 -0.046000 0.213979
v 0.084236 -0.048635 0.213979
v 0.076318 -0.057413 0.213979
v -0.044739 0.002911 0.213979
v 0.003118 -0.015957 0.213979
v -0.052872 -0.000683 0.213979
v -0.054866 -0.016300 0.217729
v 0.065089 -0.045724 0.213979
v 0.067735 -0.046000 0.217729
v -0.063214 -0.043649 0.213979
v -0.061498 -0.046000 0.213979
v -0.077999 -0.048635 0.213979
v -0.058852 -0.045724 0.213979
v -0.061498 -0.046000 0.217729
v 0.003118 0.049806 0.212368
v -0.055471 0.050207 0.216797
v 0.003118 0.050356 0.216788
v 0.071972 0.045110 0.216797
v 0.071273 0.044547 0.212346
v 0.065040 0.048521 0.212347
v -0.048957 0.044859 0.213979
v -0.046467 0.031860 0.213979
v -0.053323 0.043953 0.213979
v 0.061708 0.050207 0.216797
v 0.060938 0.049286 0.220230
v -0.058464 0.048171 0.219919
v -0.059401 0.049137 0.216711
v -0.064638 0.044227 0.220230
v -0.053563 -0.059987 0.213979
v 0.065638 0.049137 0.216711
v -0.046709 -0.026395 0.217729
v 0.070005 0.035076 0.213979
v 0.064860 0.031576 0.213979
v 0.060952 0.034424 0.213979
v -0.058852 -0.045724 0.217729
v 0.055193 0.044859 0.213979
v 0.052704 0.031860 0.213979
v 0.003118 0.044859 0.213979
v 0.065089 -0.045724 0.217729
v 0.052940 -0.042095 0.213979
v 0.052940 -0.042095 0.217729
v -0.040994 0.005675 0.213979
v -0.038902 0.011128 0.213979
v 0.061103 -0.016300 0.213979
v 0.057994 -0.020959 0.213979
v 0.058645 -0.024863 0.213979
v 0.058166 -0.028767 0.213979
v -0.050461 -0.042095 0.213979
v 0.070875 0.044227 0.220230
v 0.064701 0.048171 0.219919
v -0.042483 0.025215 0.213979
v -0.039288 0.018123 0.213979
v -0.016435 -0.052431 0.217729
v -0.038556 -0.057179 0.217729
v -0.016435 -0.052431 0.213979
v -0.038556 -0.057179 0.213979
v 0.059423 0.042743 0.212063
v 0.075883 0.039105 0.220230
v 0.077140 0.039836 0.216797
v 0.070387 -0.060569 0.213979
v 0.070387 -0.060569 0.217729
v 0.066228 -0.060816 0.213979
v -0.054866 -0.016300 0.213979
v -0.044739 0.002911 0.217729
v 0.055431 -0.031703 0.213979
v 0.061216 0.049619 0.212346
v 0.056458 0.043932 0.212040
v 0.003118 0.043885 0.212065
v 0.051869 -0.033070 0.213979
v 0.066228 -0.060816 0.217729
v 0.059801 -0.059987 0.217729
v 0.044793 -0.057179 0.217729
v 0.022672 -0.052431 0.213979
v 0.044793 -0.057179 0.213979
v 0.050832 -0.037395 0.213979
v 0.050832 -0.037395 0.217729
v -0.040994 0.005675 0.217729
v 0.059560 0.043953 0.213979
v 0.056409 0.034018 0.213979
v -0.058261 0.039093 0.212040
v -0.059990 -0.060816 0.213979
v -0.054700 0.049286 0.220230
v 0.059801 -0.059987 0.213979
v -0.053563 -0.059987 0.217729
v -0.059990 -0.060816 0.217729
v -0.065735 0.045110 0.216797
v -0.050220 0.043932 0.212040
v 0.064103 0.040652 0.213979
v -0.069646 0.039105 0.220230
v 0.003118 0.049493 0.220197
v -0.070903 0.039836 0.216797
v 0.076338 0.039369 0.212346
v 0.068574 0.034853 0.212040
v 0.064497 0.039093 0.212040
v -0.064150 -0.060569 0.217729
v 0.003118 -0.050000 0.213979
v 0.069450 -0.043649 0.213979
v -0.057866 0.040652 0.213979
v -0.054714 0.034424 0.213979
v -0.063768 0.035076 0.213979
v -0.065035 0.044547 0.212346
v -0.062337 0.034853 0.212040
v -0.070101 0.039369 0.212346
v -0.047099 -0.037395 0.213979
v -0.047099 -0.037395 0.217729
v -0.045934 -0.032354 0.217729
v 0.059110 -0.000683 0.213979
v 0.050976 0.002911 0.217729
v 0.059110 -0.000683 0.217729
v -0.064150 -0.060569 0.213979
v -0.050172 0.034018 0.213979
v 0.028704 0.013663 0.213979
v 0.029877 0.013348 0.213979
v 0.030363 0.012975 0.213979
v 0.047231 0.005675 0.213979
v 0.030971 0.011923 0.213979
v 0.030971 0.010709 0.213979
v 0.030363 0.009656 0.213979
v 0.029311 0.009049 0.213979
v 0.028096 0.009049 0.213979
v 0.027530 0.009283 0.213979
v 0.026671 0.010143 0.213979
v 0.026437 0.010709 0.213979
v 0.026437 0.011923 0.213979
v 0.027044 0.012975 0.213979
v 0.028096 0.013582 0.213979
v -0.045934 -0.032354 0.213979
v -0.052872 -0.000683 0.217729
v 0.045140 0.011128 0.213979
v 0.022672 -0.052431 0.217729
v 0.050976 0.002911 0.213979
v 0.045526 0.018123 0.213979
v -0.070080 -0.057413 0.213979
v 0.047231 0.005675 0.217729
v 0.050439 -0.006965 0.213979
v 0.051613 -0.007279 0.213979
v 0.052472 -0.008138 0.213979
v 0.052786 -0.009312 0.213979
v 0.052472 -0.010485 0.213979
v 0.052099 -0.010971 0.213979
v 0.051047 -0.011579 0.213979
v 0.050439 -0.011659 0.213979
v 0.049266 -0.011344 0.213979
v 0.048407 -0.010485 0.213979
v 0.048092 -0.009312 0.213979
v 0.048407 -0.008138 0.213979
v 0.049266 -0.007279 0.213979
v 0.049832 -0.007045 0.213979
v -0.058623 0.031576 0.213979
v -0.050461 -0.042095 0.217729
v 0.003118 -0.050000 0.217729
v 0.048719 0.025215 0.213979
v 0.029311 0.013582 0.213979
v 0.030736 0.012489 0.213979
v 0.031051 0.011316 0.213979
v 0.030736 0.010143 0.213979
v 0.029877 0.009283 0.213979
v 0.028704 0.008969 0.213979
v 0.027044 0.009656 0.213979
v 0.026357 0.011316 0.213979
v 0.026671 0.012489 0.213979
v 0.027530 0.013348 0.213979
v 0.051047 -0.007045 0.213979
v 0.052099 -0.007652 0.213979
v 0.052706 -0.008704 0.213979
v 0.052706 -0.009919 0.213979
v 0.051613 -0.011344 0.213979
v 0.049832 -0.011579 0.213979
v 0.048780 -0.010971 0.213979
v 0.048173 -0.009919 0.213979
v 0.048173 -0.008704 0.213979
v 0.048780 -0.007652 0.213979
v 0.039593 0.028498 0.209495
v 0.038518 0.028053 0.209495
v 0.036441 0.023039 0.209495
v 0.044606 0.026421 0.209495
v 0.040746 0.019736 0.209495
v 0.036441 0.025346 0.209495
v 0.045203 0.024193 0.209495
v 0.038518 0.020333 0.209495
v 0.040746 0.028650 0.209495
v 0.041900 0.028498 0.209495
v 0.042975 0.028053 0.209495
v 0.043898 0.027345 0.209495
v 0.037595 0.027345 0.209495
v 0.045052 0.025346 0.209495
v 0.036886 0.026421 0.209495
v 0.045052 0.023039 0.209495
v 0.036289 0.024193 0.209495
v 0.044606 0.021965 0.209495
v 0.043898 0.021041 0.209495
v 0.037595 0.021041 0.209495
v 0.036886 0.021965 0.209495
v 0.042975 0.020333 0.209495
v 0.041900 0.019888 0.209495
v 0.414258 -0.159178 1.077143
v 0.346480 -0.166980 1.125822
v 0.370805 -0.172605 1.159972
v 0.039593 0.019888 0.209495
v 0.003421 -0.180183 0.461871
v 0.002309 -0.221117 0.798109
v -0.032912 -0.143711 0.799431
v 0.319360 -0.077074 -1.246384
v -0.313656 -0.093391 -1.175129
v -0.313656 -0.077074 -1.246384
v 0.039149 -0.143711 0.799431
v 0.319360 -0.085981 -1.181112
v -0.313656 -0.085981 -1.181112
v 0.319360 -0.093391 -1.175129
v 0.003202 -0.138967 0.874572
v 0.333507 -0.159178 1.078457
v 0.436504 -0.180770 1.185974
v 0.171142 0.042835 -0.016640
v 0.131357 0.045695 -0.013308
v 0.165821 0.042430 0.131898
v 0.169723 -0.004173 0.307347
v 0.140219 0.030584 0.516638
v 0.139586 -0.163001 0.491683
v 0.237134 -0.015407 0.126649
v 0.229261 -0.003719 0.111055
v 0.204674 -0.015100 0.148460
v 0.197845 -0.215991 0.131437
v 0.109213 -0.182202 0.410298
v 0.064514 -0.233011 0.406634
v 0.196906 0.003332 -0.307843
v 0.165697 0.077346 -0.184534
v 0.206199 0.011038 -0.159616
v 0.438883 -0.238751 -0.021537
v 0.439009 -0.010343 -0.021026
v 0.412292 -0.230293 0.044161
v 0.008531 0.228318 -0.358500
v 0.014874 0.239219 -0.282364
v 0.077289 0.099095 -0.323868
v 0.108821 0.073797 -0.321924
v 0.090548 0.076118 -0.331865
v 0.076768 0.064380 -0.169413
v 0.132386 0.068978 -0.321359
v 0.162373 0.083733 -0.184078
v 0.168349 0.029287 0.303752
v 0.145734 0.044514 0.295862
v 0.128399 0.033657 0.518129
v 0.199991 -0.200368 0.126368
v 0.368475 -0.016507 0.073639
v 0.355136 -0.004198 0.058331
v 0.291556 -0.015675 0.104225
v 0.422890 -0.001810 -0.023185
v 0.396829 -0.004207 0.032363
v 0.409460 -0.017472 0.039288
v 0.003421 -0.180183 0.461871
v 0.002335 -0.232815 0.449312
v 0.127402 0.085264 -0.183905
v 0.085888 0.080476 -0.325580
v 0.422286 -0.047564 -0.441415
v 0.441823 -0.019032 -0.290724
v 0.434794 -0.240280 -0.294096
v 0.211482 0.010177 0.001551
v 0.180919 0.039177 -0.014993
v 0.296472 -0.003857 0.086202
v 0.062544 0.029447 -0.620585
v 0.411736 -0.021829 0.042700
v 0.371220 -0.026390 0.077647
v 0.370873 -0.214540 0.076686
v 0.078458 0.018490 -0.616383
v 0.124063 -0.026063 -0.602500
v 0.366513 -0.238717 -0.554782
v 0.385056 -0.056113 -0.539733
v 0.299328 -0.030369 0.101021
v 0.299826 -0.172725 0.101706
v 0.130949 0.044442 0.134786
v 0.370873 -0.246776 0.068630
v 0.036999 0.234062 -0.195046
v 0.025072 0.245233 -0.195335
v 0.294334 -0.215645 0.103766
v 0.294334 -0.246776 0.098464
v 0.199298 0.012182 0.116664
v 0.185516 0.032691 0.122044
v 0.053259 0.147178 -0.264180
v 0.335991 -0.077844 -0.654372
v 0.041420 0.156053 -0.212697
v 0.040716 0.125733 -0.211602
v 0.003374 0.119276 -0.656255
v 0.226814 0.004625 -0.002156
v 0.051395 0.166564 -0.193246
v 0.066667 0.097321 -0.167580
v 0.207599 -0.178033 0.089474
v 0.197845 -0.247513 0.121299
v 0.291172 -0.191611 0.104212
v 0.051679 0.118589 -0.167470
v 0.332592 -0.185688 -0.653540
v 0.048173 -0.008704 0.209495
v 0.052099 -0.007652 0.209495
v 0.051613 -0.007279 0.209495
v 0.051047 -0.011579 0.209495
v 0.048407 -0.008138 0.209495
v 0.028704 0.013663 0.209495
v 0.028096 0.013582 0.209495
v 0.052786 -0.009312 0.209495
v 0.050439 -0.011659 0.209495
v 0.026437 0.010709 0.209495
v 0.027044 0.009656 0.209495
v 0.027530 0.009283 0.209495
v 0.031051 0.011316 0.209495
v -0.322112 0.123308 -1.177015
v 0.048780 -0.010971 0.209495
v 0.028810 0.036806 0.213733
v 0.024356 0.032913 0.213733
v 0.024356 0.036806 0.213733
v 0.029877 0.009283 0.209495
v 0.051613 -0.011344 0.209495
v 0.026357 0.011316 0.209495
v 0.029311 0.009049 0.209495
v 0.052472 -0.008138 0.209495
v 0.048407 -0.010485 0.209495
v 0.052706 -0.009919 0.209495
v 0.030363 0.012975 0.209495
v 0.029877 0.013348 0.209495
v 0.029311 0.013582 0.209495
v 0.027530 0.013348 0.209495
v 0.027044 0.012975 0.209495
v 0.028810 0.032913 0.213733
v 0.052472 -0.010485 0.209495
v 0.049266 -0.007279 0.209495
v 0.048780 -0.007652 0.209495
v 0.026671 0.012489 0.209495
v 0.030736 0.012489 0.209495
v 0.026437 0.011923 0.209495
v 0.030971 0.011923 0.209495
v 0.030971 0.010709 0.209495
v 0.030736 0.010143 0.209495
v 0.030363 0.009656 0.209495
v 0.026671 0.010143 0.209495
v 0.028704 0.008969 0.209495
v 0.049832 -0.007045 0.209495
v 0.050439 -0.006965 0.209495
v 0.051047 -0.007045 0.209495
v 0.052706 -0.008704 0.209495
v 0.048092 -0.009312 0.209495
v 0.048173 -0.009919 0.209495
v 0.052099 -0.010971 0.209495
v 0.049266 -0.011344 0.209495
v 0.049832 -0.011579 0.209495
v 0.028096 0.009049 0.209495
v 0.327822 0.122636 -1.177020
v -0.007098 0.015481 0.213733
v -0.007098 0.011588 0.213733
v -0.011552 0.015481 0.213733
v -0.011552 0.011588 0.213733
v 0.395137 -0.109844 -1.012999
v 0.395137 -0.109844 -0.945054
v 0.395137 -0.086606 -1.008901
v -0.351420 -0.178688 -0.975042
v -0.389904 -0.199476 -0.961699
v -0.389904 -0.199476 -0.991811
v 0.380807 -0.131308 0.699612
v 0.380807 -0.117336 0.713997
v 0.380807 -0.129381 0.713997
v 0.379235 -0.082530 0.682345
v 0.379235 -0.042666 0.720815
v 0.379235 -0.042666 0.699250
v 0.396141 -0.199476 -0.930903
v 0.357657 -0.181896 -0.936492
v 0.357657 -0.181896 -0.955984
v -0.452457 -0.168686 0.680121
v -0.452457 -0.109845 0.714092
v -0.452457 -0.176757 0.702295
v -0.406221 -0.109844 -0.945055
v -0.406221 -0.109844 -0.877111
v -0.406221 -0.086606 -0.881209
v 0.336036 -0.131308 0.722574
v 0.325244 -0.131308 0.747161
v 0.325677 -0.129381 0.717346
v -0.411766 -0.183053 -0.944537
v -0.411766 -0.179604 -0.923843
v -0.411766 -0.153071 -0.921452
v -0.331410 -0.093247 0.751670
v -0.335232 -0.093247 0.815240
v -0.331410 -0.105291 0.751670
v -0.406221 -0.042933 -0.956853
v -0.406221 -0.042933 -0.933256
v -0.309575 -0.105291 0.712368
v -0.311277 -0.093247 0.713226
v -0.296451 -0.105291 0.741879
v -0.298348 -0.093247 0.742323
v -0.295424 -0.105291 0.815240
v -0.452457 -0.042933 0.702295
v -0.469779 -0.051004 0.680121
v -0.469779 -0.042933 0.702295
v -0.318624 -0.128527 0.748675
v -0.335232 -0.129381 0.815240
v -0.318775 -0.131308 0.815240
v 0.379235 -0.082530 0.647275
v 0.481562 -0.130423 0.641352
v 0.481562 -0.138945 0.669403
v 0.481562 -0.145853 0.648674
v -0.469779 -0.176757 0.702295
v 0.395137 -0.066171 -0.997103
v 0.395137 -0.051004 -0.979026
v 0.379235 -0.141004 0.649053
v 0.459698 -0.141004 0.623027
v 0.459698 -0.199476 0.667337
v 0.412458 -0.042933 -0.956853
v 0.395137 -0.042933 -0.933256
v 0.412458 -0.042933 -0.933256
v 0.459698 -0.199476 0.759040
v 0.379235 -0.181896 0.722655
v 0.459698 -0.199476 0.728244
v -0.475324 -0.109703 0.638423
v -0.475324 -0.130423 0.641352
v -0.475324 -0.133069 0.670661
v 0.418004 -0.154803 -0.975632
v 0.388964 -0.153467 -0.966781
v 0.418004 -0.153467 -0.966781
v 0.325244 -0.079276 0.747161
v 0.313690 -0.081203 0.744456
v 0.325013 -0.079276 0.815240
v 0.396141 -0.082530 -0.916133
v 0.396141 -0.082530 -0.855465
v 0.396141 -0.141003 -0.916133
v -0.319440 -0.129381 0.717346
v -0.329799 -0.131308 0.722574
v -0.338420 -0.129381 0.698943
v 0.357657 -0.178688 -0.917001
v 0.396141 -0.141003 -0.855465
v 0.357657 -0.132212 -0.890913
v 0.476015 -0.109845 0.714093
v 0.476015 -0.066171 0.766141
v 0.476015 -0.086606 0.777939
v 0.459698 -0.199476 0.697448
v 0.379235 -0.178688 0.684106
v -0.372998 -0.082530 0.647276
v -0.372998 -0.042666 0.687850
v -0.372998 -0.042666 0.699250
v -0.388899 -0.176757 -0.956853
v -0.406221 -0.176757 -0.933256
v -0.406221 -0.176757 -0.956853
v -0.344400 -0.131308 0.707998
v -0.453462 -0.018839 0.656419
v -0.452457 -0.066171 0.662044
v -0.452457 -0.051004 0.680121
v 0.476015 -0.133083 0.650246
v 0.476015 -0.153518 0.662044
v 0.458695 -0.133083 0.650246
v 0.418004 -0.160839 -0.944673
v 0.418004 -0.153071 -0.921452
v 0.418004 -0.183053 -0.944537
v -0.452457 -0.066171 0.766141
v -0.469779 -0.051004 0.748065
v -0.469779 -0.066171 0.766141
v -0.453462 -0.141004 0.623027
v -0.453462 -0.082530 0.682345
v -0.453462 -0.082530 0.623027
v -0.453462 -0.141004 0.682345
v 0.396141 -0.018839 -1.002728
v 0.357657 -0.042666 -0.959897
v 0.396141 -0.018839 -0.965421
v 0.315813 -0.105291 0.712368
v 0.317513 -0.117336 0.713226
v 0.304585 -0.117336 0.742323
v -0.469779 -0.086606 0.777939
v -0.469779 -0.109845 0.782036
v -0.452457 -0.109845 0.782036
v 0.324786 -0.092284 0.748657
v 0.307032 -0.094269 0.744499
v 0.324786 -0.105291 0.748657
v -0.298348 -0.117336 0.742323
v -0.306815 -0.129381 0.815240
v -0.307454 -0.129381 0.744456
v -0.388899 -0.133083 -1.008901
v -0.388899 -0.153518 -0.997103
v -0.406221 -0.153518 -0.997103
v 0.412458 -0.109844 -0.945054
v 0.412458 -0.051004 -0.911082
v 0.412458 -0.066171 -0.893006
v 0.388964 -0.160839 -0.944673
v 0.459698 -0.018839 0.770040
v 0.379235 -0.091322 0.768235
v 0.459698 -0.082530 0.803683
v -0.406221 -0.066171 -0.893006
v -0.388899 -0.086606 -0.881209
v 0.388964 -0.153071 -0.921452
v -0.351420 -0.082530 -0.976802
v -0.351420 -0.042666 -0.938332
v -0.351420 -0.082530 -0.916133
v 0.412458 -0.086606 -1.008901
v 0.412458 -0.066171 -0.997103
v 0.357657 -0.091321 -0.890913
v -0.382727 -0.180816 -0.963799
v -0.411766 -0.180816 -0.963799
v -0.382727 -0.172637 -0.982374
v -0.334904 -0.129381 0.750885
v -0.344051 -0.129381 0.729767
v -0.388899 -0.109844 -1.012999
v -0.406221 -0.133083 -1.008901
v -0.406221 -0.109844 -1.012999
v 0.412458 -0.109844 -1.012999
v 0.412458 -0.133083 -1.008901
v -0.374571 -0.118299 0.699612
v -0.374571 -0.117336 0.713997
v -0.374571 -0.105291 0.713997
v 0.459698 -0.141004 0.743014
v 0.380807 -0.118299 0.699612
v 0.357657 -0.082530 -0.976801
v 0.357657 -0.042666 -0.938332
v -0.308788 -0.083698 0.746371
v -0.297387 -0.093247 0.815240
v -0.306815 -0.081203 0.815240
v -0.372998 -0.042666 0.739001
v -0.453462 -0.018839 0.731883
v -0.453462 -0.018839 0.770040
v 0.341140 -0.105291 0.750885
v 0.341470 -0.105291 0.815240
v 0.341140 -0.117336 0.750885
v 0.459698 -0.018839 0.693726
v 0.459698 -0.018839 0.731883
v 0.380807 -0.105291 0.679201
v 0.380807 -0.117336 0.680917
v 0.339943 -0.117336 0.691807
v -0.374571 -0.117336 0.680917
v -0.374571 -0.129381 0.689156
v -0.388899 -0.066171 -0.893006
v -0.406221 -0.051004 -0.911082
v 0.325677 -0.081203 0.717346
v 0.304585 -0.093247 0.742323
v -0.299059 -0.105291 0.744093
v -0.297387 -0.117336 0.815240
v -0.374571 -0.131308 0.699612
v -0.469779 -0.109845 0.646148
v -0.469779 -0.133083 0.650246
v -0.469779 -0.109845 0.714092
v -0.453462 -0.018839 0.693726
v -0.300795 -0.116314 0.744499
v -0.308788 -0.126886 0.746371
v 0.380807 -0.105291 0.713997
v -0.374571 -0.093247 0.680917
v -0.374571 -0.092284 0.699612
v -0.374571 -0.079276 0.699612
v 0.481562 -0.071969 0.650402
v 0.481562 -0.090464 0.641352
v 0.452522 -0.071969 0.650402
v -0.332725 -0.105291 0.690320
v -0.333707 -0.117336 0.691807
v -0.374571 -0.105291 0.679201
v 0.458695 -0.086606 0.650246
v 0.476015 -0.109845 0.646149
v 0.458695 -0.109845 0.646149
v -0.469779 -0.176757 0.725891
v 0.379235 -0.141004 0.682345
v -0.453462 -0.082530 0.803683
v -0.453462 -0.141004 0.803683
v -0.372998 -0.132212 0.768234
v 0.396141 -0.018839 -0.927264
v 0.357657 -0.042666 -0.920146
v 0.396141 -0.018839 -0.889108
v -0.300795 -0.094269 0.744499
v -0.469779 -0.168686 0.680121
v -0.406221 -0.086606 -1.008901
v -0.406221 -0.066171 -0.997103
v 0.303625 -0.093247 0.815240
v -0.382727 -0.154803 -0.975632
v -0.411766 -0.154803 -0.975632
v -0.382727 -0.153467 -0.966781
v -0.406221 -0.168686 -0.911082
v -0.344400 -0.079276 0.707998
v -0.374571 -0.081203 0.689156
v -0.475324 -0.090464 0.641352
v -0.475324 -0.109782 0.663097
v -0.475324 -0.087739 0.670661
v 0.379235 -0.141004 0.743014
v 0.379235 -0.132212 0.768235
v -0.351420 -0.141003 -1.010095
v 0.459698 -0.018839 0.656419
v 0.379235 -0.042666 0.687851
v -0.372998 -0.091322 0.768234
v 0.380807 -0.129381 0.689156
v 0.350638 -0.131308 0.707999
v 0.344657 -0.129381 0.698943
v -0.334904 -0.117336 0.750885
v 0.388964 -0.154279 -0.915565
v 0.388964 -0.172681 -0.908476
v 0.418004 -0.154279 -0.915565
v -0.475324 -0.071969 0.650401
v 0.388964 -0.180816 -0.963799
v 0.418004 -0.180816 -0.963799
v -0.411766 -0.172637 -0.982374
v 0.341470 -0.117336 0.815240
v -0.374571 -0.129381 0.713997
v 0.313690 -0.129381 0.744456
v -0.452457 -0.133083 0.777939
v 0.388964 -0.183053 -0.944537
v -0.406221 -0.168686 -0.979026
v -0.446285 -0.145853 0.648674
v -0.475324 -0.138945 0.669403
v -0.475324 -0.145853 0.648674
v 0.481562 -0.078876 0.669403
v 0.344657 -0.081203 0.698943
v 0.317513 -0.093247 0.713226
v 0.358866 -0.081203 0.720456
v 0.350638 -0.079276 0.707998
v 0.350288 -0.081203 0.729767
v 0.339943 -0.093247 0.691807
v 0.380807 -0.079276 0.699612
v -0.446285 -0.090464 0.641352
v 0.452522 -0.078876 0.669403
v 0.379235 -0.181896 0.703163
v 0.337646 -0.105291 0.751669
v 0.337646 -0.093247 0.751669
v 0.341470 -0.081203 0.815240
v 0.337646 -0.083607 0.751669
v 0.476015 -0.042933 0.702294
v 0.458695 -0.042933 0.725891
v 0.476015 -0.042933 0.725891
v 0.452522 -0.090464 0.641352
v -0.372998 -0.082530 0.682345
v -0.372998 -0.082530 0.743014
v -0.372998 -0.141004 0.682345
v -0.352629 -0.129381 0.720456
v -0.344051 -0.117336 0.729767
v 0.305296 -0.105291 0.744093
v 0.301661 -0.105291 0.815240
v 0.303625 -0.117336 0.815240
v -0.335232 -0.117336 0.815240
v 0.458695 -0.109845 0.714093
v 0.458695 -0.133083 0.777939
v 0.458695 -0.109845 0.782037
v -0.469779 -0.153518 0.662044
v 0.358866 -0.105291 0.720456
v 0.350288 -0.105291 0.729767
v 0.358866 -0.117336 0.720456
v 0.412458 -0.086606 -0.881208
v -0.382727 -0.154279 -0.915566
v -0.411766 -0.154279 -0.915566
v 0.418004 -0.172637 -0.982373
v 0.388964 -0.172637 -0.982373
v -0.372998 -0.141004 0.649053
v -0.372998 -0.178688 0.684106
v -0.372998 -0.181896 0.703163
v -0.453462 -0.199476 0.697448
v -0.446285 -0.138945 0.669403
v -0.452457 -0.051004 0.748065
v 0.458695 -0.066171 0.662044
v 0.396141 -0.199476 -0.900107
v 0.379235 -0.082530 0.743014
v 0.337646 -0.126977 0.751669
v 0.341470 -0.129381 0.815240
v -0.452457 -0.086606 0.777939
v -0.446285 -0.133069 0.670661
v 0.476015 -0.066171 0.662044
v 0.458695 -0.051004 0.680121
v 0.476015 -0.086606 0.650246
v -0.453462 -0.199476 0.667337
v -0.318624 -0.082057 0.748675
v -0.331410 -0.083607 0.751670
v 0.358866 -0.129381 0.720456
v 0.459698 -0.141004 0.682345
v 0.395137 -0.051004 -0.911082
v -0.469779 -0.133083 0.777939
v -0.469779 -0.153518 0.766141
v -0.452457 -0.153518 0.766141
v 0.338961 -0.105291 0.690320
v 0.380807 -0.093247 0.680917
v 0.380807 -0.092284 0.699612
v 0.476015 -0.176757 0.702294
v 0.476015 -0.176757 0.725891
v 0.350288 -0.117336 0.729767
v -0.452457 -0.133083 0.650246
v -0.446285 -0.130423 0.641352
v 0.459698 -0.082530 0.682345
v -0.469779 -0.042933 0.725891
v -0.352629 -0.081203 0.720456
v -0.374571 -0.093247 0.713997
v -0.352629 -0.093247 0.720456
v 0.412458 -0.109844 -0.877111
v 0.412458 -0.133083 -0.881208
v 0.476015 -0.168686 0.680121
v 0.380807 -0.081203 0.713997
v 0.380807 -0.093247 0.713997
v -0.388899 -0.109844 -0.877111
v 0.336036 -0.079276 0.722574
v 0.459698 -0.082530 0.623027
v -0.389904 -0.141003 -0.976802
v -0.389904 -0.141003 -0.916133
v -0.389904 -0.082530 -0.916133
v -0.452457 -0.153518 0.662044
v -0.388899 -0.176757 -0.933256
v -0.388899 -0.109844 -0.945055
v 0.380807 -0.105291 0.699612
v 0.325013 -0.131308 0.815240
v -0.388899 -0.051004 -0.979026
v -0.406221 -0.051004 -0.979026
v 0.357657 -0.082530 -1.011871
v 0.357657 -0.141003 -1.010095
v -0.452457 -0.042933 0.725891
v 0.307032 -0.116314 0.744499
v 0.313051 -0.129381 0.815240
v -0.382727 -0.160839 -0.944673
v -0.318549 -0.092284 0.748657
v 0.412458 -0.176757 -0.933256
v 0.395137 -0.176757 -0.933256
v 0.395137 -0.176757 -0.956853
v -0.388899 -0.066171 -0.997103
v -0.388899 -0.168686 -0.911082
v -0.406221 -0.153518 -0.893006
v 0.458695 -0.051004 0.748065
v 0.476015 -0.051004 0.748065
v 0.458695 -0.066171 0.766141
v 0.458695 -0.153518 0.662044
v 0.357657 -0.141003 -0.916133
v -0.319440 -0.081203 0.717346
v -0.307454 -0.081203 0.744456
v 0.357657 -0.141003 -0.976801
v 0.357657 -0.082530 -0.916133
v -0.453462 -0.199476 0.728244
v -0.453462 -0.141004 0.743014
v 0.396141 -0.082530 -1.036120
v 0.396141 -0.082530 -0.976801
v -0.389904 -0.082530 -0.976802
v 0.396141 -0.141003 -1.036120
v 0.396141 -0.199476 -0.991810
v -0.388899 -0.133083 -0.881209
v 0.476015 -0.051004 0.680121
v -0.389904 -0.141003 -1.036120
v -0.389904 -0.082530 -1.036120
v 0.476015 -0.133083 0.777939
v 0.458695 -0.153518 0.766141
v 0.476015 -0.153518 0.766141
v 0.418004 -0.179604 -0.923842
v 0.388964 -0.179604 -0.923842
v -0.446285 -0.109703 0.638423
v -0.452457 -0.176757 0.725891
v -0.351420 -0.082530 -1.011871
v -0.351420 -0.042666 -0.971297
v -0.351420 -0.042666 -0.959897
v 0.476015 -0.109845 0.782037
v -0.389904 -0.018839 -1.002728
v -0.311277 -0.117336 0.713226
v -0.388899 -0.086606 -1.008901
v 0.395137 -0.168686 -0.911082
v -0.389904 -0.018839 -0.965421
v 0.395137 -0.133083 -0.881208
v 0.395137 -0.153518 -0.893006
v -0.374571 -0.081203 0.713997
v 0.452522 -0.109782 0.663097
v 0.452522 -0.133069 0.670661
v 0.481562 -0.109782 0.663097
v -0.351420 -0.141003 -0.976802
v 0.315024 -0.083698 0.746371
v 0.313051 -0.081203 0.815240
v 0.458695 -0.168686 0.680121
v 0.395137 -0.133083 -1.008901
v 0.395137 -0.153518 -0.997103
v -0.388899 -0.042933 -0.933256
v 0.418004 -0.172681 -0.908476
v -0.452457 -0.109845 0.646148
v -0.388899 -0.051004 -0.911082
v 0.395137 -0.109844 -0.877111
v 0.458695 -0.176757 0.702294
v 0.412458 -0.176757 -0.956853
v 0.302689 -0.105291 0.741879
v -0.453462 -0.082530 0.743014
v 0.341140 -0.081203 0.750885
v 0.481562 -0.087739 0.670661
v 0.324861 -0.128527 0.748675
v 0.315024 -0.126886 0.746371
v -0.389904 -0.199476 -0.930904
v -0.389904 -0.199476 -0.900107
v -0.389904 -0.141003 -0.855465
v -0.372998 -0.178688 0.742146
v -0.469779 -0.086606 0.650246
v -0.351420 -0.181896 -0.955984
v -0.382727 -0.183053 -0.944537
v 0.379235 -0.042666 0.739002
v 0.481562 -0.109703 0.638423
v 0.481562 -0.133069 0.670661
v -0.318775 -0.079276 0.815240
v 0.395137 -0.066171 -0.893006
v 0.341140 -0.093247 0.750885
v -0.374571 -0.105291 0.699612
v 0.458695 -0.168686 0.748065
v 0.476015 -0.168686 0.748065
v -0.388899 -0.042933 -0.956853
v 0.459698 -0.141004 0.803683
v 0.412458 -0.051004 -0.979026
v 0.395137 -0.042933 -0.956853
v 0.452522 -0.109703 0.638423
v -0.351420 -0.042666 -0.920146
v -0.389904 -0.018839 -0.889108
v -0.351420 -0.091321 -0.890913
v 0.458695 -0.086606 0.777939
v -0.388899 -0.168686 -0.979026
v -0.389904 -0.082530 -0.855465
v -0.351420 -0.132212 -0.890913
v 0.337646 -0.117336 0.751669
v 0.324786 -0.118299 0.748657
v -0.411766 -0.153467 -0.966781
v -0.411766 -0.160839 -0.944673
v -0.331410 -0.117336 0.751670
v -0.318549 -0.105291 0.748657
v 0.396141 -0.199476 -0.961699
v 0.357657 -0.178688 -0.975041
v 0.380807 -0.081203 0.689156
v 0.357657 -0.042666 -0.971297
v 0.412458 -0.168686 -0.911082
v -0.382727 -0.179604 -0.923843
v -0.335232 -0.105291 0.815240
v -0.352629 -0.105291 0.720456
v -0.352629 -0.117336 0.720456
v -0.389904 -0.018839 -0.927264
v -0.344051 -0.105291 0.729767
v -0.344051 -0.093247 0.729767
v -0.318549 -0.118299 0.748657
v -0.406221 -0.133083 -0.881209
v 0.395137 -0.168686 -0.979026
v 0.350288 -0.129381 0.729767
v 0.341140 -0.129381 0.750885
v 0.324861 -0.082057 0.748675
v 0.350288 -0.093247 0.729767
v -0.453462 -0.199476 0.759040
v -0.372998 -0.181896 0.722655
v -0.338420 -0.081203 0.698943
v -0.319007 -0.131308 0.747162
v -0.388899 -0.153518 -0.893006
v 0.412458 -0.153518 -0.893006
v 0.452522 -0.087739 0.670661
v 0.452522 -0.138945 0.669403
v -0.344051 -0.081203 0.729767
v 0.395137 -0.086606 -0.881208
v 0.458695 -0.176757 0.725891
v -0.469779 -0.066171 0.662044
v -0.372998 -0.141004 0.743014
v -0.335232 -0.081203 0.815240
v 0.358866 -0.093247 0.720456
v -0.319007 -0.079276 0.747162
v -0.351420 -0.141003 -0.916133
v -0.329799 -0.079276 0.722574
v -0.452457 -0.086606 0.650246
v 0.459698 -0.082530 0.743014
v 0.388964 -0.154803 -0.975632
v 0.452522 -0.130423 0.641352
v -0.334904 -0.105291 0.750885
v -0.351420 -0.178688 -0.917001
v -0.351420 -0.181896 -0.936493
v 0.452522 -0.145853 0.648674
v -0.446285 -0.071969 0.650401
v -0.446285 -0.087739 0.670661
v -0.382727 -0.172681 -0.908477
v -0.411766 -0.172681 -0.908477
v -0.382727 -0.153071 -0.921452
v -0.469779 -0.168686 0.748065
v -0.333707 -0.093247 0.691807
v -0.331410 -0.126977 0.751670
v 0.412458 -0.168686 -0.979026
v -0.372998 -0.042666 0.720815
v 0.412458 -0.153518 -0.997103
v 0.396141 -0.141003 -0.976801
v 0.458695 -0.042933 0.702294
v 0.341470 -0.093247 0.815240
v -0.334904 -0.093247 0.750885
v -0.475324 -0.078876 0.669403
v -0.446285 -0.078876 0.669403
v -0.446285 -0.109782 0.663097
v 0.379235 -0.178688 0.742146
v -0.334904 -0.081203 0.750885
v -0.452457 -0.168686 0.748065
v 0.082564 0.003057 0.223512
v 0.077117 0.001783 0.222716
v 0.082320 -0.016783 0.223512
v 0.063524 0.038309 0.216416
v 0.058592 0.041884 0.216355
v 0.060952 0.034424 0.217729
v 0.056409 0.034018 0.217729
v -0.071738 0.042194 0.217807
v -0.079874 0.030531 0.217807
v -0.074338 0.028728 0.223808
v 0.059395 0.042714 0.219762
v 0.064465 0.039066 0.220060
v 0.059560 0.043953 0.217729
v 0.064103 0.040652 0.217729
v 0.069450 -0.043649 0.217729
v 0.076318 -0.057413 0.217729
v 0.071730 -0.032768 0.217142
v 0.080459 -0.024070 0.223512
v 0.075122 -0.023489 0.217142
v -0.061222 0.034203 0.216416
v 0.056434 0.043905 0.220060
v 0.055773 0.043114 0.216416
v 0.003118 0.043119 0.216409
v 0.003118 0.043860 0.220029
v 0.060628 -0.016875 0.213634
v 0.060631 -0.016846 0.218256
v 0.058640 0.000559 0.218182
v 0.057994 -0.020959 0.217729
v 0.066231 -0.044105 0.217306
v 0.076945 -0.033916 0.223512
v 0.078706 -0.015587 0.222717
v 0.076942 -0.017729 0.217142
v 0.003118 -0.015957 0.217729
v 0.058166 -0.028767 0.217729
v 0.058645 -0.024863 0.217729
v -0.060817 0.024326 0.217142
v -0.065857 0.025967 0.223512
v -0.065899 0.014070 0.217142
v -0.063214 -0.043649 0.217729
v -0.070080 -0.057413 0.217729
v -0.076327 0.003057 0.223512
v -0.076083 -0.016783 0.223512
v -0.070879 0.001783 0.222716
v 0.055431 -0.031703 0.217729
v 0.072136 0.014070 0.217142
v 0.077375 0.015134 0.223512
v 0.072094 0.025967 0.223512
v 0.068538 0.034831 0.220060
v -0.071138 0.015134 0.223512
v -0.068791 0.003723 0.217142
v 0.061103 -0.016300 0.217729
v -0.060041 0.034225 0.223512
v -0.050198 0.043905 0.220060
v -0.049536 0.043114 0.216416
v -0.088960 0.003864 0.217807
v -0.083138 0.003343 0.223808
v -0.085708 0.018093 0.217807
v -0.079953 0.016924 0.223808
v 0.075833 -0.015599 0.210442
v 0.074031 -0.016550 0.217021
v 0.003118 0.044859 0.217729
v 0.052704 0.031860 0.217729
v -0.074222 -0.024070 0.223512
v -0.083203 -0.025048 0.223808
v -0.070708 -0.033916 0.223512
v 0.091945 0.018093 0.217807
v 0.086191 0.016924 0.223808
v 0.089375 0.003343 0.223808
v 0.073356 0.039047 0.223808
v 0.066277 0.034225 0.223512
v 0.075029 0.003723 0.217142
v 0.071695 -0.045926 0.223512
v 0.068403 -0.044847 0.209630
v 0.048719 0.025215 0.217729
v -0.087300 0.003657 0.210029
v -0.090235 -0.007488 0.217807
v -0.054390 -0.016875 0.213634
v -0.067794 -0.016550 0.217021
v -0.069596 -0.015599 0.210442
v -0.077585 -0.049756 0.210029
v -0.078856 -0.050080 0.217807
v -0.083581 -0.036750 0.210029
v -0.067118 0.039047 0.223808
v 0.089441 -0.025048 0.223808
v 0.085721 -0.035848 0.223808
v 0.090582 -0.007769 0.223808
v -0.055835 0.031360 0.217142
v -0.052404 0.000559 0.218182
v -0.072468 -0.015587 0.222717
v -0.054393 -0.016846 0.218256
v 0.064860 0.031576 0.217729
v 0.095303 -0.025686 0.217807
v 0.091451 -0.037110 0.217807
v 0.079909 -0.048547 0.223808
v 0.085093 -0.050080 0.217807
v -0.052354 0.041884 0.216355
v -0.057287 0.038309 0.216416
v -0.046467 0.031860 0.217729
v -0.050172 0.034018 0.217729
v -0.079485 -0.035848 0.223808
v -0.065458 -0.045926 0.223512
v -0.073672 -0.048547 0.223808
v -0.038902 0.011128 0.217729
v -0.062165 -0.044847 0.209630
v -0.068541 -0.046886 0.206329
v -0.070704 -0.017729 0.217142
v -0.073049 -0.016779 0.209495
v 0.045526 0.018123 0.217729
v 0.070005 0.035076 0.217729
v -0.053159 0.042714 0.219762
v -0.077999 -0.048635 0.217729
v -0.084346 -0.007769 0.223808
v -0.058228 0.039066 0.220060
v -0.053323 0.043953 0.217729
v -0.057866 0.040652 0.217729
v -0.054714 0.034424 0.217729
v 0.051869 -0.033070 0.217729
v -0.085213 -0.037110 0.217807
v -0.087395 -0.025504 0.210029
v -0.070421 0.041297 0.210029
v 0.079286 -0.016779 0.209495
v 0.083822 -0.049756 0.210029
v 0.055193 0.044859 0.217729
v 0.084236 -0.048635 0.217729
v 0.067458 0.034203 0.216416
v 0.077975 0.042194 0.217807
v 0.080575 0.028728 0.223808
v 0.086111 0.030531 0.217807
v -0.058623 0.031576 0.217729
v 0.074778 -0.046886 0.206329
v 0.096472 -0.007488 0.217807
v -0.089066 -0.025686 0.217807
v -0.039288 0.018123 0.217729
v -0.042483 0.025215 0.217729
v -0.063768 0.035076 0.217729
v 0.095197 0.003864 0.217807
v 0.045140 0.011128 0.217729
v -0.059995 -0.044105 0.217306
v -0.088556 -0.007568 0.210029
v 0.067054 0.024326 0.217142
v -0.048957 0.044859 0.217729
v -0.062300 0.034831 0.220060
v -0.084068 0.017760 0.210029
v -0.078296 0.030017 0.210029
v 0.058639 0.000350 0.213561
v 0.062072 0.031360 0.217142
v -0.052401 0.000350 0.213561
v 0.063905 0.032608 0.209495
v 0.074259 0.001533 0.210443
v 0.072302 0.002741 0.217045
v 0.337967 0.010762 -0.570947
v 0.339705 0.009148 -0.550618
v 0.338775 -0.050256 -0.536486
v 0.069250 0.025041 0.209495
v 0.076658 0.041297 0.210029
v 0.085687 -0.024639 0.206329
v 0.077449 -0.023743 0.209495
v 0.082053 -0.035041 0.206329
v 0.077591 0.002951 0.209495
v -0.179609 0.057463 0.143939
v -0.218652 0.057232 0.132191
v -0.215730 0.051915 0.129184
v 0.090305 0.017760 0.210029
v 0.093538 0.003657 0.210029
v -0.232872 0.048901 0.119289
v -0.057668 0.032608 0.209495
v -0.063014 0.025041 0.209495
v -0.070793 0.027574 0.206329
v 0.074002 -0.033268 0.209495
v -0.064159 0.037031 0.206329
v 0.335442 0.011371 -0.571066
v 0.444784 0.011371 -0.571066
v 0.094794 -0.007568 0.210029
v 0.085646 0.003074 0.206329
v -0.239103 0.052158 0.116983
v -0.329696 0.008243 -0.570142
v -0.438547 0.007148 -0.549650
v -0.438547 0.008243 -0.570142
v -0.238724 0.074158 0.116783
v 0.335934 0.008243 -0.570142
v 0.335906 0.017794 -0.585741
v 0.074419 0.014534 0.209495
v 0.335677 0.009759 -0.550737
v -0.068182 0.014534 0.209495
v -0.076269 0.016176 0.206329
v 0.238259 0.077582 0.119210
v 0.220144 0.067665 0.130669
v 0.223573 0.062534 0.132670
v -0.179752 0.062363 0.143974
v 0.093632 -0.025504 0.210029
v 0.086810 -0.007950 0.206329
v 0.444784 0.007148 -0.549650
v 0.444784 0.008243 -0.570142
v -0.170954 0.052940 0.135155
v -0.175614 0.056247 0.142743
v -0.179888 0.052333 0.139674
v -0.170983 0.071257 0.135189
v -0.071211 -0.023743 0.209495
v -0.068885 -0.023489 0.217142
v 0.177190 0.052940 0.135714
v 0.181850 0.056247 0.143302
v 0.177219 0.071257 0.135749
v 0.004250 0.023461 0.571661
v 0.002772 0.023461 0.573555
v -0.329933 0.007148 -0.549650
v -0.438547 0.011803 -0.540850
v 0.180970 0.048901 0.133811
v -0.080574 -0.007950 0.206329
v -0.079449 -0.024639 0.206329
v -0.172369 0.050250 0.125317
v -0.175677 0.051478 0.130808
v -0.155604 0.017577 0.125395
v -0.179665 0.067836 0.139846
v -0.218471 0.062534 0.132670
v 0.119046 -0.239317 -0.656858
v 0.119434 -0.240534 0.127223
v 0.070397 0.037031 0.206329
v 0.082505 0.016176 0.206329
v -0.174733 0.048901 0.133252
v 0.444784 0.011803 -0.540850
v 0.336170 0.007148 -0.549650
v 0.186124 0.052333 0.140232
v 0.244295 0.074158 0.116783
v 0.223268 0.057232 0.132191
v 0.244674 0.052158 0.116983
v -0.174613 0.074958 0.133098
v -0.175840 0.064015 0.142572
v -0.215528 0.067665 0.130669
v 0.340730 0.011803 -0.540850
v 0.335906 0.011803 -0.540850
v -0.329668 0.017794 -0.585741
v 0.089817 -0.036750 0.210029
v -0.329668 0.011803 -0.540850
v -0.330991 -0.048987 -0.493431
v -0.332539 -0.050256 -0.536486
v 0.077030 0.027574 0.206329
v -0.075816 -0.035041 0.206329
v -0.438668 0.003331 -0.540089
v -0.438668 0.015546 -0.540133
v -0.329441 0.009759 -0.550737
v -0.438547 0.009759 -0.550737
v 0.180850 0.074958 0.133658
v -0.329204 0.011371 -0.571066
v 0.185989 0.062363 0.144534
v -0.438547 0.011371 -0.571066
v 0.001617 0.065214 0.454027
v 0.000819 0.028868 0.454395
v 0.005253 0.028868 0.454281
v 0.008316 0.030818 0.213733
v 0.008316 0.024366 0.213733
v -0.013014 0.024366 0.213733
v -0.066065 0.002741 0.217045
v 0.185901 0.067836 0.140406
v -0.232688 0.077582 0.119210
v 0.185847 0.057463 0.144498
v 0.220346 0.051915 0.129184
v -0.334493 0.011803 -0.540850
v -0.067766 -0.033268 0.209495
v -0.065492 -0.032768 0.217142
v 0.003097 0.065217 0.442661
v -0.013014 0.030818 0.213733
v 0.337228 -0.048987 -0.493431
v 0.161840 0.017577 0.125395
v 0.161768 0.017963 0.130887
v 0.181913 0.051478 0.130808
v 0.178607 0.050250 0.125317
v -0.331731 0.010762 -0.570947
v -0.071354 0.002951 0.209495
v 0.084534 0.030017 0.210029
v -0.162930 0.016375 0.116508
v -0.155531 0.017963 0.130887
v 0.238443 0.048901 0.119289
v -0.068021 0.001533 0.210443
v 0.444784 0.009759 -0.550737
v 0.342676 -0.049058 -0.493431
v 0.182077 0.064015 0.143131
v 0.002997 0.068107 0.332291
v 0.010301 0.049304 0.332223
v -0.003871 0.049060 0.332223
v 0.003097 0.028868 0.442209
v -0.079410 0.003074 0.206329
v -0.336440 -0.049058 -0.493431
v -0.333468 0.009148 -0.550618
v -0.175493 0.050447 0.116431
v 0.181729 0.050447 0.116431
v 0.169167 0.016375 0.116508
v 0.003167 0.046934 0.383852
v 0.556050 0.022794 -1.023630
v 0.556050 0.042699 -0.987441
v 0.564867 0.013287 -0.975758
v 0.556050 -0.079578 -0.764908
v 0.538513 -0.077184 -0.752174
v 0.538513 -0.121647 -0.749376
v 0.557727 -0.008715 -0.913853
v 0.557727 -0.008704 -0.939568
v 0.564867 0.021584 -0.943437
v 0.556050 0.042725 -0.866129
v 0.538513 0.054759 -0.861327
v 0.538513 0.033298 -0.822287
v 0.556050 -0.079646 -1.088610
v 0.556050 -0.040363 -1.075856
v 0.564867 -0.053807 -1.047204
v 0.557727 -0.209861 -0.901282
v 0.552175 -0.203080 -0.902955
v 0.552175 -0.194259 -0.880676
v 0.557727 -0.213073 -0.926796
v 0.552175 -0.206083 -0.926728
v 0.538513 0.054759 -0.992178
v 0.538513 0.065838 -0.949028
v 0.557727 -0.200363 -0.976212
v 0.552175 -0.194259 -0.972780
v 0.552175 -0.203080 -0.950501
v 0.552175 -0.021613 -0.961918
v 0.557727 -0.015089 -0.964477
v 0.557727 -0.209840 -0.952306
v 0.556050 -0.005485 -1.053732
v 0.538513 0.002800 -1.063694
v 0.538513 0.033298 -1.031218
v 0.538513 -0.205718 -1.076812
v 0.556050 -0.198804 -1.065854
v 0.556050 -0.230622 -1.039520
v 0.556050 -0.161370 -0.770037
v 0.538513 -0.165408 -0.757725
v 0.538513 -0.205718 -0.776693
v 0.557727 -0.142229 -0.829200
v 0.552175 -0.140031 -0.835815
v 0.552175 -0.116494 -0.831325
v 0.557727 -0.142148 -1.024332
v 0.552175 -0.140031 -1.017641
v 0.552175 -0.161712 -1.007438
v 0.552175 -0.116494 -1.022131
v 0.552175 -0.092579 -1.020626
v 0.552175 -0.069791 -1.013222
v 0.552175 -0.049559 -1.000383
v 0.552175 -0.180175 -0.992166
v 0.552175 -0.033157 -0.982916
v 0.552175 -0.015654 -0.938709
v 0.552175 -0.015654 -0.914747
v 0.552175 -0.021613 -0.891539
v 0.552175 -0.033157 -0.870540
v 0.552175 -0.049559 -0.853074
v 0.552175 -0.180175 -0.861292
v 0.552175 -0.069791 -0.840234
v 0.552175 -0.161712 -0.846018
v 0.552175 -0.092579 -0.832830
v 0.556050 0.022835 -0.829932
v 0.538513 0.002800 -0.789812
v 0.556050 0.052987 -0.906136
v 0.538513 0.065838 -0.904477
v 0.557727 -0.185299 -0.856558
v 0.556050 0.052979 -0.947438
v 0.538513 -0.288214 -0.926752
v 0.556050 -0.275256 -0.926718
v 0.556050 -0.270071 -0.885743
v 0.557727 -0.116971 -0.824371
v 0.557727 -0.091306 -0.825975
v 0.564867 -0.085542 -0.795989
v 0.564867 -0.227142 -0.862621
v 0.564867 -0.207528 -0.835624
v 0.556050 -0.230575 -0.813935
v 0.564867 -0.181817 -0.814355
v 0.556050 -0.198746 -0.787614
v 0.564867 -0.239427 -0.893647
v 0.556050 -0.254859 -0.847344
v 0.557727 -0.165491 -0.840159
v 0.557727 -0.116885 -1.029139
v 0.557727 -0.091222 -1.027514
v 0.564867 -0.118845 -0.793894
v 0.564867 -0.002789 -1.005000
v 0.564867 -0.151624 -1.053359
v 0.564867 -0.118845 -1.059611
v 0.538513 -0.266231 -0.841132
v 0.538513 -0.282630 -0.882554
v 0.557727 -0.027517 -0.866419
v 0.557727 -0.015120 -0.888948
v 0.564867 0.013287 -0.877747
v 0.538513 -0.240045 -0.805091
v 0.556050 -0.120798 -0.762306
v 0.557727 -0.045129 -0.847681
v 0.564867 -0.002789 -0.848505
v 0.564867 -0.151624 -0.800146
v 0.557727 -0.066847 -0.833911
v 0.564867 -0.025632 -0.824181
v 0.564867 -0.181817 -1.039151
v 0.564867 -0.207528 -1.017881
v 0.557727 -0.165419 -1.013392
v 0.538513 -0.034815 -1.087565
v 0.538513 -0.121647 -1.104129
v 0.556050 -0.120868 -1.091194
v 0.556050 -0.161437 -1.083447
v 0.557727 -0.066769 -1.019557
v 0.564867 -0.025632 -1.029324
v 0.564867 0.021585 -0.910068
v 0.564867 -0.053807 -0.806301
v 0.556050 -0.040300 -0.777679
v 0.564867 -0.085542 -1.057516
v 0.564867 -0.227142 -0.990884
v 0.557727 -0.185241 -0.997010
v 0.538513 -0.077184 -1.101331
v 0.557727 -0.045063 -1.005769
v 0.557727 -0.027468 -0.987017
v 0.538513 -0.282630 -0.970952
v 0.556050 -0.270088 -0.967695
v 0.556050 -0.254892 -1.006101
v 0.557727 -0.200405 -0.877369
v 0.564867 -0.243609 -0.926752
v 0.538513 -0.266231 -1.012373
v 0.556050 -0.005433 -0.799817
v 0.564867 -0.239427 -0.959859
v 0.538513 -0.034815 -0.765941
v 0.538513 -0.240044 -1.048415
v 0.538513 -0.165408 -1.095781
v -0.378435 -0.091988 -0.831367
v -0.378435 -0.115902 -0.829863
v -0.378435 -0.139439 -0.834352
v -0.378435 -0.161121 -0.844555
v -0.378435 -0.048968 -0.851611
v -0.378435 -0.179583 -0.859829
v -0.378435 -0.032564 -0.869079
v -0.378435 -0.193668 -0.879215
v -0.378435 -0.202489 -0.901493
v -0.378435 -0.015062 -0.913285
v -0.378435 -0.205492 -0.925265
v -0.378435 -0.015062 -0.937247
v -0.378435 -0.202489 -0.949038
v -0.378435 -0.193668 -0.971317
v -0.378435 -0.032564 -0.981453
v -0.378435 -0.179583 -0.990703
v -0.378435 -0.161121 -1.005977
v -0.378435 -0.069199 -1.011760
v -0.378435 -0.139439 -1.016179
v -0.378435 -0.091988 -1.019165
v -0.378435 -0.115902 -1.020669
v -0.392097 -0.205126 -1.075351
v -0.374561 -0.198213 -1.064391
v -0.374561 -0.230031 -1.038058
v -0.372885 -0.212482 -0.925333
v -0.372885 -0.209248 -0.950844
v -0.374561 -0.269497 -0.966234
v -0.392097 -0.282039 -0.969489
v -0.392097 -0.265638 -1.010911
v -0.372885 -0.026876 -0.985555
v -0.378435 -0.048968 -0.998920
v -0.365744 -0.025040 -0.822718
v -0.365744 -0.053215 -0.804838
v -0.372885 -0.066255 -0.832449
v -0.374561 -0.274665 -0.925256
v -0.392097 -0.287623 -0.925290
v -0.392097 -0.164816 -1.094319
v -0.374561 -0.160844 -1.081985
v -0.365744 0.013878 -0.974296
v -0.365744 -0.002198 -1.003537
v -0.374561 0.023386 -1.022167
v -0.374561 -0.078987 -0.763445
v -0.392097 -0.076593 -0.750711
v -0.392097 -0.121055 -0.747914
v -0.365744 0.022177 -0.941975
v -0.374561 0.043291 -0.985978
v -0.392097 0.003392 -1.062231
v -0.374561 -0.004894 -1.052269
v -0.374561 -0.039771 -1.074393
v -0.374561 -0.198154 -0.786153
v -0.374561 -0.229984 -0.812472
v -0.365744 -0.206937 -0.834163
v -0.392097 -0.121054 -1.102666
v -0.374561 -0.120276 -1.089733
v -0.365744 -0.118254 -1.058149
v -0.365744 -0.151032 -1.051896
v -0.374561 -0.160779 -0.768574
v -0.365744 -0.181225 -0.812892
v -0.372885 -0.008123 -0.912390
v -0.372885 -0.008112 -0.938105
v -0.392097 0.003392 -0.788350
v -0.374561 -0.004840 -0.798355
v -0.374561 0.023426 -0.828469
v -0.365744 -0.053215 -1.045743
v -0.365744 -0.084951 -1.056054
v -0.374561 -0.079054 -1.087148
v -0.378435 -0.069199 -0.838772
v -0.392097 -0.034223 -0.764478
v -0.392097 -0.205126 -1.075351
v -0.392097 -0.239453 -1.046953
v -0.538513 -0.239453 -1.046953
v -0.372885 -0.116379 -0.822909
v -0.372885 -0.141637 -0.827738
v -0.365744 -0.238834 -0.892185
v -0.365744 -0.243017 -0.925290
v -0.365744 -0.118254 -0.792431
v -0.365744 -0.151032 -0.798684
v -0.392097 -0.164816 -0.756262
v -0.392097 -0.205126 -0.775231
v -0.372885 -0.014497 -0.963016
v -0.365744 -0.025040 -1.027863
v -0.392097 0.066430 -0.947565
v -0.374561 0.053570 -0.945976
v -0.372885 -0.164900 -0.838696
v -0.372885 -0.044471 -1.004308
v -0.372885 -0.066177 -1.018096
v -0.372885 -0.090631 -1.026052
v -0.372885 -0.199772 -0.974749
v -0.372885 -0.184648 -0.995547
v -0.372885 -0.184707 -0.855097
v -0.365744 -0.181225 -1.037689
v -0.372885 -0.116294 -1.027678
v -0.392097 0.066430 -0.903016
v -0.374561 0.053579 -0.904673
v -0.372885 -0.199813 -0.875906
v -0.392097 0.055351 -0.859864
v -0.374561 0.043316 -0.864666
v -0.374561 -0.039708 -0.776217
v -0.374561 -0.269480 -0.884280
v -0.365744 -0.226551 -0.989422
v -0.365744 -0.238834 -0.958397
v -0.372885 -0.014528 -0.887486
v -0.378435 -0.021021 -0.890076
v -0.374561 -0.120207 -0.760844
v -0.365744 -0.084951 -0.794526
v -0.374561 -0.254267 -0.845881
v -0.365744 -0.226551 -0.861158
v -0.392097 -0.076593 -1.099870
v -0.365744 -0.206937 -1.016418
v -0.392097 -0.265638 -0.839670
v -0.392097 -0.282039 -0.881091
v -0.365744 0.013878 -0.876285
v -0.365744 -0.002198 -0.847044
v -0.372885 -0.026926 -0.864956
v -0.372885 -0.164828 -1.011930
v -0.374561 -0.254301 -1.004638
v -0.372885 -0.090714 -0.824513
v -0.372885 -0.141555 -1.022869
v -0.392097 -0.239453 -0.803628
v -0.372885 -0.209269 -0.899820
v -0.378435 -0.021021 -0.960456
v -0.372885 -0.044537 -0.846218
v -0.392097 0.033889 -0.820824
v -0.365744 0.022177 -0.908606
v -0.392097 0.033889 -1.029755
v -0.392097 0.055351 -0.990716
v -0.538513 -0.034223 -0.764478
v -0.538513 -0.076593 -0.750711
v -0.392097 -0.076593 -0.750711
v -0.538513 0.066430 -0.903016
v -0.392097 0.066430 -0.903016
v -0.392097 0.066430 -0.947565
v -0.538513 -0.121054 -0.747914
v -0.392097 -0.121055 -0.747914
v -0.538513 -0.164816 -0.756262
v -0.392097 -0.164816 -0.756262
v -0.392097 -0.076593 -1.099870
v -0.392097 -0.121054 -1.102666
v -0.538513 -0.121055 -1.102666
v -0.538513 0.066430 -0.947565
v -0.392097 0.055351 -0.990716
v -0.538513 0.055351 -0.859864
v -0.538513 0.033889 -0.820826
v -0.392097 0.033889 -0.820824
v -0.538513 0.033889 -1.029755
v -0.392097 0.033889 -1.029755
v -0.392097 0.003392 -1.062231
v -0.538513 0.003392 -0.788350
v -0.392097 0.003392 -0.788350
v -0.392097 -0.034223 -1.086102
v -0.392097 -0.239453 -1.046953
v -0.392097 0.055351 -0.859864
v -0.474189 -0.162105 -0.764713
v -0.474189 -0.120532 -0.756783
v -0.474189 -0.078293 -0.759441
v -0.474189 -0.038041 -0.772519
v -0.474189 -0.002307 -0.795196
v -0.474189 -0.200400 -0.782734
v -0.474189 0.026665 -0.826048
v -0.474189 -0.257887 -0.843950
v -0.474189 -0.233010 -0.809711
v -0.474189 0.047053 -0.863136
v -0.474189 0.057579 -0.904129
v -0.474189 -0.273467 -0.883301
v -0.474189 0.057579 -0.946452
v -0.474189 -0.273467 -0.967279
v -0.474189 -0.278771 -0.925290
v -0.474189 0.047053 -0.987444
v -0.474189 0.026664 -1.024533
v -0.474189 -0.233010 -1.040869
v -0.474189 -0.257887 -1.006629
v -0.474189 -0.002307 -1.055384
v -0.474189 -0.038041 -1.078062
v -0.474189 -0.162105 -1.085867
v -0.474189 -0.200400 -1.067847
v -0.474189 -0.078293 -1.091140
v -0.474189 -0.120532 -1.093798
v -0.392097 -0.034223 -1.086102
v -0.538513 -0.076593 -1.099870
v -0.538513 -0.205126 -0.775230
v -0.538513 -0.239453 -0.803628
v -0.392097 -0.239453 -0.803628
v -0.538513 -0.282039 -0.881091
v -0.538513 -0.287623 -0.925290
v -0.392097 -0.287623 -0.925290
v -0.538513 -0.265638 -1.010911
v -0.538513 -0.282039 -0.969489
v -0.392097 -0.282039 -0.969489
v -0.392097 -0.265638 -1.010911
v -0.538513 -0.265638 -0.839670
v -0.392097 -0.265638 -0.839670
v -0.392097 -0.164816 -1.094319
v -0.538513 -0.164816 -1.094319
v -0.392097 -0.282039 -0.881091
v -0.392097 -0.034223 -0.764478
v -0.538513 0.055351 -0.990716
v -0.538513 -0.034223 -1.086102
v -0.392097 -0.205126 -0.775231
v -0.538513 -0.205126 -1.075350
v -0.538513 0.003392 -1.062231
v -0.556050 0.023386 -0.828414
v -0.556050 0.043291 -0.864602
v -0.564867 0.013878 -0.876285
v -0.556050 -0.078987 -1.087135
v -0.538513 -0.076593 -1.099870
v -0.538513 -0.121055 -1.102666
v -0.557726 -0.008123 -0.938190
v -0.557726 -0.008112 -0.912476
v -0.564867 0.022177 -0.908606
v -0.556050 0.043316 -0.985914
v -0.538513 0.055351 -0.990716
v -0.538513 0.033889 -1.029755
v -0.556050 -0.079054 -0.763432
v -0.556050 -0.039771 -0.776188
v -0.564867 -0.053215 -0.804838
v -0.557726 -0.209269 -0.950761
v -0.552175 -0.202489 -0.949087
v -0.552175 -0.193668 -0.971366
v -0.557726 -0.212482 -0.925248
v -0.552175 -0.205492 -0.925314
v -0.538513 0.055351 -0.859864
v -0.538513 0.066430 -0.903016
v -0.557726 -0.199772 -0.875831
v -0.552175 -0.193668 -0.879263
v -0.552175 -0.202489 -0.901542
v -0.552175 -0.021021 -0.890125
v -0.557726 -0.014497 -0.887565
v -0.557726 -0.209248 -0.899736
v -0.556050 -0.004894 -0.798311
v -0.538513 0.003392 -0.788350
v -0.538513 0.033889 -0.820826
v -0.538513 -0.205126 -0.775230
v -0.556050 -0.198213 -0.786189
v -0.556050 -0.230031 -0.812523
v -0.556050 -0.160779 -1.082007
v -0.538513 -0.164816 -1.094319
v -0.538513 -0.205126 -1.075350
v -0.557726 -0.141637 -1.022843
v -0.552175 -0.139439 -1.016228
v -0.552175 -0.115902 -1.020718
v -0.557726 -0.141555 -0.827711
v -0.552175 -0.139439 -0.834401
v -0.552175 -0.161121 -0.844604
v -0.552175 -0.115902 -0.829912
v -0.552175 -0.091988 -0.831416
v -0.552175 -0.069199 -0.838821
v -0.552175 -0.048968 -0.851660
v -0.552175 -0.179583 -0.859878
v -0.552175 -0.032564 -0.869127
v -0.552175 -0.015062 -0.913334
v -0.552175 -0.015062 -0.937296
v -0.552175 -0.021021 -0.960504
v -0.552175 -0.032564 -0.981502
v -0.552175 -0.048968 -0.998970
v -0.552175 -0.161121 -1.006026
v -0.552175 -0.179583 -0.990752
v -0.552175 -0.069199 -1.011809
v -0.552175 -0.091988 -1.019214
v -0.556050 0.023426 -1.022112
v -0.538513 0.003392 -1.062231
v -0.556050 0.053579 -0.945907
v -0.538513 0.066430 -0.947565
v -0.557726 -0.184707 -0.995484
v -0.556050 0.053570 -0.904605
v -0.538513 -0.287623 -0.925290
v -0.556050 -0.274665 -0.925325
v -0.556050 -0.269480 -0.966300
v -0.557726 -0.116379 -1.027672
v -0.557726 -0.090714 -1.026068
v -0.564867 -0.084951 -1.056054
v -0.564867 -0.226551 -0.989422
v -0.564867 -0.206937 -1.016418
v -0.556050 -0.229984 -1.038108
v -0.564867 -0.181225 -1.037689
v -0.556050 -0.198154 -1.064428
v -0.564867 -0.238834 -0.958396
v -0.556050 -0.254267 -1.004699
v -0.557726 -0.164900 -1.011885
v -0.557726 -0.116294 -0.822903
v -0.557726 -0.090631 -0.824529
v -0.564867 -0.118254 -1.058149
v -0.564867 -0.002198 -0.847044
v -0.564867 -0.151032 -0.798684
v -0.564867 -0.118254 -0.792431
v -0.538513 -0.265638 -1.010911
v -0.538513 -0.282039 -0.969489
v -0.557726 -0.026926 -0.985624
v -0.557726 -0.014528 -0.963094
v -0.564867 0.013878 -0.974296
v -0.538513 -0.239453 -1.046953
v -0.556050 -0.120207 -1.089736
v -0.557726 -0.044537 -1.004362
v -0.564867 -0.002198 -1.003537
v -0.564867 -0.151032 -1.051896
v -0.557726 -0.066255 -1.018132
v -0.564867 -0.025040 -1.027863
v -0.564867 -0.181225 -0.812892
v -0.564867 -0.206937 -0.834162
v -0.557726 -0.164828 -0.838651
v -0.538513 -0.034223 -0.764478
v -0.538513 -0.121054 -0.747914
v -0.556050 -0.120276 -0.760848
v -0.556050 -0.160845 -0.768596
v -0.557726 -0.066177 -0.832485
v -0.564867 -0.025040 -0.822718
v -0.564867 0.022177 -0.941975
v -0.564867 -0.053215 -1.045743
v -0.556050 -0.039708 -1.074363
v -0.564867 -0.084951 -0.794526
v -0.564867 -0.226551 -0.861158
v -0.557726 -0.184648 -0.855033
v -0.538513 -0.076593 -0.750711
v -0.557726 -0.044471 -0.846273
v -0.557726 -0.026876 -0.865026
v -0.538513 -0.282039 -0.881091
v -0.556050 -0.269497 -0.884347
v -0.556050 -0.254301 -0.845942
v -0.557726 -0.199813 -0.974674
v -0.564867 -0.243017 -0.925290
v -0.538513 -0.265638 -0.839670
v -0.556050 -0.004840 -1.052226
v -0.564867 -0.238834 -0.892184
v -0.538513 -0.034223 -1.086102
v -0.538513 -0.239453 -0.803628
v -0.538513 -0.164816 -0.756262
v 0.378435 -0.116494 -1.022180
v 0.378435 -0.140031 -1.017690
v 0.378435 -0.069791 -1.013271
v 0.378435 -0.161712 -1.007487
v 0.378435 -0.049559 -1.000431
v 0.378435 -0.180175 -0.992214
v 0.378435 -0.194259 -0.972829
v 0.378435 -0.021613 -0.961967
v 0.378435 -0.203080 -0.950550
v 0.378435 -0.206083 -0.926777
v 0.378435 -0.015654 -0.914796
v 0.378435 -0.203080 -0.903004
v 0.378435 -0.021613 -0.891588
v 0.378435 -0.194259 -0.880725
v 0.378435 -0.180175 -0.861340
v 0.378435 -0.049559 -0.853122
v 0.378435 -0.161712 -0.846066
v 0.378435 -0.069791 -0.840283
v 0.378435 -0.140031 -0.835864
v 0.378435 -0.092579 -0.832878
v 0.378435 -0.116494 -0.831374
v 0.392097 -0.205718 -0.776693
v 0.374561 -0.198804 -0.787652
v 0.374561 -0.230622 -0.813985
v 0.372885 -0.213073 -0.926710
v 0.372885 -0.209840 -0.901199
v 0.374561 -0.270088 -0.885810
v 0.392097 -0.282630 -0.882554
v 0.392097 -0.266231 -0.841132
v 0.372885 -0.027468 -0.866489
v 0.378435 -0.033157 -0.870590
v 0.365744 -0.025632 -1.029324
v 0.365744 -0.053807 -1.047204
v 0.372885 -0.066847 -1.019594
v 0.374561 -0.275256 -0.926787
v 0.392097 -0.288214 -0.926752
v 0.392097 -0.165408 -0.757725
v 0.374561 -0.161437 -0.770058
v 0.365744 0.013287 -0.877747
v 0.365744 -0.002789 -0.848505
v 0.374561 0.022794 -0.829875
v 0.374561 -0.079578 -1.088597
v 0.392097 -0.077184 -1.101331
v 0.392097 -0.121647 -1.104129
v 0.365744 0.021584 -0.910069
v 0.374561 0.042699 -0.866064
v 0.392097 0.002800 -0.789812
v 0.374561 -0.005485 -0.799773
v 0.374561 -0.040363 -0.777650
v 0.374561 -0.198746 -1.065891
v 0.374561 -0.230575 -1.039570
v 0.365744 -0.207528 -1.017881
v 0.392097 -0.121647 -0.749376
v 0.374561 -0.120868 -0.762310
v 0.365744 -0.118845 -0.793894
v 0.365744 -0.151624 -0.800146
v 0.374561 -0.161370 -1.083468
v 0.365744 -0.181817 -1.039150
v 0.372885 -0.008715 -0.939652
v 0.372885 -0.008704 -0.913937
v 0.392097 0.002800 -1.063694
v 0.374561 -0.005433 -1.053687
v 0.374561 0.022835 -1.023573
v 0.378435 -0.015654 -0.938758
v 0.365744 -0.053807 -0.806301
v 0.365744 -0.085542 -0.795989
v 0.374561 -0.079646 -0.764895
v 0.392097 -0.034815 -1.087565
v 0.392097 -0.205718 -0.776693
v 0.392097 -0.240045 -0.805090
v 0.538513 -0.240045 -0.805091
v 0.372885 -0.116971 -1.029134
v 0.372885 -0.142229 -1.024305
v 0.365744 -0.239427 -0.959859
v 0.365744 -0.243609 -0.926752
v 0.365744 -0.118845 -1.059611
v 0.365744 -0.151624 -1.053359
v 0.392097 -0.165408 -1.095781
v 0.392097 -0.205718 -1.076812
v 0.372885 -0.015089 -0.889028
v 0.365744 -0.025632 -0.824181
v 0.392097 0.065838 -0.904477
v 0.374561 0.052979 -0.906067
v 0.372885 -0.165491 -1.013346
v 0.372885 -0.045063 -0.847736
v 0.372885 -0.066769 -0.833948
v 0.372885 -0.091222 -0.825991
v 0.372885 -0.200363 -0.877294
v 0.372885 -0.185241 -0.856496
v 0.372885 -0.185299 -0.996947
v 0.365744 -0.181817 -0.814355
v 0.372885 -0.116885 -0.824366
v 0.392097 0.065838 -0.949028
v 0.374561 0.052987 -0.947369
v 0.372885 -0.200405 -0.976137
v 0.392097 0.054759 -0.992178
v 0.374561 0.042725 -0.987376
v 0.374561 -0.040300 -1.075826
v 0.374561 -0.270071 -0.967762
v 0.365744 -0.227142 -0.862621
v 0.365744 -0.239427 -0.893647
v 0.372885 -0.015120 -0.964557
v 0.374561 -0.120798 -1.091199
v 0.365744 -0.085542 -1.057516
v 0.374561 -0.254859 -1.006161
v 0.365744 -0.227142 -0.990884
v 0.392097 -0.077184 -0.752174
v 0.365744 -0.207528 -0.835624
v 0.392097 -0.266231 -1.012373
v 0.392097 -0.282630 -0.970951
v 0.365744 0.013287 -0.975758
v 0.365744 -0.002789 -1.005000
v 0.372885 -0.027517 -0.987086
v 0.372885 -0.165419 -0.840113
v 0.374561 -0.254892 -0.847404
v 0.372885 -0.091306 -1.027530
v 0.378435 -0.092579 -1.020675
v 0.372885 -0.142148 -0.829174
v 0.392097 -0.240044 -1.048415
v 0.372885 -0.209861 -0.952223
v 0.372885 -0.045129 -1.005824
v 0.392097 0.033298 -1.031218
v 0.365744 0.021585 -0.943437
v 0.378435 -0.033157 -0.982965
v 0.392097 0.033298 -0.822287
v 0.392097 0.054759 -0.861327
v 0.538513 -0.034815 -1.087565
v 0.538513 -0.077184 -1.101331
v 0.392097 -0.077184 -1.101331
v 0.538513 0.065838 -0.949028
v 0.392097 0.065838 -0.949028
v 0.392097 0.065838 -0.904477
v 0.538513 -0.121647 -1.104129
v 0.392097 -0.121647 -1.104129
v 0.538513 -0.165408 -1.095781
v 0.392097 -0.165408 -1.095781
v 0.392097 -0.077184 -0.752174
v 0.392097 -0.121647 -0.749376
v 0.538513 -0.121647 -0.749376
v 0.538513 0.065838 -0.904477
v 0.392097 0.054759 -0.861327
v 0.538513 0.033298 -1.031218
v 0.392097 0.033298 -1.031218
v 0.392097 0.054759 -0.992178
v 0.538513 0.033298 -0.822287
v 0.392097 0.033298 -0.822287
v 0.392097 0.002800 -0.789812
v 0.538513 0.002800 -1.063694
v 0.392097 0.002800 -1.063694
v 0.392097 -0.034815 -0.765941
v 0.392097 -0.240045 -0.805090
v 0.538513 0.054759 -0.992178
v 0.474189 -0.121124 -1.095260
v 0.474189 -0.078885 -1.092603
v 0.474189 -0.038633 -1.079524
v 0.474189 -0.200991 -1.069310
v 0.474189 -0.162697 -1.087329
v 0.474189 -0.233602 -1.042332
v 0.474189 -0.002899 -1.056846
v 0.474189 0.026073 -1.025994
v 0.474189 0.046462 -0.988907
v 0.474189 -0.258478 -1.008092
v 0.474189 0.056988 -0.947914
v 0.474189 -0.274058 -0.968741
v 0.474189 0.056988 -0.905592
v 0.474189 -0.274058 -0.884764
v 0.474189 -0.279362 -0.926752
v 0.474189 -0.258478 -0.845413
v 0.474189 0.046462 -0.864598
v 0.474189 0.026073 -0.827510
v 0.474189 -0.002899 -0.796659
v 0.474189 -0.200991 -0.784195
v 0.474189 -0.233602 -0.811173
v 0.474189 -0.038633 -0.773981
v 0.474189 -0.078885 -0.760902
v 0.474189 -0.162697 -0.766175
v 0.474189 -0.121124 -0.758245
v 0.392097 -0.034815 -0.765941
v 0.538513 -0.077184 -0.752174
v 0.538513 -0.205718 -1.076812
v 0.538513 -0.240044 -1.048415
v 0.392097 -0.240044 -1.048415
v 0.538513 -0.282630 -0.970952
v 0.538513 -0.288214 -0.926752
v 0.392097 -0.288214 -0.926752
v 0.538513 -0.266231 -0.841132
v 0.538513 -0.282630 -0.882554
v 0.392097 -0.282630 -0.882554
v 0.392097 -0.266231 -0.841132
v 0.538513 -0.266231 -1.012373
v 0.392097 -0.266231 -1.012373
v 0.392097 -0.165408 -0.757725
v 0.538513 -0.165408 -0.757725
v 0.392097 -0.282630 -0.970951
v 0.392097 -0.034815 -1.087565
v 0.538513 0.054759 -0.861327
v 0.538513 -0.034815 -0.765941
v 0.392097 -0.205718 -1.076812
v 0.538513 -0.205718 -0.776693
v 0.538513 0.002800 -0.789812
v 0.369056 -0.116299 0.606716
v 0.369056 -0.139837 0.611206
v 0.369056 -0.069595 0.615625
v 0.369056 -0.161518 0.621408
v 0.369056 -0.049365 0.628464
v 0.369056 -0.179981 0.636681
v 0.369056 -0.194064 0.656067
v 0.369056 -0.021418 0.666929
v 0.369056 -0.202886 0.678346
v 0.369056 -0.205889 0.702119
v 0.369056 -0.015459 0.714100
v 0.369056 -0.202886 0.725892
v 0.369056 -0.194064 0.748171
v 0.369056 -0.032961 0.758307
v 0.369056 -0.179981 0.767555
v 0.369056 -0.161518 0.782829
v 0.369056 -0.069595 0.788613
v 0.369056 -0.139837 0.793032
v 0.369056 -0.092384 0.796017
v 0.369056 -0.116299 0.797522
v 0.382718 -0.205523 0.852203
v 0.365181 -0.198609 0.841244
v 0.365181 -0.230428 0.814910
v 0.363505 -0.212879 0.702186
v 0.363505 -0.209645 0.727697
v 0.365181 -0.269894 0.743086
v 0.382718 -0.282436 0.746342
v 0.382718 -0.266036 0.787764
v 0.363505 -0.027272 0.762407
v 0.369056 -0.049365 0.775774
v 0.356364 -0.025437 0.599572
v 0.356364 -0.053612 0.581692
v 0.363505 -0.066651 0.609302
v 0.365181 -0.275062 0.702109
v 0.382718 -0.288019 0.702143
v 0.382718 -0.165213 0.871171
v 0.365181 -0.161242 0.858838
v 0.356364 0.013481 0.751148
v 0.356364 -0.002595 0.780390
v 0.365181 0.022989 0.799020
v 0.365181 -0.079383 0.540299
v 0.382718 -0.076989 0.527564
v 0.382718 -0.121452 0.524767
v 0.356364 0.021780 0.718828
v 0.365181 0.042894 0.762832
v 0.382718 0.002996 0.839084
v 0.365181 -0.005291 0.829122
v 0.365181 -0.040168 0.851246
v 0.365181 -0.198551 0.563005
v 0.365181 -0.230380 0.589326
v 0.356364 -0.207334 0.611015
v 0.382718 -0.121452 0.879520
v 0.365181 -0.120672 0.866585
v 0.356364 -0.118651 0.835002
v 0.356364 -0.151429 0.828750
v 0.365181 -0.161176 0.545428
v 0.356364 -0.181623 0.589745
v 0.363505 -0.008519 0.689244
v 0.363505 -0.008509 0.714959
v 0.382718 0.002996 0.565202
v 0.365181 -0.005237 0.575208
v 0.365181 0.023029 0.605323
v 0.369056 -0.015459 0.690138
v 0.356364 -0.053612 0.822595
v 0.356364 -0.085347 0.832907
v 0.365181 -0.079452 0.864001
v 0.382718 -0.034619 0.541331
v 0.382718 -0.205523 0.852203
v 0.382718 -0.239849 0.823806
v 0.529134 -0.239849 0.823806
v 0.363505 -0.116776 0.599762
v 0.363505 -0.142034 0.604591
v 0.356364 -0.239232 0.669037
v 0.356364 -0.243414 0.702143
v 0.356364 -0.118651 0.569285
v 0.356364 -0.151429 0.575537
v 0.382718 -0.165213 0.533114
v 0.382718 -0.205523 0.552083
v 0.363505 -0.014894 0.739868
v 0.356364 -0.025437 0.804715
v 0.382718 0.066034 0.724419
v 0.365181 0.053174 0.722828
v 0.363505 -0.165297 0.615549
v 0.363505 -0.044868 0.781160
v 0.363505 -0.066574 0.794948
v 0.363505 -0.091028 0.802905
v 0.363505 -0.200169 0.751602
v 0.363505 -0.185045 0.772400
v 0.363505 -0.185104 0.631949
v 0.356364 -0.181623 0.814541
v 0.363505 -0.116691 0.804530
v 0.382718 0.066034 0.679868
v 0.365181 0.053183 0.681527
v 0.363505 -0.200210 0.652759
v 0.382718 0.054954 0.636717
v 0.365181 0.042919 0.641520
v 0.365181 -0.040106 0.553070
v 0.365181 -0.269876 0.661133
v 0.356364 -0.226948 0.766275
v 0.356364 -0.239232 0.735249
v 0.363505 -0.014926 0.664339
v 0.365181 -0.120604 0.537697
v 0.356364 -0.085348 0.571380
v 0.365181 -0.254664 0.622735
v 0.356364 -0.226948 0.638012
v 0.382718 -0.076989 0.876722
v 0.356364 -0.207334 0.793271
v 0.382718 -0.266036 0.616523
v 0.382718 -0.282435 0.657945
v 0.356364 0.013481 0.653138
v 0.356364 -0.002595 0.623896
v 0.363505 -0.027323 0.641810
v 0.363505 -0.165225 0.788783
v 0.365181 -0.254697 0.781492
v 0.363505 -0.091111 0.601366
v 0.369056 -0.092385 0.608221
v 0.363505 -0.141953 0.799722
v 0.382718 -0.239849 0.580481
v 0.363505 -0.209667 0.676672
v 0.369056 -0.021418 0.737308
v 0.363505 -0.044934 0.623072
v 0.382718 0.033492 0.597678
v 0.356364 0.021780 0.685458
v 0.369056 -0.032961 0.645931
v 0.382718 0.033492 0.806609
v 0.382718 0.054954 0.767569
v 0.529134 -0.034619 0.541331
v 0.529134 -0.076989 0.527564
v 0.382718 -0.076989 0.527564
v 0.529134 0.066034 0.679868
v 0.382718 0.066034 0.679868
v 0.382718 0.066034 0.724419
v 0.529134 -0.121452 0.524767
v 0.382718 -0.121452 0.524767
v 0.529134 -0.165213 0.533114
v 0.382718 -0.165213 0.533114
v 0.382718 -0.076989 0.876722
v 0.382718 -0.121452 0.879520
v 0.529134 -0.121452 0.879520
v 0.529134 0.066034 0.724419
v 0.382718 0.054954 0.767569
v 0.529134 0.054954 0.636718
v 0.529134 0.033492 0.597678
v 0.382718 0.033492 0.597678
v 0.529134 0.033492 0.806609
v 0.382718 0.033492 0.806609
v 0.382718 0.002996 0.839084
v 0.529134 0.002996 0.565202
v 0.382718 0.002996 0.565202
v 0.382718 -0.034619 0.862955
v 0.382718 -0.239849 0.823806
v 0.382718 0.054954 0.636717
v 0.464810 -0.120929 0.533636
v 0.464810 -0.078689 0.536293
v 0.464810 -0.038438 0.549371
v 0.464810 -0.200796 0.559586
v 0.464810 -0.162502 0.541566
v 0.464810 -0.233406 0.586564
v 0.464810 -0.002704 0.572049
v 0.464810 0.026268 0.602901
v 0.464810 0.046657 0.639989
v 0.464810 -0.273863 0.660155
v 0.464810 -0.258283 0.620804
v 0.464810 -0.279168 0.702143
v 0.464810 0.057182 0.680982
v 0.464810 0.057182 0.723304
v 0.464810 0.046657 0.764298
v 0.464810 -0.258283 0.783483
v 0.464810 -0.273863 0.744132
v 0.464810 0.026268 0.801385
v 0.464810 -0.002704 0.832237
v 0.464810 -0.200796 0.844700
v 0.464810 -0.233406 0.817723
v 0.464810 -0.038438 0.854914
v 0.464810 -0.078689 0.867993
v 0.464810 -0.162502 0.862720
v 0.464810 -0.120929 0.870650
v 0.382718 -0.034619 0.862955
v 0.529134 -0.076989 0.876722
v 0.529134 -0.205523 0.552083
v 0.529134 -0.239849 0.580481
v 0.382718 -0.239849 0.580481
v 0.529134 -0.282436 0.657944
v 0.529134 -0.288019 0.702143
v 0.382718 -0.288019 0.702143
v 0.529134 -0.266036 0.787764
v 0.529134 -0.282435 0.746342
v 0.382718 -0.282436 0.746342
v 0.529134 -0.266036 0.616522
v 0.382718 -0.266036 0.616523
v 0.382718 -0.165213 0.871171
v 0.529134 -0.165213 0.871171
v 0.382718 -0.282435 0.657945
v 0.382718 -0.034619 0.541331
v 0.529134 0.054954 0.767569
v 0.529134 0.002996 0.839084
v 0.382718 -0.205523 0.552083
v 0.529134 -0.205523 0.852203
v 0.529134 -0.034619 0.862955
v 0.382718 -0.266036 0.787764
v 0.546671 0.022989 0.605266
v 0.546671 0.042894 0.641455
v 0.555488 0.013481 0.653138
v 0.546671 -0.079383 0.863988
v 0.529134 -0.076989 0.876722
v 0.529134 -0.121452 0.879520
v 0.548346 -0.008519 0.715043
v 0.548346 -0.008509 0.689328
v 0.555488 0.021780 0.685458
v 0.546671 0.042919 0.762767
v 0.529134 0.054954 0.767569
v 0.529134 0.033492 0.806609
v 0.546671 -0.079452 0.540286
v 0.546671 -0.040168 0.553041
v 0.555488 -0.053612 0.581692
v 0.548346 -0.209667 0.727614
v 0.542796 -0.202886 0.725940
v 0.542796 -0.194064 0.748219
v 0.548346 -0.212879 0.702100
v 0.542796 -0.205889 0.702168
v 0.529134 0.054954 0.636718
v 0.529134 0.066034 0.679868
v 0.548346 -0.200169 0.652684
v 0.542796 -0.194064 0.656116
v 0.542796 -0.202886 0.678395
v 0.542796 -0.021418 0.666978
v 0.548346 -0.014894 0.664419
v 0.548346 -0.209645 0.676590
v 0.546671 -0.005291 0.575164
v 0.529134 0.002996 0.565202
v 0.529134 0.033492 0.597678
v 0.529134 -0.205523 0.552083
v 0.546671 -0.198609 0.563042
v 0.546671 -0.230428 0.589375
v 0.546671 -0.161176 0.858859
v 0.529134 -0.165213 0.871171
v 0.529134 -0.205523 0.852203
v 0.548346 -0.142034 0.799695
v 0.542796 -0.139837 0.793081
v 0.542796 -0.116299 0.797571
v 0.548346 -0.141953 0.604564
v 0.542796 -0.139837 0.611255
v 0.542796 -0.161518 0.621457
v 0.542796 -0.116299 0.606764
v 0.542796 -0.092384 0.608269
v 0.542796 -0.069595 0.615673
v 0.542796 -0.179981 0.636730
v 0.542796 -0.049365 0.628513
v 0.542796 -0.032961 0.645980
v 0.542796 -0.015459 0.690187
v 0.542796 -0.015459 0.714148
v 0.542796 -0.021418 0.737358
v 0.542796 -0.032961 0.758355
v 0.542796 -0.179981 0.767604
v 0.542796 -0.049365 0.775822
v 0.542796 -0.069595 0.788662
v 0.542796 -0.161518 0.782878
v 0.542796 -0.092385 0.796066
v 0.546671 0.023029 0.798964
v 0.529134 0.002996 0.839084
v 0.546671 0.053183 0.722760
v 0.529134 0.066034 0.724419
v 0.548346 -0.185104 0.772338
v 0.546671 0.053174 0.681457
v 0.529134 -0.288019 0.702143
v 0.546671 -0.275062 0.702178
v 0.546671 -0.269876 0.743153
v 0.548346 -0.116776 0.804525
v 0.548346 -0.091111 0.802921
v 0.555488 -0.085348 0.832907
v 0.555488 -0.226948 0.766275
v 0.555488 -0.207334 0.793271
v 0.546671 -0.230380 0.814961
v 0.555488 -0.181623 0.814541
v 0.546671 -0.198551 0.841282
v 0.555488 -0.239232 0.735249
v 0.546671 -0.254664 0.781552
v 0.548346 -0.165297 0.788737
v 0.548346 -0.116691 0.599756
v 0.548346 -0.091028 0.601382
v 0.555488 -0.118651 0.835002
v 0.555488 -0.002595 0.623896
v 0.555488 -0.151429 0.575537
v 0.555488 -0.118651 0.569285
v 0.529134 -0.266036 0.787764
v 0.529134 -0.282435 0.746342
v 0.548346 -0.027323 0.762477
v 0.548346 -0.014926 0.739948
v 0.555488 0.013481 0.751148
v 0.529134 -0.239849 0.823806
v 0.546671 -0.120604 0.866590
v 0.548346 -0.044934 0.781215
v 0.555488 -0.002595 0.780390
v 0.555488 -0.151429 0.828750
v 0.548346 -0.066651 0.794985
v 0.555488 -0.025437 0.804715
v 0.555488 -0.181623 0.589745
v 0.555488 -0.207334 0.611015
v 0.548346 -0.165225 0.615504
v 0.529134 -0.034619 0.541331
v 0.529134 -0.121452 0.524767
v 0.546671 -0.120672 0.537701
v 0.546671 -0.161242 0.545449
v 0.548346 -0.066574 0.609339
v 0.555488 -0.025437 0.599572
v 0.555488 0.021780 0.718828
v 0.555488 -0.053612 0.822595
v 0.546671 -0.040106 0.851217
v 0.555488 -0.085347 0.571379
v 0.555488 -0.226948 0.638012
v 0.548346 -0.185045 0.631887
v 0.529134 -0.076989 0.527564
v 0.548346 -0.044868 0.623126
v 0.548346 -0.027272 0.641879
v 0.529134 -0.282436 0.657944
v 0.546671 -0.269894 0.661200
v 0.546671 -0.254697 0.622795
v 0.548346 -0.200210 0.751527
v 0.555488 -0.243414 0.702143
v 0.529134 -0.266036 0.616522
v 0.546671 -0.005237 0.829078
v 0.555488 -0.239232 0.669037
v 0.529134 -0.034619 0.862955
v 0.529134 -0.239849 0.580481
v 0.529134 -0.165213 0.533114
v -0.347159 -0.115707 0.799034
v -0.347159 -0.139244 0.794544
v -0.347159 -0.069004 0.790124
v -0.347159 -0.160925 0.784341
v -0.347159 -0.048772 0.777285
v -0.347159 -0.179388 0.769067
v -0.347159 -0.193473 0.749682
v -0.347159 -0.020826 0.738820
v -0.347159 -0.202294 0.727403
v -0.347159 -0.205297 0.703630
v -0.347159 -0.014867 0.691650
v -0.347159 -0.202294 0.679858
v -0.347159 -0.020826 0.668440
v -0.347159 -0.193473 0.657579
v -0.347159 -0.032370 0.647443
v -0.347159 -0.179388 0.638193
v -0.347159 -0.160925 0.622919
v -0.347159 -0.069004 0.617136
v -0.347159 -0.139244 0.612717
v -0.347159 -0.091793 0.609732
v -0.347159 -0.115707 0.608227
v -0.360821 -0.204931 0.553546
v -0.343285 -0.198017 0.564504
v -0.343285 -0.229836 0.590838
v -0.341608 -0.212287 0.703563
v -0.341608 -0.209054 0.678052
v -0.343285 -0.269303 0.662663
v -0.360821 -0.281844 0.659406
v -0.360821 -0.265444 0.617985
v -0.341608 -0.026681 0.643341
v -0.347159 -0.048772 0.629976
v -0.334468 -0.024846 0.806178
v -0.334468 -0.053020 0.824058
v -0.341608 -0.066060 0.796447
v -0.343285 -0.274470 0.703640
v -0.360821 -0.287428 0.703606
v -0.360821 -0.164621 0.534577
v -0.343285 -0.160650 0.546911
v -0.334468 0.014073 0.654600
v -0.334468 -0.002002 0.625359
v -0.343285 0.023580 0.606729
v -0.343285 -0.078792 0.865450
v -0.360821 -0.076398 0.878185
v -0.360821 -0.120860 0.880981
v -0.334468 0.022371 0.686921
v -0.343285 0.043486 0.642918
v -0.360821 0.003587 0.566665
v -0.343285 -0.004699 0.576627
v -0.343285 -0.039576 0.554503
v -0.343285 -0.197959 0.842744
v -0.343285 -0.229788 0.816424
v -0.334468 -0.206742 0.794733
v -0.360821 -0.120860 0.526230
v -0.343285 -0.120081 0.539163
v -0.334468 -0.118059 0.570746
v -0.334468 -0.150837 0.577000
v -0.343285 -0.160585 0.860322
v -0.334468 -0.181030 0.816004
v -0.341608 -0.007928 0.716506
v -0.341608 -0.007918 0.690791
v -0.360821 0.003587 0.840546
v -0.343285 -0.004646 0.830541
v -0.343285 0.023621 0.800427
v -0.347159 -0.014867 0.715611
v -0.334468 -0.053020 0.583153
v -0.334468 -0.084756 0.572842
v -0.343285 -0.078859 0.541748
v -0.360821 -0.034028 0.864418
v -0.360821 -0.204931 0.553546
v -0.360821 -0.239258 0.581943
v -0.507238 -0.239258 0.581943
v -0.341608 -0.116185 0.805987
v -0.341608 -0.141442 0.801158
v -0.334468 -0.238640 0.736712
v -0.334468 -0.242822 0.703606
v -0.334468 -0.118059 0.836465
v -0.334468 -0.150837 0.830211
v -0.360821 -0.164621 0.872634
v -0.360821 -0.204931 0.853666
v -0.341608 -0.014302 0.665881
v -0.334468 -0.024846 0.601033
v -0.360821 0.066625 0.681331
v -0.343285 0.053766 0.682920
v -0.341608 -0.164705 0.790200
v -0.341608 -0.044277 0.624588
v -0.341608 -0.065983 0.610800
v -0.341608 -0.090435 0.602844
v -0.341608 -0.199578 0.654146
v -0.341608 -0.184454 0.633349
v -0.341608 -0.184512 0.773800
v -0.334468 -0.181030 0.591207
v -0.341608 -0.116100 0.601219
v -0.360821 0.066625 0.725880
v -0.343285 0.053774 0.724222
v -0.341608 -0.199618 0.752989
v -0.360821 0.055546 0.769031
v -0.343285 0.043511 0.764229
v -0.343285 -0.039514 0.852679
v -0.343285 -0.269285 0.744616
v -0.334468 -0.226356 0.639473
v -0.334468 -0.238640 0.670500
v -0.341608 -0.014333 0.741410
v -0.343285 -0.120012 0.868053
v -0.334468 -0.084756 0.834369
v -0.343285 -0.254073 0.783014
v -0.334468 -0.226356 0.767738
v -0.360821 -0.076398 0.529027
v -0.334468 -0.206741 0.612478
v -0.360821 -0.265444 0.789226
v -0.360821 -0.281844 0.747805
v -0.334468 0.014073 0.752611
v -0.334468 -0.002002 0.781852
v -0.341608 -0.026732 0.763939
v -0.341608 -0.164633 0.616966
v -0.343285 -0.254106 0.624258
v -0.341608 -0.090520 0.804383
v -0.347159 -0.091793 0.797529
v -0.341608 -0.141361 0.606027
v -0.360821 -0.239258 0.825268
v -0.341608 -0.209075 0.729076
v -0.341608 -0.044342 0.782677
v -0.360821 0.034083 0.808071
v -0.334468 0.022371 0.720290
v -0.347159 -0.032370 0.759817
v -0.360821 0.034083 0.599141
v -0.360821 0.055546 0.638180
v -0.507238 -0.034028 0.864418
v -0.507238 -0.076398 0.878185
v -0.360821 -0.076398 0.878185
v -0.507238 0.066625 0.725880
v -0.360821 0.066625 0.725880
v -0.360821 0.066625 0.681331
v -0.507238 -0.120860 0.880981
v -0.360821 -0.120860 0.880981
v -0.507238 -0.164621 0.872634
v -0.360821 -0.164621 0.872634
v -0.360821 -0.076398 0.529027
v -0.360821 -0.120860 0.526230
v -0.507238 -0.120860 0.526230
v -0.507238 0.066625 0.681331
v -0.360821 0.055546 0.638180
v -0.507238 0.034083 0.808071
v -0.360821 0.034083 0.808071
v -0.360821 0.055546 0.769031
v -0.507238 0.034083 0.599141
v -0.360821 0.034083 0.599141
v -0.360821 0.003587 0.566665
v -0.507238 0.003587 0.840546
v -0.360821 0.003587 0.840546
v -0.360821 -0.034028 0.542793
v -0.360821 -0.239258 0.581943
v -0.507238 0.055546 0.769031
v -0.442914 -0.161910 0.864183
v -0.442914 -0.120337 0.872113
v -0.442914 -0.078098 0.869456
v -0.442914 -0.037847 0.856377
v -0.442914 -0.002112 0.833700
v -0.442914 -0.232815 0.819185
v -0.442914 -0.200205 0.846162
v -0.442914 0.026859 0.802848
v -0.442914 0.047249 0.765760
v -0.442914 -0.273272 0.745595
v -0.442914 -0.257692 0.784945
v -0.442914 -0.278577 0.703606
v -0.442914 0.057773 0.724767
v -0.442914 0.057773 0.682444
v -0.442914 0.047249 0.641451
v -0.442914 -0.257692 0.622266
v -0.442914 -0.273272 0.661616
v -0.442914 0.026859 0.604364
v -0.442914 -0.002112 0.573512
v -0.442914 -0.232815 0.588027
v -0.442914 -0.037847 0.550834
v -0.442914 -0.200205 0.561049
v -0.442914 -0.078098 0.537756
v -0.442914 -0.161910 0.543029
v -0.442914 -0.120337 0.535098
v -0.360821 -0.034028 0.542793
v -0.507238 -0.076398 0.529027
v -0.507238 -0.204931 0.853666
v -0.507238 -0.239258 0.825268
v -0.360821 -0.239258 0.825268
v -0.507238 -0.281844 0.747805
v -0.507238 -0.287428 0.703606
v -0.360821 -0.287428 0.703606
v -0.507238 -0.265444 0.617985
v -0.507238 -0.281844 0.659406
v -0.360821 -0.281844 0.659406
v -0.360821 -0.265444 0.617985
v -0.507238 -0.265444 0.789226
v -0.360821 -0.265444 0.789226
v -0.360821 -0.164621 0.534577
v -0.507238 -0.164621 0.534577
v -0.360821 -0.281844 0.747805
v -0.360821 -0.034028 0.864418
v -0.507238 0.055546 0.638180
v -0.507238 -0.034028 0.542793
v -0.360821 -0.204931 0.853666
v -0.507238 -0.204931 0.553546
v -0.507238 0.003587 0.566665
v -0.524773 0.023580 0.800483
v -0.524773 0.043486 0.764293
v -0.533590 0.014073 0.752611
v -0.524773 -0.078792 0.541761
v -0.507238 -0.076398 0.529027
v -0.507238 -0.120860 0.526230
v -0.526450 -0.007928 0.690705
v -0.526450 -0.007918 0.716420
v -0.533590 0.022371 0.720290
v -0.524773 0.043511 0.642983
v -0.507238 0.055546 0.638180
v -0.507238 0.034083 0.599141
v -0.524773 -0.078859 0.865463
v -0.524773 -0.039576 0.852708
v -0.533590 -0.053020 0.824058
v -0.526450 -0.209075 0.678135
v -0.520899 -0.202294 0.679809
v -0.520899 -0.193473 0.657530
v -0.526450 -0.212287 0.703648
v -0.520899 -0.205297 0.703582
v -0.507238 0.055546 0.769031
v -0.507238 0.066625 0.725880
v -0.526450 -0.199578 0.753065
v -0.520899 -0.193473 0.749632
v -0.520899 -0.202294 0.727354
v -0.520899 -0.020826 0.738771
v -0.526450 -0.014302 0.741331
v -0.526450 -0.209054 0.729159
v -0.524773 -0.004699 0.830585
v -0.507238 0.003587 0.840546
v -0.507238 0.034083 0.808071
v -0.507238 -0.204931 0.853666
v -0.524773 -0.198017 0.842706
v -0.524773 -0.229836 0.816373
v -0.524773 -0.160585 0.546890
v -0.507238 -0.164621 0.534577
v -0.507238 -0.204931 0.553546
v -0.526450 -0.141442 0.606053
v -0.520899 -0.139244 0.612668
v -0.520899 -0.115707 0.608178
v -0.526450 -0.141361 0.801184
v -0.520899 -0.139244 0.794495
v -0.520899 -0.160925 0.784292
v -0.520899 -0.115707 0.798984
v -0.520899 -0.091793 0.797480
v -0.520899 -0.069004 0.790075
v -0.520899 -0.048772 0.777236
v -0.520899 -0.179388 0.769018
v -0.520899 -0.032370 0.759768
v -0.520899 -0.014867 0.715562
v -0.520899 -0.014867 0.691600
v -0.520899 -0.020826 0.668392
v -0.520899 -0.032370 0.647394
v -0.520899 -0.048772 0.629926
v -0.520899 -0.160925 0.622870
v -0.520899 -0.179388 0.638144
v -0.520899 -0.069004 0.617087
v -0.520899 -0.091793 0.609682
v -0.524773 0.023621 0.606784
v -0.507238 0.003587 0.566665
v -0.524773 0.053774 0.682989
v -0.507238 0.066625 0.681331
v -0.526450 -0.184512 0.633412
v -0.524773 0.053766 0.724291
v -0.507238 -0.287428 0.703606
v -0.524773 -0.274470 0.703571
v -0.524773 -0.269285 0.662595
v -0.526450 -0.116185 0.601224
v -0.526450 -0.090520 0.602828
v -0.533590 -0.084756 0.572842
v -0.533590 -0.226356 0.639474
v -0.533590 -0.206742 0.612478
v -0.524773 -0.229788 0.590788
v -0.533590 -0.181030 0.591207
v -0.524773 -0.197959 0.564468
v -0.533590 -0.238640 0.670500
v -0.524773 -0.254073 0.624197
v -0.526450 -0.164705 0.617012
v -0.526450 -0.116100 0.805993
v -0.526450 -0.090435 0.804367
v -0.533590 -0.118059 0.570746
v -0.533590 -0.002002 0.781852
v -0.533590 -0.150837 0.830211
v -0.533590 -0.118059 0.836465
v -0.507238 -0.265444 0.617985
v -0.507238 -0.281844 0.659406
v -0.526450 -0.026732 0.643272
v -0.526450 -0.014333 0.665801
v -0.533590 0.014073 0.654600
v -0.507238 -0.239258 0.581943
v -0.524773 -0.120011 0.539159
v -0.526450 -0.044342 0.624534
v -0.533590 -0.002002 0.625359
v -0.533590 -0.150837 0.577000
v -0.526450 -0.066060 0.610765
v -0.533590 -0.024846 0.601033
v -0.533590 -0.181030 0.816004
v -0.533590 -0.206741 0.794734
v -0.526450 -0.164633 0.790245
v -0.507238 -0.034028 0.864418
v -0.507238 -0.120860 0.880981
v -0.524773 -0.120081 0.868048
v -0.524773 -0.160650 0.860300
v -0.526450 -0.065983 0.796411
v -0.533590 -0.024846 0.806178
v -0.533590 0.022371 0.686921
v -0.533590 -0.053020 0.583153
v -0.524773 -0.039514 0.554533
v -0.533590 -0.084756 0.834369
v -0.533590 -0.226356 0.767738
v -0.526450 -0.184454 0.773862
v -0.507238 -0.076398 0.878185
v -0.526450 -0.044277 0.782623
v -0.526450 -0.026681 0.763870
v -0.507238 -0.281844 0.747805
v -0.524773 -0.269303 0.744549
v -0.524773 -0.254106 0.782953
v -0.526450 -0.199618 0.654222
v -0.533590 -0.242822 0.703606
v -0.507238 -0.265444 0.789226
v -0.524773 -0.004646 0.576671
v -0.533590 -0.238640 0.736712
v -0.507238 -0.034028 0.542793
v -0.507238 -0.239258 0.825268
v -0.507238 -0.164621 0.872634
v 0.004468 0.119967 -1.214429
v 0.004468 0.091101 -1.181538
v 0.004468 0.106336 -1.211976
v 0.002024 0.119967 -1.214429
v 0.002024 0.106477 -1.211976
v 0.002024 0.091101 -1.181538
# num_vertices: 5545

vt 0.000000 0.000000
vt 0.000000 0.000000
vt 0.000000 0.000000
vt 0.000000 0.000000
vt 0.000000 0.000000
vt 0.000000 0.000000
vt 0.000000 0.000000
vt 0.000000 0.000000
vt 0.000000 0.000000
vt 0.000000 0.000000
vt 0.000000 0.000000
vt 0.000000 0.000000
vt 0.000000 0.000000
vt 0.000000 0.000000
vt 0.000000 0.000000
vt 0.000000 0.000000
vt 0.000000 0.000000
vt 0.000000 0.000000
vt 0.000000 0.000000
vt 0.000000 0.000000
vt 0.000000 0.000000
vt 0.000000 0.000000
vt 0.000000 0.000000
vt 0.000000 0.000000
vt 0.000000 0.000000
vt 0.000000 0.000000
vt 0.000000 0.000000
vt 0.000000 0.000000
vt 0.000000 0.000000
vt 0.000000 0.000000
vt 0.000000 0.000000
vt 0.000000 0.000000
vt 0.000000 0.000000
vt 0.000000 0.000000
vt 0.000000 0.000000
vt 0.000000 0.000000
vt 0.000000 0.000000
vt 0.000000 0.000000
vt 0.000000 0.000000
vt 0.000000 0.000000
vt 0.000000 0.000000
vt 0.000000 0.000000
vt 0.000000 0.000000
vt 0.000000 0.000000
vt 0.000000 0.000000
vt 0.000000 0.000000
vt 0.000000 0.000000
vt 0.000000 0.000000
vt 0.000000 0.000000
vt 0.000000 0.000000
vt 0.000000 0.000000
vt 0.000000 0.000000
vt 0.000000 0.000000
vt 0.000000 0.000000
vt 0.000000 0.000000
vt 0.000000 0.000000
vt 0.989400 0.134300
vt 0.000000 0.000000
vt 0.989400 0.000000
vt 0.989400 0.817100
vt 0.999400 0.817100
vt 0.999400 0.578500
vt 0.989400 0.837100
vt 0.999400 0.756000
vt 0.989400 0.756000
vt 0.989400 0.578500
vt 0.999400 0.134300
vt 0.999400 0.837100
vt 0.989400 1.000000
vt 0.999400 1.000000
vt 0.000000 0.000000
vt 0.000000 0.000000
vt 0.000000 0.000000
vt 0.000000 0.000000
vt 0.000000 0.000000
vt 0.000000 0.000000
vt 0.000000 0.000000
vt 0.000000 0.000000
vt 0.000000 0.000000
vt 0.000000 0.000000
vt 0.000000 0.000000
vt 0.000000 0.000000
vt 0.000000 0.000000
vt 0.000000 0.000000
vt 0.000000 0.000000
vt 0.000000 0.000000
vt 0.000000 0.000000
vt 0.000000 0.000000
vt 0.000000 0.000000
vt 0.000000 0.000000
vt 0.000000 0.000000
vt 0.000000 0.000000
vt 0.000000 0.000000
vt 0.000000 0.000000
vt 0.000000 0.000000
vt 0.000000 0.000000
vt 0.000000 0.000000
vt 0.000000 0.000000
vt 0.000000 0.000000
vt 0.000000 0.000000
vt 0.000000 0.000000
vt 0.000000 0.000000
vt 0.000000 0.000000
vt 0.000000 0.000000
vt 0.000000 0.000000
vt 0.000000 0.000000
vt 0.000000 0.000000
vt 0.000000 0.000000
vt 0.000000 0.000000
vt 0.000000 0.000000
vt 0.000000 0.000000
vt 0.000000 0.000000
vt 0.000000 0.000000
vt 0.000000 0.000000
vt 0.000000 0.000000
vt 0.000000 0.000000
vt 0.000000 0.000000
vt 0.000000 0.000000
vt 0.000000 0.000000
vt 0.000000 0.000000
vt 0.000000 0.000000
vt 0.000000 0.000000
vt 0.000000 0.000000
vt 0.000000 0.000000
vt 0.000000 0.000000
vt 0.000000 0.000000
vt 0.000000 0.000000
vt 0.000000 0.000000
vt 0.000000 0.000000
vt 0.000000 0.000000
vt 0.000000 0.000000
vt 0.000000 0.000000
vt 0.000000 0.000000
vt 0.000000 0.000000
vt 0.000000 0.000000
vt 0.000000 0.000000
vt 0.000000 0.000000
vt 0.000000 0.000000
vt 0.000000 0.000000
vt 0.000000 0.000000
vt 0.000000 0.000000
vt 0.000000 0.000000
vt 0.000000 0.000000
vt 0.000000 0.000000
vt 0.000000 0.000000
vt 0.000000 0.000000
vt 0.000000 0.000000
vt 0.000000 0.000000
vt 0.000000 0.000000
vt 0.000000 0.000000
vt 0.000000 0.000000
vt 0.000000 0.000000
vt 0.000000 0.000000
vt 0.000000 0.000000
vt 0.000000 0.000000
vt 0.000000 0.000000
vt 0.000000 0.000000
vt 0.000000 0.000000
vt 0.000000 0.000000
vt 0.000000 0.000000
vt 0.000000 0.000000
vt 0.000000 0.000000
vt 0.000000 0.000000
vt 0.000000 0.000000
vt 0.000000 0.000000
vt 0.000000 0.000000
vt 0.000000 0.000000
vt 0.000000 0.000000
vt 0.000000 0.000000
vt 0.000000 0.000000
vt 0.000000 0.000000
vt 0.000000 0.000000
vt 0.000000 0.000000
vt 0.000000 0.000000
vt 0.000000 0.000000
vt 0.000000 0.000000
vt 0.000000 0.000000
vt 0.000000 0.000000
vt 0.000000 0.000000
vt 0.000000 0.000000
vt 0.000000 0.000000
vt 0.000000 0.000000
vt 0.000000 0.000000
vt 0.000000 0.000000
vt 0.000000 0.000000
vt 0.000000 0.000000
vt 0.000000 0.000000
vt 0.000000 0.000000
vt 0.000000 0.000000
vt 0.000000 0.000000
vt 0.000000 0.000000
vt 0.000000 0.000000
vt 0.000000 0.000000
vt 0.000000 0.000000
vt 0.000000 0.000000
vt 0.000000 0.000000
vt 0.000000 0.000000
vt 0.000000 0.000000
vt 0.000000 0.000000
vt 0.000000 0.000000
vt 0.000000 0.000000
vt 0.000000 0.000000
vt 0.000000 0.000000
vt 0.000000 0.000000
vt 0.000000 0.000000
vt 0.000000 0.000000
vt 0.000000 0.000000
vt 0.000000 0.000000
vt 0.000000 0.000000
vt 0.000000 0.000000
vt 0.000000 0.000000
vt 0.000000 0.000000
vt 0.000000 0.000000
vt 0.000000 0.000000
vt 0.000000 0.000000
vt 0.000000 0.000000
vt 0.000000 0.000000
vt 0.000000 0.000000
vt 0.000000 0.000000
vt 0.000000 0.000000
vt 0.000000 0.000000
vt 0.000000 0.000000
vt 0.000000 0.000000
vt 0.000000 0.000000
vt 0.000000 0.000000
vt 0.000000 0.000000
vt 0.000000 0.000000
vt 0.000000 0.000000
vt 0.000000 0.000000
vt 0.000000 0.000000
vt 0.000000 0.000000
vt 0.000000 0.000000
vt 0.000000 0.000000
vt 0.000000 0.000000
vt 0.000000 0.000000
vt 0.000000 0.000000
vt 0.000000 0.000000
vt 0.000000 0.000000
vt 0.000000 0.000000
vt 0.000000 0.000000
vt 0.000000 0.000000
vt 0.000000 0.000000
vt 0.000000 0.000000
vt 0.000000 0.000000
vt 0.000000 0.000000
vt 0.000000 0.000000
vt 0.000000 0.000000
vt 0.000000 0.000000
vt 0.000000 0.000000
vt 0.000000 0.000000
vt 0.000000 0.000000
vt 0.000000 0.000000
vt 0.000000 0.000000
vt 0.000000 0.000000
vt 0.000000 0.000000
vt 0.000000 0.000000
vt 0.000000 0.000000
vt 0.000000 0.000000
vt 0.000000 0.000000
vt 0.000000 0.000000
vt 0.000000 0.000000
vt 0.000000 0.000000
vt 0.000000 0.000000
vt 0.000000 0.000000
vt 0.000000 0.000000
vt 0.000000 0.000000
vt 0.000000 0.000000
vt 0.000000 0.000000
vt 0.000000 0.000000
vt 0.000000 0.000000
vt 0.000000 0.000000
vt 0.000000 0.000000
vt 0.000000 0.000000
vt 0.000000 0.000000
vt 0.000000 0.000000
vt 0.000000 0.000000
vt 0.000000 0.000000
vt 0.000000 0.000000
vt 0.000000 0.000000
vt 0.000000 0.000000
vt 0.000000 0.000000
vt 0.000000 0.000000
vt 0.000000 0.000000
vt 0.000000 0.000000
vt 0.000000 0.000000
vt 0.000000 0.000000
vt 0.000000 0.000000
vt 0.000000 0.000000
vt 0.000000 0.000000
vt 0.000000 0.000000
vt 0.000000 0.000000
vt 0.000000 0.000000
vt 0.000000 0.000000
vt 0.000000 0.000000
vt 0.000000 0.000000
vt 0.000000 0.000000
vt 0.999400 0.471200
vt 0.999600 0.093200
vt 0.520800 0.724600
vt 0.998800 0.037800
vt 0.000000 0.093200
vt 0.018100 0.010800
vt 0.000800 1.000000
vt 0.479200 0.724600
vt 0.996400 0.471200
vt 0.000000 0.038700
vt 1.000000 0.038700
vt 0.000000 0.038700
vt 0.999800 0.846600
vt 0.001700 0.846600
vt 0.995100 1.000000
vt 0.981900 0.010800
vt 1.000000 0.798000
vt 0.609100 0.802300
vt 0.035300 0.974800
vt 0.612400 0.977500
vt 0.994900 0.808100
vt 0.291200 0.798200
vt 0.550300 0.976800
vt 0.958400 0.797500
vt 0.687400 0.798000
vt 0.009700 0.331100
vt 0.990100 0.319500
vt 0.994700 0.797500
vt 0.003200 0.325700
vt 0.219700 0.977500
vt 0.998200 0.974800
vt 0.984200 0.932600
vt 0.990300 0.315800
vt 0.013300 0.980000
vt 0.767400 0.982100
vt 0.562200 0.797800
vt 0.598500 0.797800
vt 0.012600 0.804100
vt 0.991600 0.980300
vt 0.599800 0.934600
vt 0.391100 0.807800
vt 0.497000 0.017600
vt 0.381500 0.019200
vt 0.495000 0.000000
vt 0.608400 0.019500
vt 0.610800 0.008100
vt 0.917600 0.738600
vt 0.496000 0.430800
vt 0.830700 0.427600
vt 0.366200 0.184700
vt 0.499500 0.197200
vt 0.290700 0.025900
vt 0.379100 0.007100
vt 0.495100 0.739400
vt 0.069300 0.738700
vt 0.623700 0.184200
vt 0.759700 0.192400
vt 0.696100 0.025900
vt 1.000000 0.996000
vt 0.230200 0.192400
vt 0.158000 0.428000
vt 0.495700 1.000000
vt 0.000000 0.993400
vt 0.000000 0.000000
vt 0.000000 0.000000
vt 0.000000 0.000000
vt 0.000000 0.000000
vt 0.000000 0.000000
vt 0.000000 0.000000
vt 0.000000 0.000000
vt 0.000000 0.000000
vt 0.000000 0.000000
vt 0.000000 0.000000
vt 0.000000 0.000000
vt 0.000000 0.000000
vt 0.000000 0.000000
vt 0.000000 0.000000
vt 0.000000 0.000000
vt 0.000000 0.000000
vt 0.000000 0.000000
vt 0.000000 0.000000
vt 0.000000 0.000000
vt 0.000000 0.000000
vt 0.000000 0.000000
vt 0.000000 0.000000
vt 0.000000 0.000000
vt 0.000000 0.000000
vt 0.000000 0.000000
vt 0.000000 0.000000
vt 0.000000 0.000000
vt 0.000000 0.000000
vt 0.000000 0.000000
vt 0.000000 0.000000
vt 0.000000 0.000000
vt 0.000000 0.000000
vt 0.000000 0.000000
vt 0.000000 0.000000
vt 0.000000 0.000000
vt 0.000000 0.000000
vt 0.000000 0.000000
vt 0.000000 0.000000
vt 0.000000 0.000000
vt 0.000000 0.000000
vt 0.000000 0.000000
vt 0.000000 0.000000
vt 0.000000 0.000000
vt 0.000000 0.000000
vt 0.000000 0.000000
vt 0.000000 0.000000
vt 0.000000 0.000000
vt 0.000000 0.000000
vt 0.000000 0.000000
vt 0.000000 0.000000
vt 0.000000 0.000000
vt 0.000000 0.000000
vt 0.000000 0.000000
vt 0.000000 0.000000
vt 0.000000 0.000000
vt 0.000000 0.000000
vt 0.000000 0.000000
vt 0.000000 0.000000
vt 0.000000 0.000000
vt 0.000000 0.000000
vt 0.000000 0.000000
vt 0.000000 0.000000
vt 0.000000 0.000000
vt 0.000000 0.000000
vt 0.000000 0.000000
vt 0.000000 0.000000
vt 0.000000 0.000000
vt 0.000000 0.000000
vt 0.000000 0.000000
vt 0.000000 0.000000
vt 0.000000 0.000000
vt 0.000000 0.000000
vt 0.000000 0.000000
vt 0.000000 0.000000
vt 0.000000 0.000000
vt 0.000000 0.000000
vt 0.000000 0.000000
vt 0.000000 0.000000
vt 0.000000 0.000000
vt 0.000000 0.000000
vt 0.000000 0.000000
vt 0.000000 0.000000
vt 0.000000 0.000000
vt 0.000000 0.000000
vt 0.000000 0.000000
vt 0.000000 0.000000
vt 0.000000 0.000000
vt 0.000000 0.000000
vt 0.000000 0.000000
vt 0.000000 0.000000
vt 0.000000 0.000000
vt 0.000000 0.000000
vt 0.000000 0.000000
vt 0.000000 0.000000
vt 0.000000 0.000000
vt 0.000000 0.000000
vt 0.000000 0.000000
vt 0.000000 0.000000
vt 0.000000 0.000000
vt 0.000000 0.000000
vt 0.000000 0.000000
vt 0.000000 0.000000
vt 0.000000 0.000000
vt 0.000000 0.000000
vt 0.000000 0.000000
vt 0.000000 0.000000
vt 0.000000 0.000000
vt 0.000000 0.000000
vt 0.000000 0.000000
vt 0.000000 0.000000
vt 0.000000 0.000000
vt 0.000000 0.000000
vt 0.000000 0.000000
vt 0.000000 0.000000
vt 0.000000 0.000000
vt 0.000000 0.000000
vt 0.000000 0.000000
vt 0.000000 0.000000
vt 0.000000 0.000000
vt 0.000000 0.000000
vt 0.000000 0.000000
vt 0.000000 0.000000
vt 0.000000 0.000000
vt 0.000000 0.000000
vt 0.000000 0.000000
vt 0.000000 0.000000
vt 0.000000 0.000000
vt 0.000000 0.000000
vt 0.000000 0.000000
vt 0.000000 0.000000
vt 0.000000 0.000000
vt 0.000000 0.000000
vt 0.000000 0.000000
vt 0.000000 0.000000
vt 0.000000 0.000000
vt 0.000000 0.000000
vt 0.000000 0.000000
vt 0.000000 0.000000
vt 0.000000 0.000000
vt 0.000000 0.000000
vt 0.000000 0.000000
vt 0.000000 0.000000
vt 0.000000 0.000000
vt 0.000000 0.000000
vt 0.000000 0.000000
vt 0.000000 0.000000
vt 0.000000 0.000000
vt 0.000000 0.000000
vt 0.000000 0.000000
vt 0.000000 0.000000
vt 0.000000 0.000000
vt 0.027199 0.545700
vt 0.802299 0.545700
vt 0.802299 0.222107
vt 0.620998 0.993698
vt 0.221600 0.175201
vt 0.784100 0.406097
vt 0.281799 0.169900
vt 0.842800 0.651400
vt 0.775700 0.966900
vt 0.296204 0.924101
vt 0.812393 0.964300
vt 0.812393 0.504100
vt 0.857101 0.541504
vt 0.002403 0.541504
vt 0.684303 0.319794
vt 0.959801 0.396500
vt 0.715199 0.634399
vt 0.791698 0.637207
vt 0.027199 0.222107
vt 0.349499 0.093300
vt 0.214500 0.433001
vt 0.214500 0.972799
vt 0.961403 0.563000
vt 0.918404 0.876499
vt 0.106697 0.563000
vt 0.994499 0.048599
vt 0.094700 0.173904
vt 0.162601 0.283005
vt 0.614105 0.659103
vt 0.974701 0.839996
vt 0.243393 0.650803
vt 0.334305 0.970299
vt 0.779007 0.462898
vt 0.787201 0.086498
vt 0.021599 0.520199
vt 0.567802 0.615299
vt 0.280998 0.615299
vt 0.634501 0.145802
vt 0.491301 0.145802
vt 0.541700 0.257099
vt 0.497192 0.199200
vt 0.052094 0.663898
vt 0.941895 0.691299
vt 0.917000 0.659103
vt 0.017303 0.417892
vt 0.176804 0.538803
vt 0.587097 0.956894
vt 0.443901 0.956894
vt 0.536697 0.068207
vt 0.306198 0.517300
vt 0.721201 0.012402
vt 0.766300 0.404301
vt 0.977005 0.727798
vt 0.950394 0.773300
vt 0.977203 0.148899
vt 0.532700 0.625500
vt 0.342098 0.562199
vt 0.965103 0.455700
vt 0.458300 0.415501
vt 0.825300 0.323799
vt 0.601500 0.415501
vt 0.196301 0.132904
vt 0.145901 0.021500
vt 0.053101 0.132904
vt 0.537000 0.926100
vt 0.639400 0.239600
vt 0.682301 0.926100
vt 0.627800 0.909805
vt 0.666199 0.909500
vt 0.771000 0.909805
vt 0.394997 0.717500
vt 0.859001 0.329000
vt 0.859001 0.789200
vt 0.022202 0.367500
vt 0.189499 0.291500
vt 0.022202 0.020700
vt 0.332802 0.716099
vt 0.765602 0.220901
vt 0.287598 0.107899
vt 0.639400 0.512199
vt 0.427900 0.118401
vt 0.494100 0.512199
vt 0.352699 0.267601
vt 0.813099 0.919403
vt 0.827999 0.445297
vt 0.573200 0.648899
vt 0.427900 0.648899
vt 0.639400 0.042702
vt 0.231796 0.274399
vt 0.094704 0.614395
vt 0.236198 0.955200
vt 0.914902 0.749001
vt 0.329697 0.813202
vt 0.016098 0.919201
vt 0.938301 0.255402
vt 0.206501 0.039001
vt 0.063400 0.711700
vt 0.289101 0.021500
vt 0.494100 0.352901
vt 0.537000 0.666500
vt 0.682301 0.666500
vt 0.647598 0.844498
vt 0.685997 0.844803
vt 0.542801 0.844803
vt 0.523602 0.909607
vt 0.273399 0.973602
vt 0.392101 0.296204
vt 0.723499 0.327606
vt 0.804703 0.032204
vt 0.076698 0.199600
vt 0.933502 0.199600
vt 0.860001 0.318300
vt 0.510099 0.436800
vt 0.406799 0.516000
vt 0.082596 0.266800
vt 0.980202 0.580399
vt 0.125504 0.580399
vt 0.887299 0.404800
vt 0.298800 0.887501
vt 0.381100 0.204700
vt 0.639400 0.352901
vt 0.022102 0.671997
vt 0.135101 0.645706
vt 0.291199 0.645706
vt 0.363300 0.272099
vt 0.837799 0.765999
vt 0.823601 0.156300
vt 0.550598 0.964401
vt 0.335300 0.046097
vt 0.780500 0.884903
vt 0.627800 0.475098
vt 0.771000 0.475098
vt 0.756599 0.642593
vt 0.140300 0.864899
vt 0.582001 0.147003
vt 0.207700 0.395294
vt 0.455898 0.516998
vt 0.554901 0.411201
vt 0.592499 0.125900
vt 0.880299 0.464100
vt 0.703201 0.848301
vt 0.703201 0.388000
vt 0.009499 0.781998
vt 0.703201 0.706497
vt 0.747200 0.098297
vt 0.469101 0.665501
vt 0.951401 0.736698
vt 0.663696 0.518299
vt 0.342903 0.840500
vt 0.829102 0.599106
vt 0.936302 0.386093
vt 0.103897 0.492800
vt 0.644600 0.329100
vt 0.103897 0.953100
vt 0.246700 0.007294
vt 0.402800 0.007294
vt 0.515800 0.033600
vt 0.287804 0.509499
vt 0.051697 0.620800
vt 0.194901 0.620800
vt 0.807800 0.510101
vt 0.953102 0.510101
vt 0.635002 0.288406
vt 0.177399 0.239000
vt 0.032394 0.206600
vt 0.392502 0.095699
vt 0.048302 0.030502
vt 0.048302 0.100403
vt 0.507099 0.100403
vt 0.507099 0.030502
vt 0.933601 0.922897
vt 0.076797 0.922897
vt 0.181602 0.923103
vt 0.131901 0.497898
vt 0.275200 0.497898
vt 0.236700 0.498100
vt 0.320602 0.465805
vt 0.463799 0.465805
vt 0.162201 0.245895
vt 0.249702 0.390503
vt 0.067101 0.401505
vt 0.799301 0.199600
vt 0.805099 0.782898
vt 0.948303 0.782898
vt 0.077003 0.950401
vt 0.803699 0.130905
vt 0.946899 0.130905
vt 0.105400 0.910995
vt 0.090698 0.298900
vt 0.107597 0.611300
vt 0.625900 0.837799
vt 0.813797 0.603897
vt 0.561493 0.387703
vt 0.670593 0.931198
vt 0.077904 0.501598
vt 0.678200 0.318100
vt 0.513496 0.730999
vt 0.523900 0.774902
vt 0.566900 0.088501
vt 0.712200 0.088501
vt 0.598999 0.130302
vt 0.165207 0.484497
vt 0.480301 0.452904
vt 0.880600 0.331902
vt 0.387199 0.509598
vt 0.402100 0.983704
vt 0.233704 0.275497
vt 0.238197 0.956100
vt 0.375397 0.615997
vt 0.514702 0.184000
vt 0.620201 0.184000
vt 0.521801 0.184000
vt 0.649101 0.678207
vt 0.918404 0.941800
vt 0.961403 0.255400
vt 0.063797 0.941800
vt 0.823898 0.840801
vt 0.472794 0.041500
vt 0.662796 0.380501
vt 0.990402 0.690598
vt 0.989502 0.527695
vt 0.767395 0.225403
vt 0.518100 0.477501
vt 0.620500 0.791100
vt 0.663400 0.477501
vt 0.937302 0.266800
vt 0.144699 0.509602
vt 0.612801 0.808098
vt 0.745903 0.544197
vt 0.706299 0.808098
vt 0.546700 0.738998
vt 0.768700 0.047800
vt 0.546700 0.047800
vt 0.980202 0.197403
vt 0.937302 0.511002
vt 0.125504 0.197403
vt 0.477901 0.367500
vt 0.477901 0.020700
vt 0.621101 0.020700
vt 0.320801 0.974200
vt 0.556099 0.889300
vt 0.041702 0.809000
vt 0.401798 0.685101
vt 0.048700 0.598801
vt 0.020800 0.646500
vt 0.541599 0.107300
vt 0.491199 0.995899
vt 0.398300 0.107300
vt 0.244293 0.051300
vt 0.879501 0.455399
vt 0.969101 0.208900
vt 0.951698 0.727005
vt 0.492901 0.657104
vt 0.492901 0.727005
vt 0.666397 0.216000
vt 0.938202 0.361700
vt 0.231102 0.216000
vt 0.880299 0.924200
vt 0.864998 0.534000
vt 0.009800 0.727800
vt 0.011497 0.133598
vt 0.247398 0.316498
vt 0.849800 0.402000
vt 0.857498 0.762398
vt 0.366798 0.602203
vt 0.510002 0.602203
vt 0.208397 0.382401
vt 0.459702 0.535294
vt 0.602898 0.535294
vt 0.731598 0.702698
vt 0.588402 0.788895
vt 0.602898 0.956299
vt 0.459702 0.956299
vt 0.499397 0.315399
vt 0.711197 0.744701
vt 0.836899 0.672401
vt 0.633202 0.623795
vt 0.397102 0.735107
vt 0.540298 0.735107
vt 0.492901 0.030502
vt 0.492901 0.100403
vt 0.951698 0.100403
vt 0.793503 0.675797
vt 0.583000 0.385101
vt 0.730900 0.550201
vt 0.286301 0.085199
vt 0.200500 0.997299
vt 0.302601 0.999802
vt 0.990601 0.738998
vt 0.990601 0.047800
vt 0.768600 0.047800
vt 0.288399 0.901699
vt 0.370701 0.785900
vt 0.352600 0.817799
vt 0.720901 0.467800
vt 0.704498 0.381699
vt 0.825600 0.300098
vt 0.212494 0.992905
vt 0.450500 0.738998
vt 0.482100 0.047800
vt 0.450500 0.047800
vt 0.723801 0.299400
vt 0.486694 0.155300
vt 0.282898 0.267100
vt 0.106697 0.789299
vt 0.918404 0.102901
vt 0.063797 0.102901
vt 0.246700 0.943200
vt 0.193600 0.403500
vt 0.402800 0.943200
vt 0.933800 0.880699
vt 0.181801 0.880898
vt 0.038597 0.880898
vt 0.021004 0.102798
vt 0.235001 0.283001
vt 0.443604 0.282799
vt 0.071899 0.041901
vt 0.439697 0.986698
vt 0.463699 0.774399
vt 0.941399 0.841003
vt 0.045502 0.836102
vt 0.789902 0.450600
vt 0.290600 0.709599
vt 0.147900 0.043701
vt 0.097500 0.932404
vt 0.004700 0.043701
vt 0.739098 0.228000
vt 0.374298 0.657100
vt 0.071098 0.228000
vt 0.494100 0.239600
vt 0.502403 0.738998
vt 0.470802 0.047800
vt 0.470802 0.738998
vt 0.587799 0.702606
vt 0.813202 0.772800
vt 0.128601 0.567497
vt 0.999100 0.734802
vt 0.122200 0.123600
vt 0.267601 0.751200
vt 0.122200 0.776800
vt 0.956799 0.901802
vt 0.056499 0.433800
vt 0.297798 0.495697
vt 0.523602 0.098000
vt 0.666801 0.751200
vt 0.666801 0.098000
vt 0.106598 0.255700
vt 0.172897 0.511700
vt 0.961403 0.905399
vt 0.106697 0.905399
vt 0.165300 0.542801
vt 0.814200 0.487900
vt 0.238100 0.263702
vt 0.900208 0.797000
vt 0.926895 0.421300
vt 0.900406 0.375900
vt 0.669300 0.332397
vt 0.523900 0.332397
vt 0.603100 0.726196
vt 0.652298 0.187901
vt 0.703102 0.452702
vt 0.801300 0.483101
vt 0.397701 0.027599
vt 0.014198 0.286598
vt 0.769100 0.670601
vt 0.172798 0.591698
vt 0.860500 0.970700
vt 0.231201 0.357400
vt 0.807301 0.430600
vt 0.417801 0.207703
vt 0.572300 0.488400
vt 0.934200 0.974800
vt 0.502200 0.410100
vt 0.027603 0.511700
vt 0.488297 0.661797
vt 0.855301 0.753601
vt 0.712097 0.753601
vt 0.195099 0.170898
vt 0.144699 0.282303
vt 0.287903 0.282303
vt 0.181801 0.996401
vt 0.038597 0.649500
vt 0.181801 0.649500
vt 0.038597 0.996401
vt 0.201599 0.792892
vt 0.817902 0.991302
vt 0.225494 0.760803
vt 0.267601 0.098000
vt 0.048302 0.727005
vt 0.507099 0.727005
vt 0.048302 0.657104
vt 0.790199 0.844894
vt 0.242298 0.932495
vt 0.099098 0.932495
vt 0.149502 0.043900
vt 0.203598 0.790894
vt 0.227203 0.758698
vt 0.611298 0.560394
vt 0.184799 0.634900
vt 0.112499 0.166100
vt 0.340897 0.241100
vt 0.605301 0.661697
vt 0.928300 0.333603
vt 0.654301 0.053802
vt 0.279999 0.723007
vt 0.959396 0.625198
vt 0.747898 0.800293
vt 0.123800 0.652695
vt 0.465300 0.450607
vt 0.185200 0.030701
vt 0.592201 0.359406
vt 0.872700 0.081497
vt 0.868299 0.188004
vt 0.482100 0.738998
vt 0.056900 0.123600
vt 0.056900 0.776800
vt 0.929298 0.751200
vt 0.638794 0.336395
vt 0.428299 0.004593
vt 0.546906 0.014000
vt 0.768600 0.738998
vt 0.573099 0.966099
vt 0.493900 0.572300
vt 0.427700 0.966099
vt 0.960501 0.814602
vt 0.588900 0.040100
vt 0.680400 0.574600
vt 0.621094 0.220505
vt 0.002403 0.310898
vt 0.857101 0.310898
vt 0.099701 0.462601
vt 0.631300 0.653397
vt 0.917000 0.451599
vt 0.068604 0.257294
vt 0.359703 0.977707
vt 0.019501 0.649399
vt 0.653000 0.053696
vt 0.926900 0.333298
vt 0.975900 0.725494
vt 0.927498 0.763000
vt 0.290600 0.411900
vt 0.503998 0.675201
vt 0.582699 0.538300
vt 0.725899 0.538300
vt 0.711399 0.705795
vt 0.937798 0.299900
vt 0.846199 0.834400
vt 0.199203 0.060200
vt 0.107597 0.594801
vt 0.322998 0.611801
vt 0.416199 0.176102
vt 0.811996 0.712097
vt 0.773712 0.881802
vt 0.624802 0.670601
vt 0.464401 0.567398
vt 0.027100 0.201302
vt 0.708801 0.496300
vt 0.085899 0.496300
vt 0.542801 0.725006
vt 0.685997 0.725006
vt 0.557198 0.892502
vt 0.113800 0.464001
vt 0.308899 0.848200
vt 0.113800 0.924200
vt 0.523602 0.276901
vt 0.771599 0.276703
vt 0.666801 0.276901
vt 0.387802 0.495300
vt 0.430599 0.492500
vt 0.724503 0.245800
vt 0.913696 0.156998
vt 0.290798 0.156998
vt 0.197300 0.894196
vt 0.156300 0.327200
vt 0.056297 0.153400
vt 0.940903 0.137600
vt 0.375603 0.224300
vt 0.515198 0.488098
vt 0.021500 0.288300
vt 0.104897 0.971001
vt 0.761902 0.797897
vt 0.972504 0.621201
vt 0.440498 0.698395
vt 0.805000 0.087601
vt 0.810799 0.828999
vt 0.181503 0.447300
vt 0.608803 0.182900
vt 0.678902 0.104700
vt 0.246902 0.669400
vt 0.261002 0.125301
vt 0.236900 0.200600
vt 0.508801 0.033100
vt 0.380100 0.200600
vt 0.899200 0.815498
vt 0.884300 0.341400
vt 0.405899 0.993500
vt 0.773102 0.879501
vt 0.463501 0.565300
vt 0.612488 0.776299
vt 0.311100 0.717500
vt 0.865000 0.789200
vt 0.865000 0.329000
vt 0.933800 0.335297
vt 0.948303 0.502800
vt 0.805099 0.502800
vt 0.774502 0.392300
vt 0.827103 0.497601
vt 0.972397 0.497601
vt 0.654297 0.275902
vt 0.380100 0.498100
vt 0.475200 0.987900
vt 0.518100 0.301407
vt 0.663400 0.301407
vt 0.888496 0.518600
vt 0.931396 0.832199
vt 0.033798 0.518600
vt 0.518997 0.093399
vt 0.266098 0.142599
vt 0.177902 0.687099
vt 0.521000 0.397800
vt 0.465900 0.421101
vt 0.929199 0.789400
vt 0.560398 0.421402
vt 0.773001 0.568699
vt 0.060600 0.350201
vt 0.212708 0.104799
vt 0.816895 0.891701
vt 0.804993 0.874201
vt 0.396900 0.809601
vt 0.542300 0.809601
vt 0.715000 0.587906
vt 0.106697 0.710098
vt 0.027603 0.103901
vt 0.172897 0.103901
vt 0.540298 0.046600
vt 0.489998 0.157898
vt 0.633202 0.157898
vt 0.627800 0.276398
vt 0.045998 0.006001
vt 0.719101 0.331600
vt 0.629204 0.093800
vt 0.852100 0.994400
vt 0.995300 0.994400
vt 0.153702 0.774506
vt 0.272900 0.639900
vt 0.076698 0.335800
vt 0.731003 0.789093
vt 0.986000 0.705902
vt 0.719299 0.579407
vt 0.930199 0.878998
vt 0.802498 0.220100
vt 0.941299 0.194600
vt 0.802498 0.680400
vt 0.573099 0.118500
vt 0.933601 0.950104
vt 0.398300 0.257198
vt 0.537000 0.152300
vt 0.639400 0.465900
vt 0.682301 0.152300
vt 0.966499 0.919601
vt 0.227800 0.054398
vt 0.079899 0.615097
vt 0.676903 0.972600
vt 0.730103 0.432400
vt 0.306198 0.359300
vt 0.046700 0.649500
vt 0.545700 0.528999
vt 0.545700 0.875799
vt 0.147701 0.056793
vt 0.265800 0.298004
vt 0.987999 0.177704
vt 0.426901 0.992100
vt 0.808300 0.901699
vt 0.572300 0.992100
vt 0.202000 0.675201
vt 0.928900 0.419296
vt 0.196301 0.680893
vt 0.443703 0.624702
vt 0.387199 0.297699
vt 0.031097 0.541901
vt 0.397102 0.046600
vt 0.951698 0.030502
vt 0.426800 0.806099
vt 0.808100 0.715698
vt 0.572100 0.806099
vt 0.229698 0.721600
vt 0.302700 0.926102
vt 0.341101 0.470600
vt 0.951698 0.657104
vt 0.348900 0.854400
vt 0.268200 0.266102
vt 0.477901 0.128098
vt 0.621101 0.128098
vt 0.582699 0.128296
vt 0.194901 0.021202
vt 0.051697 0.021202
vt 0.144600 0.132500
vt 0.981697 0.188507
vt 0.591103 0.968498
vt 0.972397 0.058899
vt 0.827103 0.058899
vt 0.765297 0.435101
vt 0.481300 0.868800
vt 0.388100 0.308399
vt 0.507099 0.657104
vt 0.048302 0.220200
vt 0.507099 0.290100
vt 0.507099 0.220200
vt 0.446200 0.898499
vt 0.827600 0.808105
vt 0.591600 0.898499
vt 0.288902 0.127201
vt 0.732002 0.900700
vt 0.267197 0.439800
vt 0.365499 0.002899
vt 0.379999 0.835400
vt 0.508699 0.002899
vt 0.236900 0.835400
vt 0.933601 0.085800
vt 0.076797 0.085800
vt 0.948097 0.253304
vt 0.458401 0.083302
vt 0.601700 0.083302
vt 0.760099 0.863400
vt 0.700203 0.288498
vt 0.603901 0.049805
vt 0.789902 0.290207
vt 0.048302 0.290100
vt 0.582699 0.296494
vt 0.725899 0.296494
vt 0.477901 0.296707
vt 0.226501 0.154598
vt 0.988693 0.625504
vt 0.211304 0.322502
vt 0.143097 0.053299
vt 0.510002 0.145096
vt 0.366798 0.145096
vt 0.236900 0.858501
vt 0.380100 0.858501
vt 0.132099 0.858700
vt 0.669300 0.774902
vt 0.614288 0.804000
vt 0.050705 0.862101
vt 0.453003 0.646000
vt 0.622101 0.110300
vt 0.134800 0.552200
vt 0.134800 0.091999
vt 0.409698 0.633499
vt 0.817398 0.079803
vt 0.825203 0.719398
vt 0.802696 0.667700
vt 0.941502 0.181900
vt 0.941502 0.642200
vt 0.496399 0.512497
vt 0.858002 0.527802
vt 0.607300 0.452499
vt 0.394997 0.177700
vt 0.923401 0.425095
vt 0.883202 0.393295
vt 0.799801 0.380402
vt 0.193604 0.449900
vt 0.699799 0.247100
vt 0.631599 0.931500
vt 0.178299 0.823700
vt 0.129799 0.639999
vt 0.949001 0.321098
vt 0.937103 0.854698
vt 0.747101 0.193604
vt 0.114502 0.394096
vt 0.076706 0.832199
vt 0.668503 0.590805
vt 0.711700 0.730103
vt 0.376801 0.264999
vt 0.156799 0.446098
vt 0.414001 0.950401
vt 0.422798 0.543301
vt 0.411201 0.629501
vt 0.826797 0.715302
vt 0.418999 0.269096
vt 0.377602 0.881599
vt 0.306999 0.912498
vt 0.451000 0.035999
vt 0.022701 0.852299
vt 0.620201 0.851101
vt 0.514702 0.851101
vt 0.644100 0.679001
vt 0.794899 0.094000
vt 0.354900 0.973499
vt 0.354900 0.433701
vt 0.773499 0.120300
vt 0.892197 0.110901
vt 0.681702 0.442699
vt 0.598503 0.170799
vt 0.235001 0.659195
vt 0.965607 0.847000
vt 0.595001 0.838699
vt 0.178200 0.096802
vt 0.254700 0.093994
vt 0.992199 0.856201
vt 0.337502 0.742599
vt 0.038300 0.391296
vt 0.076698 0.391499
vt 0.933502 0.391499
vt 0.768700 0.738998
vt 0.251503 0.325996
vt 0.243698 0.965698
vt 0.854000 0.411903
vt 0.142899 0.718704
vt 0.997597 0.718704
vt 0.931396 0.112503
vt 0.639400 0.103401
vt 0.494100 0.103401
vt 0.573200 0.497200
vt 0.627800 0.044296
vt 0.899799 0.876801
vt 0.771000 0.044296
vt 0.395401 0.047100
vt 0.387497 0.764900
vt 0.025200 0.250900
vt 0.275200 0.858700
vt 0.383099 0.158096
vt 0.687901 0.598297
vt 0.386799 0.155197
vt 0.067299 0.258194
vt 0.407402 0.586304
vt 0.358398 0.978500
vt 0.634501 0.646000
vt 0.398500 0.534599
vt 0.491301 0.646000
vt 0.023010 0.560600
vt 0.652893 0.410900
vt 0.953995 0.999901
vt 0.948303 0.032600
vt 0.938400 0.859001
vt 0.115799 0.398499
vt 0.305702 0.059502
vt 0.076698 0.880402
vt 0.172897 0.042000
vt 0.027603 0.042000
vt 0.961403 0.435799
vt 0.281197 0.200394
vt 0.789398 0.505402
vt 0.566299 0.788406
vt 0.426901 0.162899
vt 0.572300 0.162899
vt 0.745100 0.941101
vt 0.620500 0.987900
vt 0.703400 0.722504
vt 0.917702 0.135193
vt 0.327099 0.550507
vt 0.591103 0.782501
vt 0.972397 0.872898
vt 0.827103 0.872898
vt 0.728104 0.876205
vt 0.501801 0.878403
vt 0.148201 0.032303
vt 0.700401 0.169998
vt 0.950897 0.695602
vt 0.046898 0.170105
vt 0.541700 0.534599
vt 0.838394 0.563000
vt 0.282394 0.622100
vt 0.222702 0.201000
vt 0.977402 0.996401
vt 0.052399 0.875799
vt 0.977402 0.649500
vt 0.931396 0.985199
vt 0.888496 0.298798
vt 0.076706 0.985199
vt 0.293701 0.808098
vt 0.374603 0.808098
vt 0.254097 0.544197
vt 0.514206 0.347198
vt 0.895706 0.325104
vt 0.784607 0.265198
vt 0.308701 0.914000
vt 0.569302 0.137500
vt 0.255898 0.608400
vt 0.961304 0.789700
vt 0.396900 0.244095
vt 0.778300 0.153702
vt 0.542300 0.244095
vt 0.237000 0.455601
vt 0.275400 0.455399
vt 0.380199 0.455601
vt 0.242401 0.216200
vt 0.689199 0.755100
vt 0.225399 0.528601
vt 0.494100 0.579201
vt 0.682301 0.892700
vt 0.639400 0.579201
vt 0.165901 0.516499
vt 0.775000 0.607899
vt 0.101002 0.910099
vt 0.672300 0.067801
vt 0.458401 0.687698
vt 0.601700 0.687698
vt 0.760099 0.467800
vt 0.271702 0.968307
vt 0.721800 0.322495
vt 0.603100 0.999893
vt 0.533001 0.976700
vt 0.240601 0.909100
vt 0.136999 0.078999
vt 0.813801 0.664703
vt 0.425400 0.724098
vt 0.041107 0.362099
vt 0.981400 0.783199
vt 0.494100 0.465900
vt 0.520302 0.425598
vt 0.172600 0.905197
vt 0.877502 0.606598
vt 0.868799 0.280296
vt 0.131901 0.455299
vt 0.106697 0.179399
vt 0.961403 0.179399
vt 0.027603 0.573200
vt 0.712196 0.158897
vt 0.855400 0.158897
vt 0.553802 0.938999
vt 0.827103 0.894699
vt 0.972397 0.894699
vt 0.654297 0.673000
vt 0.535801 0.073601
vt 0.477900 0.951698
vt 0.094398 0.909897
vt 0.521103 0.905502
vt 0.324402 0.246399
vt 0.468102 0.815201
vt 0.287804 0.359600
vt 0.051697 0.471001
vt 0.194901 0.471001
vt 0.491699 0.667603
vt 0.923500 0.721600
vt 0.060801 0.888100
vt 0.105900 0.534800
vt 0.564499 0.712200
vt 0.779800 0.003700
vt 0.790199 0.098000
vt 0.647003 0.751200
vt 0.790199 0.751200
vt 0.381599 0.663895
vt 0.056999 0.740005
vt 0.337700 0.055695
vt 0.646797 0.697399
vt 0.006901 0.014900
vt 0.427700 0.928299
vt 0.642899 0.150000
vt 0.634102 0.808197
vt 0.238701 0.909698
vt 0.530602 0.978104
vt 0.349499 0.552601
vt 0.607498 0.548401
vt 0.587799 0.360504
vt 0.835800 0.360794
vt 0.692596 0.360794
vt 0.311100 0.177700
vt 0.964798 0.356998
vt 0.455498 0.863499
vt 0.637802 0.863499
vt 0.614502 0.806500
vt 0.452896 0.648399
vt 0.016815 0.590500
vt 0.189499 0.944700
vt 0.780899 0.641201
vt 0.035301 0.974998
vt 0.355900 0.641201
vt 0.317902 0.579800
vt 0.780899 0.077000
vt 0.355900 0.077000
vt 0.873501 0.544197
vt 0.587002 0.808098
vt 0.301701 0.808098
vt 0.980804 0.622803
vt 0.172195 0.796707
vt 0.512604 0.699997
vt 0.422600 0.629395
vt 0.565804 0.629303
vt 0.694603 0.796799
vt 0.681602 0.336594
vt 0.445602 0.447998
vt 0.588799 0.447998
vt 0.414799 0.156403
vt 0.137199 0.707600
vt 0.514400 0.581001
vt 0.792000 0.029800
vt 0.621101 0.367500
vt 0.849998 0.334198
vt 0.216900 0.242493
vt 0.993198 0.334198
vt 0.501999 0.172800
vt 0.291702 0.029600
vt 0.768097 0.140400
vt 0.377296 0.443604
vt 0.603203 0.430000
vt 0.754204 0.318497
vt 0.704000 0.492900
vt 0.704000 0.953100
vt 0.554298 0.329100
vt 0.898602 0.997601
vt 0.067600 0.519400
vt 0.075500 0.237600
vt 0.987701 0.241600
vt 0.596603 0.149300
vt 0.663101 0.543100
vt 0.967003 0.545807
vt 0.718201 0.672195
vt 0.773998 0.845398
vt 0.634399 0.995899
vt 0.644600 0.789200
vt 0.214199 0.601101
vt 0.711100 0.722500
vt 0.713800 0.518902
vt 0.617599 0.561600
vt 0.787399 0.077300
vt 0.362503 0.077300
vt 0.340897 0.718903
vt 0.612999 0.594406
vt 0.417198 0.828598
vt 0.489998 0.623795
vt 0.844200 0.598499
vt 0.325901 0.680599
vt 0.323101 0.477001
vt 0.568901 0.692398
vt 0.867302 0.970200
vt 0.573196 0.798996
vt 0.458300 0.231701
vt 0.825300 0.139900
vt 0.601500 0.231701
vt 0.211498 0.804600
vt 0.076706 0.112503
vt 0.541700 0.384800
vt 0.398500 0.384800
vt 0.634501 0.496201
vt 0.456696 0.691101
vt 0.757401 0.101501
vt 0.401794 0.258102
vt 0.429600 0.654800
vt 0.148500 0.917397
vt 0.939800 0.907501
vt 0.802299 0.201099
vt 0.287804 0.132500
vt 0.038597 0.433300
vt 0.181801 0.433300
vt 0.077003 0.433498
vt 0.039001 0.369003
vt 0.235001 0.105804
vt 0.161999 0.105606
vt 0.566900 0.728798
vt 0.669300 0.042397
vt 0.712200 0.728798
vt 0.942499 0.076302
vt 0.964199 0.388901
vt 0.517300 0.849899
vt 0.996201 0.802498
vt 0.494100 0.042702
vt 0.523900 0.042397
vt 0.799805 0.194500
vt 0.799805 0.654700
vt 0.028503 0.419900
vt 0.762802 0.748800
vt 0.231102 0.769100
vt 0.576698 0.877500
vt 0.306301 0.216000
vt 0.034500 0.361700
vt 0.599201 0.361700
vt 0.374298 0.808098
vt 0.603100 0.325607
vt 0.457700 0.325607
vt 0.669300 0.719299
vt 0.692596 0.367500
vt 0.692596 0.020700
vt 0.835800 0.367500
vt 0.622101 0.571301
vt 0.046700 0.996401
vt 0.283798 0.162399
vt 0.082596 0.511002
vt 0.665800 0.940201
vt 0.749500 0.490097
vt 0.488800 0.490097
vt 0.553800 0.225906
vt 0.474600 0.832108
vt 0.408400 0.225906
vt 0.620500 0.832504
vt 0.825401 0.755798
vt 0.780602 0.881393
vt 0.632801 0.046600
vt 0.739098 0.814796
vt 0.071098 0.814796
vt 0.043198 0.489799
vt 0.046900 0.410698
vt 0.276699 0.337799
vt 0.973000 0.133102
vt 0.048600 0.410896
vt 0.352000 0.615097
vt 0.278099 0.337502
vt 0.196301 0.648804
vt 0.053101 0.648804
vt 0.289101 0.760193
vt 0.803699 0.807205
vt 0.170700 0.715393
vt 0.946899 0.807205
vt 0.854897 0.228195
vt 0.033100 0.491394
vt 0.927902 0.227997
vt 0.933502 0.638504
vt 0.051498 0.513199
vt 0.865601 0.747604
vt 0.867100 0.324100
vt 0.142502 0.072001
vt 0.512699 0.275900
vt 0.150499 0.789900
vt 0.775200 0.406097
vt 0.523602 0.751200
vt 0.541603 0.725403
vt 0.556099 0.892899
vt 0.412903 0.892899
vt 0.553800 0.616806
vt 0.408400 0.616806
vt 0.620000 0.010605
vt 0.117599 0.635201
vt 0.891296 0.633003
vt 0.471100 0.789101
vt 0.068802 0.852905
vt 0.710899 0.785706
vt 0.854099 0.785706
vt 0.582199 0.953201
vt 0.812500 0.609398
vt 0.703400 0.065697
vt 0.560196 0.392998
vt 0.568497 0.700100
vt 0.060898 0.206200
vt 0.582802 0.090401
vt 0.301901 0.102301
vt 0.578699 0.060301
vt 0.018200 0.211700
vt 0.191696 0.010498
vt 0.980202 0.404297
vt 0.125504 0.404297
vt 0.457700 0.726196
vt 0.046898 0.009995
vt 0.844101 0.169000
vt 0.871704 0.022700
vt 0.871307 0.775000
vt 0.520203 0.902100
vt 0.467300 0.811798
vt 0.663902 0.470901
vt 0.746498 0.587601
vt 0.321793 0.610298
vt 0.810699 0.710999
vt 0.717606 0.146400
vt 0.368301 0.568497
vt 0.276993 0.359200
vt 0.775101 0.114197
vt 0.639400 0.572498
vt 0.612801 0.657100
vt 0.706299 0.657100
vt 0.181801 0.232500
vt 0.038597 0.885700
vt 0.181801 0.885700
vt 0.502403 0.047800
vt 0.063797 0.876499
vt 0.611099 0.001900
vt 0.579300 0.918900
vt 0.763702 0.017399
vt 0.365499 0.033100
vt 0.269798 0.433599
vt 0.756599 0.244499
vt 0.225899 0.333700
vt 0.936699 0.249100
vt 0.079903 0.576401
vt 0.204899 0.032700
vt 0.119400 0.180600
vt 0.811401 0.086201
vt 0.876900 0.797701
vt 0.621101 0.296707
vt 0.053802 0.467700
vt 0.119301 0.179200
vt 0.028305 0.473694
vt 0.453796 0.401703
vt 0.626007 0.257507
vt 0.543999 0.865300
vt 0.019501 0.921400
vt 0.927299 0.890200
vt 0.225998 0.783798
vt 0.627396 0.259506
vt 0.454803 0.403801
vt 0.052505 0.187599
vt 0.692596 0.063995
vt 0.835800 0.063995
vt 0.731003 0.064194
vt 0.131901 0.996401
vt 0.131901 0.649500
vt 0.275200 0.649500
vt 0.919200 0.115303
vt 0.275200 0.996401
vt 0.746902 0.067101
vt 0.719696 0.673100
vt 0.719299 0.920799
vt 0.587799 0.064194
vt 0.968201 0.927101
vt 0.803699 0.883301
vt 0.178699 0.072300
vt 0.038597 0.232500
vt 0.096901 0.580704
vt 0.463799 0.672501
vt 0.320602 0.672501
vt 0.639198 0.982599
vt 0.462303 0.222700
vt 0.470200 0.504499
vt 0.571793 0.874893
vt 0.953102 0.965302
vt 0.807800 0.965302
vt 0.977303 0.750595
vt 0.202202 0.599899
vt 0.202000 0.338898
vt 0.918404 0.715900
vt 0.961403 0.029500
vt 0.063797 0.715900
vt 0.644600 0.192799
vt 0.626400 0.160500
vt 0.725300 0.238201
vt 0.679398 0.068497
vt 0.502899 0.361700
vt 0.187302 0.616100
vt 0.719002 0.684299
vt 0.764999 0.326799
vt 0.007095 0.160004
vt 0.642303 0.755997
vt 0.917404 0.913498
vt 0.229401 0.141800
vt 0.415600 0.878998
vt 0.506599 0.880203
vt 0.106697 0.029500
vt 0.521801 0.851101
vt 0.219101 0.679001
vt 0.757702 0.642395
vt 0.772099 0.474899
vt 0.900902 0.642395
vt 0.236900 0.450298
vt 0.508801 0.282902
vt 0.380100 0.450298
vt 0.324501 0.875397
vt 0.578701 0.999893
vt 0.502399 0.109695
vt 0.841499 0.394699
vt 0.089996 0.554600
vt 0.747601 0.831001
vt 0.804199 0.105400
vt 0.244099 0.685913
vt 0.585899 0.502701
vt 0.956398 0.494293
vt 0.237000 0.085098
vt 0.380199 0.085098
vt 0.365700 0.252499
vt 0.152298 0.020203
vt 0.888901 0.459099
vt 0.485600 0.540802
vt 0.625702 0.406502
vt 0.131901 0.816299
vt 0.379999 0.816101
vt 0.275200 0.816299
vt 0.538502 0.920601
vt 0.718800 0.898800
vt 0.275499 0.122200
vt 0.269699 0.405998
vt 0.909700 0.201599
vt 0.478100 0.375298
vt 0.647600 0.519699
vt 0.778799 0.313900
vt 0.632200 0.913300
vt 0.668800 0.483801
vt 0.757301 0.260401
vt 0.266201 0.525999
vt 0.333000 0.056396
vt 0.051998 0.740204
vt 0.008099 0.131897
vt 0.348198 0.296400
vt 0.449097 0.396601
vt 0.454201 0.010000
vt 0.929298 0.098000
vt 0.062099 0.680300
vt 0.905502 0.654700
vt 0.905502 0.194500
vt 0.256401 0.687988
vt 0.967903 0.497696
vt 0.626801 0.679504
vt 0.100403 0.847107
vt 0.854099 0.705902
vt 0.354801 0.501297
vt 0.014008 0.179501
vt 0.725899 0.128296
vt 0.475200 0.791100
vt 0.236900 0.816200
vt 0.145901 0.760193
vt 0.365499 0.282799
vt 0.369202 0.569901
vt 0.871307 0.814598
vt 0.278107 0.360298
vt 0.353203 0.909401
vt 0.491301 0.496201
vt 0.046700 0.815601
vt 0.961304 0.709999
vt 0.981094 0.178207
vt 0.322601 0.380203
vt 0.261200 0.758194
vt 0.226303 0.555099
vt 0.850296 0.664700
vt 0.722504 0.233704
vt 0.919205 0.574699
vt 0.725899 0.953293
vt 0.849701 0.666801
vt 0.918701 0.576897
vt 0.046402 0.007801
vt 0.731796 0.747398
vt 0.023499 0.650101
vt 0.078796 0.626801
vt 0.963001 0.815201
vt 0.182800 0.814098
vt 0.805901 0.688999
vt 0.663696 0.218400
vt 0.617599 0.860900
vt 0.104801 0.929000
vt 0.331802 0.959999
vt 0.022701 0.677200
vt 0.916298 0.144899
vt 0.426800 0.765701
vt 0.572100 0.765701
vt 0.744900 0.543999
vt 0.126099 0.439499
vt 0.046898 0.833298
vt 0.192200 0.833298
vt 0.712097 0.554699
vt 0.855301 0.554699
vt 0.553596 0.334801
vt 0.062099 0.220100
vt 0.232899 0.259400
vt 0.353699 0.174801
vt 0.112396 0.454201
vt 0.385498 0.095699
vt 0.210701 0.134499
vt 0.308998 0.102600
vt 0.386703 0.985100
vt 0.296295 0.464001
vt 0.836399 0.291500
vt 0.021599 0.020700
vt 0.836399 0.944700
vt 0.324203 0.149399
vt 0.104099 0.742400
vt 0.020500 0.924200
vt 0.488098 0.504300
vt 0.488098 0.964500
vt 0.554298 0.789200
vt 0.172897 0.573200
vt 0.354507 0.170101
vt 0.058105 0.691299
vt 0.947906 0.663898
vt 0.700401 0.722900
vt 0.324501 0.551102
vt 0.109798 0.138214
vt 0.028503 0.880000
vt 0.916702 0.745602
vt 0.230904 0.640503
vt 0.332001 0.810600
vt 0.020500 0.464001
vt 0.339802 0.940399
vt 0.150799 0.286600
vt 0.688004 0.904099
vt 0.819302 0.845501
vt 0.998596 0.904099
vt 0.794899 0.092800
vt 0.354900 0.432501
vt 0.794899 0.552999
vt 0.714600 0.202606
vt 0.512600 0.727997
vt 0.762899 0.202499
vt 0.125397 0.134300
vt 0.492901 0.220200
vt 0.951698 0.290100
vt 0.951698 0.220200
vt 0.131901 0.232500
vt 0.275200 0.885700
vt 0.275200 0.232500
vt 0.691101 0.218102
vt 0.852400 0.577797
vt 0.182499 0.471901
vt 0.051903 0.170898
vt 0.107399 0.243301
vt 0.171501 0.787601
vt 0.796600 0.976601
vt 0.327003 0.716995
vt 0.290100 0.582199
vt 0.476601 0.276093
vt 0.094101 0.040901
vt 0.213799 0.291100
vt 0.175201 0.836102
vt 0.131901 0.885700
vt 0.132896 0.495602
vt 0.268799 0.772598
vt 0.911201 0.372498
vt 0.972801 0.753403
vt 0.197701 0.341202
vt 0.972801 0.341202
vt 0.870998 0.216000
vt 0.052399 0.528999
vt 0.913200 0.915001
vt 0.755699 0.140503
vt 0.078400 0.700195
vt 0.074799 0.697296
vt 0.804901 0.253304
vt 0.542198 0.341797
vt 0.790199 0.342102
vt 0.647003 0.342102
vt 0.563400 0.169701
vt 0.863100 0.513702
vt 0.300400 0.683403
vt 0.470200 0.504898
vt 0.638500 0.767700
vt 0.379204 0.506104
vt 0.787399 0.679001
vt 0.381599 0.851101
vt 0.455498 0.851101
vt 0.711500 0.591187
vt 0.695200 0.911896
vt 0.574800 0.251007
vt 0.242298 0.472504
vt 0.006302 0.361206
vt 0.099098 0.472504
vt 0.151100 0.963299
vt 0.934799 0.784302
vt 0.698299 0.784302
vt 0.788406 0.978302
vt 0.496002 0.283905
vt 0.656296 0.181000
vt 0.625397 0.083298
vt 0.493607 0.286301
vt 0.785599 0.980392
vt 0.427900 0.497200
vt 0.448898 0.852299
vt 0.765793 0.165200
vt 0.030396 0.132800
vt 0.998596 0.021200
vt 0.135101 0.943600
vt 0.344299 0.403900
vt 0.291199 0.943600
vt 0.150002 0.361496
vt 0.832400 0.252106
vt 0.033798 0.298798
vt 0.940498 0.159000
vt 0.765701 0.764800
vt 0.012802 0.690200
vt 0.757702 0.876999
vt 0.900902 0.876999
vt 0.628899 0.044495
vt 0.168900 0.542297
vt 0.744699 0.767403
vt 0.817400 0.488197
vt 0.787399 0.641201
vt 0.964798 0.974998
vt 0.362503 0.641201
vt 0.455002 0.907700
vt 0.554900 0.802299
vt 0.442900 0.523804
vt 0.710300 0.001099
vt 0.025604 0.750107
vt 0.671494 0.925797
vt 0.262695 0.341400
vt 0.446200 0.778305
vt 0.591600 0.778305
vt 0.764400 0.556503
vt 0.835800 0.020700
vt 0.804596 0.871599
vt 0.816193 0.889099
vt 0.408493 0.658501
vt 0.685997 0.341797
vt 0.628601 0.126205
vt 0.343201 0.387894
vt 0.634300 0.131897
vt 0.338501 0.381897
vt 0.475200 0.010803
vt 0.434906 0.334900
vt 0.767601 0.495600
vt 0.214203 0.032800
vt 0.843201 0.419200
vt 0.021599 0.367500
vt 0.683899 0.940601
vt 0.054199 0.634800
vt 0.210300 0.983400
vt 0.134700 0.907000
vt 0.763700 0.520700
vt 0.969704 0.183900
vt 0.725101 0.409200
vt 0.969704 0.644100
vt 0.731003 0.360504
vt 0.266296 0.578800
vt 0.874405 0.311400
vt 0.898499 0.523700
vt 0.414001 0.626907
vt 0.685997 0.794403
vt 0.542801 0.794403
vt 0.076706 0.939194
vt 0.997597 0.332993
vt 0.142899 0.332993
vt 0.720901 0.369293
vt 0.030098 0.873596
vt 0.910301 0.384399
vt 0.981796 0.623795
vt 0.641602 0.720398
vt 0.173401 0.797607
vt 0.939301 0.386200
vt 0.831894 0.598801
vt 0.425293 0.144302
vt 0.065201 0.808098
vt 0.501900 0.862198
vt 0.423401 0.100906
vt 0.333698 0.102600
vt 0.591599 0.860794
vt 0.625397 0.784500
vt 0.612801 0.784500
vt 0.169197 0.963501
vt 0.706299 0.784500
vt 0.384800 0.587601
vt 0.500500 0.119003
vt 0.931396 0.939194
vt 0.753601 0.588402
vt 0.838001 0.296000
vt 0.550102 0.977400
vt 0.369598 0.125601
vt 0.945999 0.949699
vt 0.255997 0.605800
vt 0.569801 0.135700
vt 0.516998 0.830200
vt 0.181801 0.390701
vt 0.508801 0.252602
vt 0.106598 0.436100
vt 0.114000 0.917099
vt 0.490299 0.341095
vt 0.532700 0.206894
vt 0.514099 0.048401
vt 0.980202 0.439606
vt 0.566101 0.393700
vt 0.833900 0.421204
vt 0.198502 0.579399
vt 0.968399 0.654400
vt 0.723801 0.419600
vt 0.723801 0.879800
vt 0.789398 0.438995
vt 0.262299 0.340805
vt 0.866699 0.876801
vt 0.537000 0.892700
vt 0.404404 0.111099
vt 0.891502 0.092800
vt 0.891502 0.552999
vt 0.973198 0.590607
vt 0.404404 0.571800
vt 0.624702 0.867901
vt 0.361504 0.955000
vt 0.952301 0.932301
vt 0.053497 0.173798
vt 0.679398 0.337006
vt 0.536201 0.337006
vt 0.443298 0.448303
vt 0.924599 0.223495
vt 0.251699 0.719101
vt 0.062300 0.734299
vt 0.142502 0.396300
vt 0.142502 0.049400
vt 0.662601 0.885700
vt 0.308899 0.388100
vt 0.144600 0.359600
vt 0.523900 0.719299
vt 0.492901 0.290100
vt 0.973801 0.153299
vt 0.488503 0.478104
vt 0.855400 0.569901
vt 0.712196 0.569901
vt 0.173100 0.396300
vt 0.264500 0.885700
vt 0.173100 0.049400
vt 0.637802 0.184000
vt 0.455498 0.184000
vt 0.381599 0.184000
vt 0.647003 0.098000
vt 0.185204 0.903107
vt 0.730499 0.501297
vt 0.663101 0.031693
vt 0.270905 0.783798
vt 0.782799 0.948101
vt 0.096001 0.495201
vt 0.194298 0.033501
vt 0.543100 0.418404
vt 0.933601 0.433800
vt 0.452200 0.521599
vt 0.696400 0.639397
vt 0.676300 0.521599
vt 0.495701 0.537899
vt 0.147507 0.836502
vt 0.843094 0.980598
vt 0.850998 0.359100
vt 0.662601 0.232500
vt 0.038597 0.923302
vt 0.264500 0.232500
vt 0.665497 0.036407
vt 0.205795 0.318802
vt 0.273193 0.788300
vt 0.498398 0.586998
vt 0.778900 0.296700
vt 0.175900 0.375702
vt 0.188702 0.730700
vt 0.038399 0.730700
vt 0.153700 0.340302
vt 0.305800 0.664505
vt 0.870700 0.727203
vt 0.617300 0.097700
vt 0.797001 0.936900
vt 0.008600 0.665700
vt 0.859314 0.351105
vt 0.926086 0.953705
vt 0.884003 0.925797
vt 0.116699 0.811798
vt 0.043900 0.655800
vt 0.914600 0.811798
vt 0.752899 0.737305
vt 0.820999 0.296707
vt 0.792206 0.240601
vt 0.938400 0.409201
vt 0.106900 0.705999
vt 0.918100 0.500401
vt 0.364799 0.266998
vt 0.945400 0.222801
vt 0.965799 0.073196
vt 0.647400 0.647300
vt 0.005798 0.422500
vt 0.022202 0.383800
vt 0.615997 0.898193
vt 0.613098 0.841904
vt 0.806198 0.817398
vt 0.957500 0.629400
vt 0.155100 0.490299
vt 0.139099 0.647100
vt 0.221201 0.644300
vt 0.620600 0.528100
vt 0.671799 0.124901
vt 0.809196 0.030701
vt 0.863197 0.891701
vt 0.725500 0.930801
vt 0.565002 0.257294
vt 0.458206 0.417297
vt 0.146700 0.796501
vt 0.869202 0.414307
vt 0.850201 0.299408
vt 0.845402 0.216095
vt 0.309692 0.338898
vt 0.475403 0.205795
vt 0.144394 0.221100
vt 0.460600 0.350599
vt 0.463287 0.686203
vt 0.469513 0.721695
vt 0.567291 0.039200
vt 0.374496 0.968002
vt 0.602905 0.128601
vt 0.604996 0.896393
vt 0.475494 0.997299
vt 0.169098 0.153400
vt 0.039398 0.363499
vt 0.844803 0.581402
vt 0.641701 0.746399
vt 0.145699 0.987801
vt 0.622501 0.837799
vt 0.435501 0.626099
vt 0.724106 0.681198
vt 0.705093 0.884293
vt 0.075701 0.203201
vt 0.751801 0.134800
vt 0.142899 0.924393
vt 0.483500 0.589800
vt 0.522499 0.086300
vt 0.023903 0.745600
vt 0.406601 0.478701
vt 0.897499 0.944000
vt 0.268801 0.037415
vt 0.268801 0.944000
vt 0.185196 0.984699
vt 0.682999 0.893398
vt 0.084793 0.254200
vt 0.284599 0.974701
vt 0.881701 0.825600
vt 0.881701 0.974701
vt 0.321199 0.099197
vt 0.128601 0.894608
vt 0.933105 0.813797
vt 0.131592 0.838303
vt 0.233200 0.599001
vt 0.382301 0.386000
vt 0.190899 0.152800
vt 0.458801 0.516199
vt 0.454700 0.534801
vt 0.882500 0.753599
vt 0.449500 0.087900
vt 0.157902 0.445400
vt 0.772999 0.731000
vt 0.426201 0.355700
vt 0.740799 0.254900
vt 0.047699 0.426900
vt 0.882401 0.099197
vt 0.437500 0.136900
vt 0.852905 0.841999
vt 0.643801 0.572400
vt 0.234900 0.890800
vt 0.244900 0.291800
vt 0.121101 0.226898
vt 0.454900 0.267401
vt 0.933701 0.716801
vt 0.913700 0.751900
vt 0.856400 0.056198
vt 0.858299 0.847000
vt 0.941601 0.861786
vt 0.023605 0.391998
vt 0.998795 0.966705
vt 0.973206 0.994507
vt 0.365000 0.117996
vt 0.369699 0.147400
vt 0.355700 0.342201
vt 0.707199 0.625702
vt 0.899099 0.832401
vt 0.190201 0.710900
vt 0.351700 0.710900
vt 0.655100 0.625600
vt 0.544586 0.008698
vt 0.906900 0.165900
vt 0.259300 0.165900
vt 0.268801 0.966600
vt 0.542400 0.110800
vt 0.219501 0.051701
vt 0.954000 0.586800
vt 0.579300 0.374200
vt 0.048000 0.407900
vt 0.130199 0.069698
vt 0.165604 0.129002
vt 0.906900 0.260895
vt 0.187599 0.087799
vt 0.166698 0.500401
vt 0.170401 0.719597
vt 0.960400 0.516201
vt 0.624802 0.223206
vt 0.237800 0.727386
vt 0.808200 0.849304
vt 0.012200 0.727386
vt 0.476398 0.687286
vt 0.919495 0.543198
vt 0.129999 0.864200
vt 0.418600 0.923500
vt 0.601601 0.923500
vt 0.009102 0.544800
vt 0.897499 0.424200
vt 0.268801 0.645300
vt 0.268801 0.424200
vt 0.020813 0.354004
vt 0.911301 0.835201
vt 0.797897 0.771500
vt 0.638885 0.834503
vt 0.635895 0.365997
vt 0.838287 0.825989
vt 0.936401 0.614700
vt 0.503494 0.712402
vt 0.112499 0.637497
vt 0.325394 0.432693
vt 0.481003 0.301407
vt 0.486206 0.232697
vt 0.107300 0.571198
vt 0.612000 0.404007
vt 0.989201 0.926700
vt 0.729294 0.959106
vt 0.253799 0.929001
vt 0.129105 0.265198
vt 0.717697 0.406204
vt 0.091801 0.318899
vt 0.712906 0.132706
vt 0.114700 0.691803
vt 0.455600 0.340000
vt 0.856800 0.892399
vt 0.817200 0.053902
vt 0.860201 0.011902
vt 0.898800 0.932503
vt 0.812500 0.535000
vt 0.407013 0.295288
vt 0.750801 0.554199
vt 0.576302 0.181900
vt 0.559204 0.035706
vt 0.456696 0.388306
vt 0.552994 0.071106
vt 0.685398 0.989700
vt 0.638397 0.040100
vt 0.837799 0.031708
vt 0.314804 0.757904
vt 0.086700 0.797199
vt 0.319500 0.173900
vt 0.670600 0.918488
vt 0.476105 0.355194
vt 0.941406 0.768005
vt 0.511703 0.849701
vt 0.139601 0.380798
vt 0.595299 0.254999
vt 0.834602 0.790600
vt 0.433000 0.097500
vt 0.323999 0.741901
vt 0.678900 0.770599
vt 0.811701 0.700000
vt 0.663498 0.612198
vt 0.142700 0.500599
vt 0.259300 0.260895
vt 0.168900 0.744500
vt 0.024109 0.604202
vt 0.897499 0.966600
vt 0.818001 0.924000
vt 0.000000 0.000000
vt 0.000000 0.000000
vt 0.000000 0.000000
vt 0.000000 0.000000
vt 0.000000 0.000000
vt 0.000000 0.000000
vt 0.000000 0.000000
vt 0.000000 0.000000
vt 0.000000 0.000000
vt 0.000000 0.000000
vt 0.000000 0.000000
vt 0.000000 0.000000
vt 0.000000 0.000000
vt 0.000000 0.000000
vt 0.000000 0.000000
vt 0.000000 0.000000
vt 0.000000 0.000000
vt 0.000000 0.000000
vt 0.000000 0.000000
vt 0.000000 0.000000
vt 0.000000 0.000000
vt 0.000000 0.000000
vt 0.000000 0.000000
vt 0.000000 0.000000
vt 0.000000 0.000000
vt 0.000000 0.000000
vt 0.000000 0.000000
vt 0.000000 0.000000
vt 0.000000 0.000000
vt 0.000000 0.000000
vt 0.000000 0.000000
vt 0.000000 0.000000
vt 0.000000 0.000000
vt 0.000000 0.000000
vt 0.000000 0.000000
vt 0.000000 0.000000
vt 0.681600 0.515800
vt 0.677300 0.482800
vt 0.707200 0.459100
vt 0.671900 0.457900
vt 0.648200 0.456200
vt 0.669500 0.427400
vt 0.247200 0.391000
vt 0.362600 0.991300
vt 0.365200 0.451000
vt 0.589300 0.513800
vt 0.588400 0.500100
vt 0.826500 0.551400
vt 0.829700 0.481800
vt 0.991700 0.554100
vt 0.338100 0.657700
vt 0.459400 0.624300
vt 0.460800 0.692700
vt 0.168100 0.397900
vt 0.171500 0.373900
vt 0.580700 0.585400
vt 0.578100 0.579500
vt 0.693400 0.578700
vt 0.573000 0.486800
vt 0.360800 0.470200
vt 0.574700 0.469000
vt 0.873200 0.076100
vt 0.989000 0.993400
vt 0.979900 0.308800
vt 0.339400 0.696400
vt 0.385800 0.796200
vt 0.371700 0.987500
vt 0.351800 0.497500
vt 0.467100 0.513400
vt 0.447700 0.651200
vt 0.108900 0.551700
vt 0.341400 0.633800
vt 0.333300 0.649300
vt 0.671600 0.042500
vt 0.667500 0.977800
vt 0.687500 0.041800
vt 0.439500 0.976800
vt 0.082700 0.327600
vt 0.084100 0.347400
vt 0.159600 0.993000
vt 0.660500 0.120600
vt 0.650600 0.044800
vt 0.644300 0.977800
vt 0.427200 0.751700
vt 0.425800 0.814700
vt 0.682200 0.974600
vt 0.671900 0.092400
vt 0.686300 0.074200
vt 0.448100 0.667700
vt 0.574300 0.994500
vt 0.670000 0.131700
vt 0.577800 0.574400
vt 0.685800 0.558400
vt 0.651300 0.435700
vt 0.621500 0.454200
vt 0.624200 0.445200
vt 0.340900 0.643800
vt 0.083900 0.993200
vt 0.083500 0.105400
vt 0.972300 0.151900
vt 0.086900 0.360000
vt 0.111500 0.528900
vt 0.657900 0.482500
vt 0.636300 0.481800
vt 0.460900 0.736900
vt 0.312500 0.964900
vt 0.460800 0.760900
vt 0.435800 0.760500
vt 0.689400 0.458500
vt 0.695700 0.582800
vt 0.616100 0.481800
vt 0.992900 0.560400
vt 0.448000 0.664500
vt 0.820300 0.583000
vt 0.909700 0.112000
vt 0.460900 0.753600
vt 0.625300 0.012100
vt 0.618900 0.979300
vt 0.907200 0.006800
vt 0.940000 0.006800
vt 0.949800 0.116200
vt 0.122600 0.436400
vt 0.440900 0.836600
vt 0.081200 0.738300
vt 0.693497 0.824997
vt 0.362000 0.271103
vt 0.510498 0.306099
vt 0.966999 0.071500
vt 0.248100 0.132000
vt 0.547100 0.164600
vt 0.070999 0.639008
vt 0.703201 0.680206
vt 0.024803 0.549500
vt 0.309509 0.681793
vt 0.291992 0.207993
vt 0.430603 0.620102
vt 0.973389 0.149002
vt 0.725311 0.909393
vt 0.054810 0.591904
vt 0.673203 0.987000
vt 0.681396 0.824600
vt 0.984901 0.830093
vt 0.997300 0.724609
vt 0.070601 0.402588
vt 0.659401 0.856415
vt 0.093399 0.813705
vt 0.067101 0.462006
vt 0.834202 0.254898
vt 0.487213 0.581604
vt 0.223701 0.742905
vt 0.236301 0.908997
vt 0.054901 0.890793
vt 0.075989 0.941406
vt 0.753601 0.783600
vt 0.064514 0.778107
vt 0.389313 0.020699
vt 0.848602 0.496201
vt 0.877197 0.465103
vt 0.700806 0.637299
vt 0.921204 0.730804
vt 0.920105 0.928604
vt 0.623900 0.960205
vt 0.620000 0.026398
vt 0.466000 0.400894
vt 0.267487 0.791306
vt 0.674713 0.432404
vt 0.365814 0.805298
vt 0.742996 0.523300
vt 0.904999 0.724792
vt 0.982903 0.685501
vt 0.455505 0.958504
vt 0.916504 0.029900
vt 0.971695 0.756104
vt 0.914993 0.221588
vt 0.600098 0.183014
vt 0.917007 0.181488
vt 0.614395 0.351898
vt 0.342194 0.694000
vt 0.429291 0.502396
vt 0.385406 0.688507
vt 0.081902 0.685196
vt 0.050900 0.848694
vt 0.465801 0.996094
vt 0.397186 0.600201
vt 0.378387 0.996601
vt 0.178589 0.028801
vt 0.899200 0.088501
vt 0.244385 0.631607
vt 0.327789 0.541107
vt 0.416107 0.148102
vt 0.518097 0.334602
vt 0.464005 0.957703
vt 0.433899 0.261200
vt 0.542500 0.426399
vt 0.613300 0.648602
vt 0.667600 0.688499
vt 0.651215 0.169205
vt 0.487488 0.985504
vt 0.368713 0.574402
vt 0.355797 0.974503
vt 0.028801 0.939194
vt 0.616798 0.220398
vt 0.036400 0.217804
vt 0.869698 0.623795
vt 0.332092 0.174805
vt 0.222992 0.597290
vt 0.361206 0.574799
vt 0.312302 0.007896
vt 0.217804 0.602600
vt 0.335100 0.074700
vt 0.688300 0.328500
vt 0.136100 0.024600
vt 0.445099 0.186302
vt 0.406700 0.206894
vt 0.962601 0.487503
vt 0.347500 0.523697
vt 0.824600 0.678101
vt 0.877594 0.197205
vt 0.810303 0.272095
vt 0.566986 0.060791
vt 0.487793 0.088501
vt 0.537415 0.743401
vt 0.407806 0.536301
vt 0.229614 0.344803
vt 0.328705 0.452606
vt 0.136993 0.324402
vt 0.265198 0.616394
vt 0.728600 0.129395
vt 0.301300 0.652496
vt 0.414100 0.617599
vt 0.852203 0.514702
vt 0.547607 0.536102
vt 0.742493 0.259399
vt 0.149700 0.654499
vt 0.356796 0.014603
vt 0.364502 0.813400
vt 0.690102 0.712204
vt 0.840103 0.874100
vt 0.442000 0.277710
vt 0.792500 0.087585
vt 0.613900 0.571594
vt 0.662899 0.459198
vt 0.720299 0.660995
vt 0.633301 0.379700
vt 0.655106 0.388397
vt 0.421402 0.338593
vt 0.660797 0.340698
vt 0.444794 0.292114
vt 0.824600 0.546402
vt 0.039299 0.378494
vt 0.386902 0.991104
vt 0.446600 0.594500
vt 0.293201 0.800102
vt 0.473301 0.661903
vt 0.603100 0.799301
vt 0.612396 0.704498
vt 0.795401 0.536102
vt 0.929401 0.262497
vt 0.738602 0.391998
vt 0.862793 0.686798
vt 0.989197 0.885605
vt 0.982605 0.746597
vt 0.660706 0.282288
vt 0.144714 0.802505
vt 0.265411 0.802505
vt 0.282898 0.649902
vt 0.987701 0.027802
vt 0.026703 0.293793
vt 0.351013 0.243988
vt 0.336212 0.293701
vt 0.320299 0.337997
vt 0.292299 0.185593
vt 0.167700 0.185593
vt 0.308998 0.201996
vt 0.007198 0.886002
vt 0.013000 0.787201
vt 0.830688 0.825806
vt 0.795502 0.011993
vt 0.735107 0.362305
vt 0.325500 0.386200
vt 0.212299 0.029694
vt 0.202999 0.592300
vt 0.305702 0.259804
vt 0.440300 0.544800
vt 0.061501 0.503403
vt 0.954102 0.116302
vt 0.163086 0.382401
vt 0.174591 0.230301
vt 0.648001 0.834100
vt 0.881701 0.468100
vt 0.053400 0.248300
vt 0.181198 0.196594
vt 0.261100 0.200394
vt 0.149700 0.329102
vt 0.164300 0.869507
vt 0.851288 0.868103
vt 0.750397 0.981400
vt 0.818787 0.468201
vt 0.924896 0.397903
vt 0.930511 0.245300
vt 0.701096 0.665400
vt 0.670395 0.613000
vt 0.200897 0.662700
vt 0.074500 0.197495
vt 0.772301 0.711609
vt 0.737999 0.672485
vt 0.905998 0.535492
vt 0.134399 0.859299
vt 0.386703 0.673294
vt 0.041500 0.265900
vt 0.886500 0.162796
vt 0.987900 0.289505
vt 0.191986 0.850693
vt 0.508698 0.572906
vt 0.210205 0.723404
vt 0.048500 0.789307
vt 0.610900 0.577400
vt 0.886801 0.080000
vt 0.135803 0.326801
vt 0.084106 0.299198
vt 0.195313 0.205502
vt 0.705994 0.045403
vt 0.390411 0.360306
vt 0.381592 0.972397
vt 0.725189 0.979599
vt 0.689087 0.910995
vt 0.953613 0.453598
vt 0.032013 0.140396
vt 0.679810 0.644608
vt 0.358002 0.847305
vt 0.953400 0.182700
vt 0.022500 0.703700
vt 0.954900 0.351900
vt 0.105499 0.367500
vt 0.062199 0.985199
vt 0.671001 0.711098
vt 0.321400 0.259003
vt 0.208313 0.484100
vt 0.878296 0.479904
vt 0.632599 0.382004
vt 0.881805 0.831802
vt 0.980988 0.931396
vt 0.858185 0.203697
vt 0.032104 0.219704
vt 0.152710 0.842896
vt 0.147888 0.399902
vt 0.411100 0.420502
vt 0.689102 0.036407
vt 0.456406 0.230896
vt 0.037498 0.825500
vt 0.595200 0.234589
vt 0.868301 0.385986
vt 0.414200 0.975700
vt 0.131800 0.312500
vt 0.968800 0.330700
vt 0.580200 0.928101
vt 0.261600 0.044586
vt 0.482300 0.868408
vt 0.251500 0.754700
vt 0.741203 0.769287
vt 0.956703 0.077393
vt 0.589493 0.860397
vt 0.511902 0.820396
vt 0.625595 0.759804
vt 0.817300 0.144104
vt 0.884888 0.467896
vt 0.179200 0.148300
vt 0.454498 0.826797
vt 0.086098 0.065002
vt 0.943700 0.166107
vt 0.324001 0.123596
vt 0.328600 0.423004
vt 0.230896 0.105194
vt 0.480286 0.035202
vt 0.522614 0.236206
vt 0.860401 0.502502
vt 0.824890 0.130905
vt 0.554200 0.873798
vt 0.664093 0.385597
vt 0.981812 0.143101
vt 0.703491 0.371506
vt 0.011414 0.126007
vt 0.302795 0.746506
vt 0.030487 0.231003
vt 0.161700 0.732600
vt 0.514700 0.056400
vt 0.047394 0.789505
vt 0.935211 0.425095
vt 0.617615 0.166306
vt 0.966614 0.300293
vt 0.458500 0.857101
vt 0.903809 0.437302
vt 0.471313 0.097397
vt 0.537399 0.514191
vt 0.796005 0.240906
vt 0.413406 0.063812
vt 0.295807 0.239395
vt 0.424500 0.913200
vt 0.441700 0.651505
vt 0.717499 0.642899
vt 0.365601 0.506805
vt 0.244400 0.477501
vt 0.938812 0.724700
vt 0.961487 0.691900
vt 0.071686 0.445900
vt 0.855600 0.940500
vt 0.504608 0.519104
vt 0.134705 0.579407
vt 0.489288 0.856506
vt 0.098598 0.668793
vt 0.766399 0.012405
vt 0.803902 0.624207
vt 0.988800 0.494400
vt 0.390701 0.817902
vt 0.008701 0.459198
vt 0.011902 0.107300
vt 0.039398 0.983200
vt 0.200806 0.334602
vt 0.779999 0.282997
vt 0.504300 0.954000
vt 0.240500 0.887900
vt 0.964200 0.952000
vt 0.753500 0.772000
vt 0.629913 0.647797
vt 0.821198 0.989807
vt 0.732700 0.975708
vt 0.267101 0.389297
vt 0.397400 0.385300
vt 0.395699 0.623802
vt 0.243800 0.721600
vt 0.965000 0.931400
vt 0.311901 0.832001
vt 0.381400 0.846100
vt 0.934204 0.240700
vt 0.797300 0.159800
vt 0.760101 0.871307
vt 0.440201 0.128098
vt 0.944885 0.221001
vt 0.065613 0.846901
vt 0.081299 0.088501
vt 0.720299 0.612793
vt 0.476501 0.692291
vt 0.058990 0.342590
vt 0.270905 0.359406
vt 0.043396 0.269806
vt 0.110397 0.244400
vt 0.625700 0.545400
vt 0.866900 0.854600
vt 0.744995 0.623596
vt 0.367798 0.428596
vt 0.989594 0.409203
vt 0.741089 0.975800
vt 0.453899 0.902100
vt 0.183807 0.918900
vt 0.586700 0.579201
vt 0.627197 0.929199
vt 0.108307 0.711502
vt 0.987701 0.644699
vt 0.371700 0.489200
vt 0.604202 0.959900
vt 0.485291 0.909401
vt 0.567200 0.008200
vt 0.907715 0.866699
vt 0.384399 0.401100
vt 0.176086 0.702499
vt 0.432999 0.631805
vt 0.993800 0.255200
vt 0.162109 0.649902
vt 0.394400 0.083099
vt 0.813202 0.043297
vt 0.039597 0.952698
vt 0.667801 0.920502
vt 0.483093 0.880295
vt 0.384995 0.641113
vt 0.867201 0.759500
vt 0.870899 0.982407
vt 0.828602 0.183304
vt 0.071999 0.186600
vt 0.318100 0.523201
vt 0.167007 0.265793
vt 0.168701 0.204605
vt 0.669601 0.206802
vt 0.909801 0.508408
vt 0.474792 0.538086
vt 0.322113 0.163696
vt 0.318512 0.097504
vt 0.644714 0.287994
vt 0.498291 0.495300
vt 0.868600 0.423599
vt 0.676903 0.038696
vt 0.350800 0.071098
vt 0.505299 0.787415
vt 0.001892 0.976700
vt 0.052696 0.684006
vt 0.626205 0.262497
vt 0.052887 0.912000
vt 0.623413 0.447693
vt 0.891500 0.203903
vt 0.751801 0.413700
vt 0.881012 0.934204
vt 0.398407 0.569702
vt 0.897301 0.610107
vt 0.357903 0.671707
vt 0.798901 0.763397
vt 0.490002 0.749115
vt 0.377998 0.180695
vt 0.200607 0.793198
vt 0.078796 0.537704
vt 0.121704 0.212494
vt 0.089300 0.127808
vt 0.947300 0.068401
vt 0.227000 0.850601
vt 0.695000 0.539001
vt 0.121307 0.294102
vt 0.847900 0.581100
vt 0.374115 0.783707
vt 0.606415 0.932404
vt 0.135101 0.754799
vt 0.985399 0.986300
vt 0.100006 0.484192
vt 0.668701 0.544998
vt 0.768585 0.499405
vt 0.217606 0.153687
vt 0.420288 0.728500
vt 0.471893 0.672000
vt 0.080688 0.502106
vt 0.244812 0.404297
vt 0.545601 0.811005
vt 0.069799 0.600891
vt 0.598301 0.516693
vt 0.654900 0.506500
vt 0.703999 0.699600
vt 0.510201 0.773199
vt 0.519302 0.223801
vt 0.707001 0.154404
vt 0.454901 0.136300
vt 0.522800 0.832214
vt 0.704590 0.100700
vt 0.661285 0.300400
vt 0.250702 0.856995
vt 0.246994 0.510193
vt 0.021515 0.458099
vt 0.859497 0.894608
vt 0.449905 0.230011
vt 0.478199 0.091705
vt 0.568100 0.144402
vt 0.156401 0.152100
vt 0.646393 0.869400
vt 0.922104 0.124100
vt 0.175201 0.207100
vt 0.245605 0.194000
vt 0.206299 0.378101
vt 0.174896 0.904007
vt 0.671387 0.080505
vt 0.025208 0.680298
vt 0.928894 0.986404
vt 0.130501 0.768997
vt 0.914398 0.015701
vt 0.409901 0.705002
vt 0.977699 0.569600
vt 0.615800 0.164307
vt 0.715698 0.734901
vt 0.238098 0.248501
vt 0.670303 0.814400
vt 0.592712 0.043304
vt 0.998901 0.057205
vt 0.933500 0.193604
vt 0.790501 0.487091
vt 0.124893 0.806801
vt 0.294300 0.303406
vt 0.672607 0.534805
vt 0.114300 0.842600
vt 0.125305 0.745598
vt 0.125885 0.234100
vt 0.316711 0.622009
vt 0.691002 0.781898
vt 0.046600 0.541000
vt 0.760502 0.551697
vt 0.788910 0.905197
vt 0.875999 0.053894
vt 0.668488 0.007385
vt 0.559300 0.683899
vt 0.546101 0.859299
vt 0.443600 0.322296
vt 0.321899 0.261993
vt 0.002600 0.602700
vt 0.052612 0.965401
vt 0.725700 0.720901
vt 0.226898 0.239502
vt 0.978607 0.101097
vt 0.652710 0.149002
vt 0.981506 0.655594
vt 0.783699 0.940903
vt 0.567101 0.347702
vt 0.548901 0.953293
vt 0.827911 0.981293
vt 0.000000 0.000000
vt 0.000000 0.000000
vt 0.000000 0.000000
vt 0.000000 0.000000
vt 0.000000 0.000000
vt 0.000000 0.000000
vt 0.000000 0.000000
vt 0.000000 0.000000
vt 0.000000 0.000000
vt 0.000000 0.000000
vt 0.000000 0.000000
vt 0.000000 0.000000
vt 0.000000 0.000000
vt 0.000000 0.000000
vt 0.000000 0.000000
vt 0.000000 0.000000
vt 0.000000 0.000000
vt 0.000000 0.000000
vt 0.000000 0.000000
vt 0.000000 0.000000
vt 0.000000 0.000000
vt 0.000000 0.000000
vt 0.000000 0.000000
vt 0.000000 0.000000
vt 0.000000 0.000000
vt 0.000000 0.000000
vt 0.000000 0.000000
vt 0.000000 0.000000
vt 0.000000 0.000000
vt 0.000000 0.000000
vt 0.000000 0.000000
vt 0.000000 0.000000
vt 0.000000 0.000000
vt 0.000000 0.000000
vt 0.000000 0.000000
vt 0.000000 0.000000
vt 0.000000 0.000000
vt 0.000000 0.000000
vt 0.000000 0.000000
vt 0.000000 0.000000
vt 0.000000 0.000000
vt 0.000000 0.000000
vt 0.000000 0.000000
vt 0.000000 0.000000
vt 0.000000 0.000000
vt 0.000000 0.000000
vt 0.000000 0.000000
vt 0.000000 0.000000
vt 0.000000 0.000000
vt 0.000000 0.000000
vt 0.000000 0.000000
vt 0.000000 0.000000
vt 0.000000 0.000000
vt 0.000000 0.000000
vt 0.000000 0.000000
vt 0.000000 0.000000
vt 0.000000 0.000000
vt 0.000000 0.000000
vt 0.000000 0.000000
vt 0.000000 0.000000
vt 0.000000 0.000000
vt 0.000000 0.000000
vt 0.000000 0.000000
vt 0.000000 0.000000
vt 0.000000 0.000000
vt 0.000000 0.000000
vt 0.000000 0.000000
vt 0.000000 0.000000
vt 0.000000 0.000000
vt 0.000000 0.000000
vt 0.000000 0.000000
vt 0.000000 0.000000
vt 0.000000 0.000000
vt 0.000000 0.000000
vt 0.000000 0.000000
vt 0.000000 0.000000
vt 0.000000 0.000000
vt 0.000000 0.000000
vt 0.000000 0.000000
vt 0.000000 0.000000
vt 0.000000 0.000000
vt 0.000000 0.000000
vt 0.000000 0.000000
vt 0.000000 0.000000
vt 0.000000 0.000000
vt 0.000000 0.000000
vt 0.000000 0.000000
vt 0.000000 0.000000
vt 0.000000 0.000000
vt 0.000000 0.000000
vt 0.000000 0.000000
vt 0.000000 0.000000
vt 0.000000 0.000000
vt 0.000000 0.000000
vt 0.000000 0.000000
vt 0.000000 0.000000
vt 0.000000 0.000000
vt 0.000000 0.000000
vt 0.000000 0.000000
vt 0.000000 0.000000
vt 0.000000 0.000000
vt 0.000000 0.000000
vt 0.000000 0.000000
vt 0.000000 0.000000
vt 0.000000 0.000000
vt 0.000000 0.000000
vt 0.000000 0.000000
vt 0.000000 0.000000
vt 0.000000 0.000000
vt 0.000000 0.000000
vt 0.000000 0.000000
vt 0.000000 0.000000
vt 0.000000 0.000000
vt 0.000000 0.000000
vt 0.000000 0.000000
vt 0.000000 0.000000
vt 0.000000 0.000000
vt 0.000000 0.000000
vt 0.000000 0.000000
vt 0.000000 0.000000
vt 0.000000 0.000000
vt 0.000000 0.000000
vt 0.000000 0.000000
vt 0.000000 0.000000
vt 0.000000 0.000000
vt 0.000000 0.000000
vt 0.000000 0.000000
vt 0.000000 0.000000
vt 0.000000 0.000000
vt 0.000000 0.000000
vt 0.000000 0.000000
vt 0.000000 0.000000
vt 0.000000 0.000000
vt 0.000000 0.000000
vt 0.000000 0.000000
vt 0.000000 0.000000
vt 0.000000 0.000000
vt 0.000000 0.000000
vt 0.000000 0.000000
vt 0.000000 0.000000
vt 0.000000 0.000000
vt 0.000000 0.000000
vt 0.000000 0.000000
vt 0.000000 0.000000
vt 0.000000 0.000000
vt 0.000000 0.000000
vt 0.000000 0.000000
vt 0.000000 0.000000
vt 0.000000 0.000000
vt 0.000000 0.000000
vt 0.000000 0.000000
vt 0.000000 0.000000
vt 0.000000 0.000000
vt 0.000000 0.000000
vt 0.000000 0.000000
vt 0.000000 0.000000
vt 0.000000 0.000000
vt 0.000000 0.000000
vt 0.000000 0.000000
vt 0.000000 0.000000
vt 0.000000 0.000000
vt 0.000000 0.000000
vt 0.000000 0.000000
vt 0.000000 0.000000
vt 0.000000 0.000000
vt 0.000000 0.000000
vt 0.000000 0.000000
vt 0.000000 0.000000
vt 0.000000 0.000000
vt 0.000000 0.000000
vt 0.000000 0.000000
vt 0.000000 0.000000
vt 0.000000 0.000000
vt 0.000000 0.000000
vt 0.000000 0.000000
vt 0.000000 0.000000
vt 0.000000 0.000000
vt 0.000000 0.000000
vt 0.000000 0.000000
vt 0.000000 0.000000
vt 0.000000 0.000000
vt 0.000000 0.000000
vt 0.000000 0.000000
vt 0.000000 0.000000
vt 0.000000 0.000000
vt 0.000000 0.000000
vt 0.000000 0.000000
vt 0.000000 0.000000
vt 0.000000 0.000000
vt 0.000000 0.000000
vt 0.000000 0.000000
vt 0.000000 0.000000
vt 0.000000 0.000000
vt 0.000000 0.000000
vt 0.000000 0.000000
vt 0.000000 0.000000
vt 0.000000 0.000000
vt 0.000000 0.000000
vt 0.000000 0.000000
vt 0.000000 0.000000
vt 0.000000 0.000000
vt 0.000000 0.000000
vt 0.000000 0.000000
vt 0.000000 0.000000
vt 0.000000 0.000000
vt 0.000000 0.000000
vt 0.000000 0.000000
vt 0.000000 0.000000
vt 0.000000 0.000000
vt 0.000000 0.000000
vt 0.000000 0.000000
vt 0.000000 0.000000
vt 0.000000 0.000000
vt 0.000000 0.000000
vt 0.000000 0.000000
vt 0.000000 0.000000
vt 0.000000 0.000000
vt 0.000000 0.000000
vt 0.000000 0.000000
vt 0.000000 0.000000
vt 0.000000 0.000000
vt 0.000000 0.000000
vt 0.000000 0.000000
vt 0.000000 0.000000
vt 0.000000 0.000000
vt 0.000000 0.000000
vt 0.000000 0.000000
vt 0.000000 0.000000
vt 0.000000 0.000000
vt 0.000000 0.000000
vt 0.000000 0.000000
vt 0.000000 0.000000
vt 0.000000 0.000000
vt 0.000000 0.000000
vt 0.000000 0.000000
vt 0.000000 0.000000
vt 0.000000 0.000000
vt 0.000000 0.000000
vt 0.000000 0.000000
vt 0.000000 0.000000
vt 0.000000 0.000000
vt 0.000000 0.000000
vt 0.000000 0.000000
vt 0.000000 0.000000
vt 0.000000 0.000000
vt 0.000000 0.000000
vt 0.000000 0.000000
vt 0.000000 0.000000
vt 0.000000 0.000000
vt 0.000000 0.000000
vt 0.000000 0.000000
vt 0.000000 0.000000
vt 0.000000 0.000000
vt 0.000000 0.000000
vt 0.000000 0.000000
vt 0.000000 0.000000
vt 0.000000 0.000000
vt 0.000000 0.000000
vt 0.000000 0.000000
vt 0.000000 0.000000
vt 0.000000 0.000000
vt 0.000000 0.000000
vt 0.000000 0.000000
vt 0.000000 0.000000
vt 0.000000 0.000000
vt 0.000000 0.000000
vt 0.000000 0.000000
vt 0.000000 0.000000
vt 0.000000 0.000000
vt 0.000000 0.000000
vt 0.000000 0.000000
vt 0.000000 0.000000
vt 0.000000 0.000000
vt 0.000000 0.000000
vt 0.000000 0.000000
vt 0.000000 0.000000
vt 0.000000 0.000000
vt 0.000000 0.000000
vt 0.000000 0.000000
vt 0.000000 0.000000
vt 0.000000 0.000000
vt 0.000000 0.000000
vt 0.000000 0.000000
vt 0.000000 0.000000
vt 0.000000 0.000000
vt 0.000000 0.000000
vt 0.000000 0.000000
vt 0.000000 0.000000
vt 0.000000 0.000000
vt 0.000000 0.000000
vt 0.000000 0.000000
vt 0.000000 0.000000
vt 0.000000 0.000000
vt 0.000000 0.000000
vt 0.000000 0.000000
vt 0.000000 0.000000
vt 0.000000 0.000000
vt 0.000000 0.000000
vt 0.000000 0.000000
vt 0.000000 0.000000
vt 0.000000 0.000000
vt 0.000000 0.000000
vt 0.000000 0.000000
vt 0.000000 0.000000
vt 0.000000 0.000000
vt 0.000000 0.000000
vt 0.000000 0.000000
vt 0.000000 0.000000
vt 0.000000 0.000000
vt 0.000000 0.000000
vt 0.000000 0.000000
vt 0.000000 0.000000
vt 0.000000 0.000000
vt 0.000000 0.000000
vt 0.000000 0.000000
vt 0.000000 0.000000
vt 0.000000 0.000000
vt 0.000000 0.000000
vt 0.000000 0.000000
vt 0.000000 0.000000
vt 0.000000 0.000000
vt 0.000000 0.000000
vt 0.000000 0.000000
vt 0.000000 0.000000
vt 0.000000 0.000000
vt 0.000000 0.000000
vt 0.000000 0.000000
vt 0.000000 0.000000
vt 0.000000 0.000000
vt 0.000000 0.000000
vt 0.000000 0.000000
vt 0.000000 0.000000
vt 0.000000 0.000000
vt 0.000000 0.000000
vt 0.000000 0.000000
vt 0.000000 0.000000
vt 0.000000 0.000000
vt 0.000000 0.000000
vt 0.000000 0.000000
vt 0.000000 0.000000
vt 0.000000 0.000000
vt 0.000000 0.000000
vt 0.000000 0.000000
vt 0.000000 0.000000
vt 0.000000 0.000000
vt 0.000000 0.000000
vt 0.000000 0.000000
vt 0.000000 0.000000
vt 0.000000 0.000000
vt 0.000000 0.000000
vt 0.000000 0.000000
vt 0.000000 0.000000
vt 0.000000 0.000000
vt 0.000000 0.000000
vt 0.000000 0.000000
vt 0.000000 0.000000
vt 0.000000 0.000000
vt 0.000000 0.000000
vt 0.000000 0.000000
vt 0.000000 0.000000
vt 0.000000 0.000000
vt 0.000000 0.000000
vt 0.000000 0.000000
vt 0.000000 0.000000
vt 0.000000 0.000000
vt 0.000000 0.000000
vt 0.000000 0.000000
vt 0.000000 0.000000
vt 0.000000 0.000000
vt 0.000000 0.000000
vt 0.000000 0.000000
vt 0.000000 0.000000
vt 0.000000 0.000000
vt 0.000000 0.000000
vt 0.000000 0.000000
vt 0.000000 0.000000
vt 0.000000 0.000000
vt 0.000000 0.000000
vt 0.000000 0.000000
vt 0.000000 0.000000
vt 0.000000 0.000000
vt 0.000000 0.000000
vt 0.000000 0.000000
vt 0.000000 0.000000
vt 0.000000 0.000000
vt 0.000000 0.000000
vt 0.000000 0.000000
vt 0.000000 0.000000
vt 0.000000 0.000000
vt 0.000000 0.000000
vt 0.000000 0.000000
vt 0.000000 0.000000
vt 0.000000 0.000000
vt 0.000000 0.000000
vt 0.000000 0.000000
vt 0.000000 0.000000
vt 0.000000 0.000000
vt 0.000000 0.000000
vt 0.000000 0.000000
vt 0.000000 0.000000
vt 0.000000 0.000000
vt 0.000000 0.000000
vt 0.000000 0.000000
vt 0.000000 0.000000
vt 0.000000 0.000000
vt 0.000000 0.000000
vt 0.000000 0.000000
vt 0.000000 0.000000
vt 0.000000 0.000000
vt 0.000000 0.000000
vt 0.000000 0.000000
vt 0.000000 0.000000
vt 0.000000 0.000000
vt 0.000000 0.000000
vt 0.000000 0.000000
vt 0.000000 0.000000
vt 0.000000 0.000000
vt 0.000000 0.000000
vt 0.000000 0.000000
vt 0.000000 0.000000
vt 0.000000 0.000000
vt 0.000000 0.000000
vt 0.000000 0.000000
vt 0.000000 0.000000
vt 0.000000 0.000000
vt 0.000000 0.000000
vt 0.000000 0.000000
vt 0.000000 0.000000
vt 0.000000 0.000000
vt 0.000000 0.000000
vt 0.000000 0.000000
vt 0.000000 0.000000
vt 0.000000 0.000000
vt 0.000000 0.000000
vt 0.000000 0.000000
vt 0.000000 0.000000
vt 0.000000 0.000000
vt 0.000000 0.000000
vt 0.000000 0.000000
vt 0.000000 0.000000
vt 0.000000 0.000000
vt 0.000000 0.000000
vt 0.000000 0.000000
vt 0.000000 0.000000
vt 0.000000 0.000000
vt 0.000000 0.000000
vt 0.000000 0.000000
vt 0.000000 0.000000
vt 0.000000 0.000000
vt 0.000000 0.000000
vt 0.000000 0.000000
vt 0.000000 0.000000
vt 0.000000 0.000000
vt 0.000000 0.000000
vt 0.000000 0.000000
vt 0.000000 0.000000
vt 0.000000 0.000000
vt 0.000000 0.000000
vt 0.000000 0.000000
vt 0.000000 0.000000
vt 0.000000 0.000000
vt 0.000000 0.000000
vt 0.000000 0.000000
vt 0.000000 0.000000
vt 0.000000 0.000000
vt 0.000000 0.000000
vt 0.000000 0.000000
vt 0.000000 0.000000
vt 0.000000 0.000000
vt 0.000000 0.000000
vt 0.000000 0.000000
vt 0.000000 0.000000
vt 0.000000 0.000000
vt 0.000000 0.000000
vt 0.000000 0.000000
vt 0.000000 0.000000
vt 0.000000 0.000000
vt 0.000000 0.000000
vt 0.000000 0.000000
vt 0.000000 0.000000
vt 0.421900 0.579500
vt 0.419300 0.585400
vt 0.306600 0.578700
vt 0.170300 0.481800
vt 0.007700 0.554100
vt 0.027100 0.151900
vt 0.310600 0.458500
vt 0.322700 0.482800
vt 0.293700 0.459100
vt 0.306900 0.041800
vt 0.090300 0.112000
vt 0.093200 0.006400
vt 0.648100 0.497400
vt 0.552300 0.651200
vt 0.533000 0.513400
vt 0.425700 0.994500
vt 0.425300 0.469000
vt 0.374700 0.012100
vt 0.687500 0.964900
vt 0.628300 0.987500
vt 0.660600 0.696400
vt 0.659100 0.643800
vt 0.666800 0.648700
vt 0.540600 0.624300
vt 0.658600 0.633800
vt 0.552000 0.664500
vt 0.173100 0.551400
vt 0.179200 0.583000
vt 0.006600 0.560400
vt 0.310900 0.074200
vt 0.351800 0.456200
vt 0.363700 0.481800
vt 0.328100 0.457900
vt 0.427000 0.486800
vt 0.383900 0.481800
vt 0.378500 0.454200
vt 0.050200 0.116200
vt 0.060000 0.006800
vt 0.551900 0.667700
vt 0.661900 0.657700
vt 0.751900 0.391700
vt 0.634800 0.451000
vt 0.637400 0.991300
vt 0.407800 0.511700
vt 0.420700 0.571900
vt 0.342100 0.482500
vt 0.891100 0.551700
vt 0.375800 0.445200
vt 0.348700 0.435700
vt 0.349400 0.044800
vt 0.887800 0.528900
vt 0.877000 0.436400
vt 0.839900 0.994600
vt 0.828200 0.373900
vt 0.330500 0.427400
vt 0.330000 0.131700
vt 0.304300 0.582800
vt 0.355700 0.977800
vt 0.560500 0.976800
vt 0.560700 1.000000
vt 0.328400 0.042500
vt 0.332500 0.977800
vt 0.318400 0.515800
vt 0.314200 0.558400
vt 0.614200 0.796300
vt 0.917300 0.328800
vt 0.574200 0.814700
vt 0.573400 0.751700
vt 0.918800 0.738300
vt 0.410700 0.500100
vt 0.559100 0.836600
vt 0.539200 0.692700
vt 0.339500 0.120600
vt 0.314800 0.976300
vt 0.328100 0.092400
vt 0.539100 0.736900
vt 0.916600 0.104700
vt 0.000000 0.000000
vt 0.000000 0.000000
vt 0.000000 0.000000
vt 0.000000 0.000000
vt 0.000000 0.000000
vt 0.000000 0.000000
vt 0.000000 0.000000
vt 0.000000 0.000000
vt 0.000000 0.000000
vt 0.000000 0.000000
vt 0.000000 0.000000
vt 0.000000 0.000000
vt 0.000000 0.000000
vt 0.000000 0.000000
vt 0.000000 0.000000
vt 0.000000 0.000000
vt 0.000000 0.000000
vt 0.000000 0.000000
vt 0.000000 0.000000
vt 0.000000 0.000000
vt 0.000000 0.000000
vt 0.000000 0.000000
vt 0.000000 0.000000
vt 0.000000 0.000000
vt 0.000000 0.000000
vt 0.000000 0.000000
vt 0.000000 0.000000
vt 0.000000 0.000000
vt 0.000000 0.000000
vt 0.000000 0.000000
vt 0.000000 0.000000
vt 0.000000 0.000000
vt 0.000000 0.000000
vt 0.000000 0.000000
vt 0.000000 0.000000
vt 0.000000 0.000000
vt 0.000000 0.000000
vt 0.000000 0.000000
vt 0.000000 0.000000
vt 0.000000 0.000000
vt 0.000000 0.000000
vt 0.000000 0.000000
vt 0.000000 0.000000
vt 0.000000 0.000000
vt 0.000000 0.000000
vt 0.000000 0.000000
vt 0.000000 0.000000
vt 0.000000 0.000000
vt 0.000000 0.000000
vt 0.000000 0.000000
vt 0.000000 0.000000
vt 0.000000 0.000000
vt 0.000000 0.000000
vt 0.000000 0.000000
vt 0.000000 0.000000
vt 0.000000 0.000000
vt 0.000000 0.000000
vt 0.000000 0.000000
vt 0.000000 0.000000
vt 0.000000 0.000000
vt 0.000000 0.000000
vt 0.000000 0.000000
vt 0.000000 0.000000
vt 0.000000 0.000000
vt 0.000000 0.000000
vt 0.000000 0.000000
vt 0.000000 0.000000
vt 0.000000 0.000000
vt 0.000000 0.000000
vt 0.000000 0.000000
vt 0.000000 0.000000
vt 0.000000 0.000000
vt 0.000000 0.000000
vt 0.000000 0.000000
vt 0.000000 0.000000
vt 0.000000 0.000000
vt 0.000000 0.000000
vt 0.000000 0.000000
vt 0.000000 0.000000
vt 0.000000 0.000000
vt 0.000000 0.000000
vt 0.000000 0.000000
vt 0.000000 0.000000
vt 0.000000 0.000000
vt 0.000000 0.000000
vt 0.000000 0.000000
vt 0.000000 0.000000
vt 0.000000 0.000000
vt 0.000000 0.000000
vt 0.000000 0.000000
vt 0.000000 0.000000
vt 0.000000 0.000000
vt 0.000000 0.000000
vt 0.000000 0.000000
vt 0.000000 0.000000
vt 0.000000 0.000000
vt 0.000000 0.000000
vt 0.000000 0.000000
vt 0.000000 0.000000
vt 0.000000 0.000000
vt 0.000000 0.000000
vt 0.000000 0.000000
vt 0.000000 0.000000
vt 0.000000 0.000000
vt 0.000000 0.000000
vt 0.000000 0.000000
vt 0.000000 0.000000
vt 0.000000 0.000000
vt 0.000000 0.000000
vt 0.000000 0.000000
vt 0.000000 0.000000
vt 0.000000 0.000000
vt 0.000000 0.000000
vt 0.000000 0.000000
vt 0.000000 0.000000
vt 0.000000 0.000000
vt 0.000000 0.000000
vt 0.000000 0.000000
vt 0.000000 0.000000
vt 0.000000 0.000000
vt 0.000000 0.000000
vt 0.000000 0.000000
vt 0.000000 0.000000
vt 0.000000 0.000000
vt 0.000000 0.000000
vt 0.000000 0.000000
vt 0.000000 0.000000
vt 0.000000 0.000000
vt 0.000000 0.000000
vt 0.000000 0.000000
vt 0.000000 0.000000
vt 0.000000 0.000000
vt 0.000000 0.000000
vt 0.000000 0.000000
vt 0.000000 0.000000
vt 0.000000 0.000000
vt 0.000000 0.000000
vt 0.000000 0.000000
vt 0.000000 0.000000
vt 0.000000 0.000000
vt 0.000000 0.000000
vt 0.000000 0.000000
vt 0.000000 0.000000
vt 0.000000 0.000000
vt 0.000000 0.000000
vt 0.000000 0.000000
vt 0.000000 0.000000
vt 0.000000 0.000000
vt 0.000000 0.000000
vt 0.000000 0.000000
vt 0.000000 0.000000
vt 0.000000 0.000000
vt 0.000000 0.000000
vt 0.000000 0.000000
vt 0.000000 0.000000
vt 0.000000 0.000000
vt 0.000000 0.000000
vt 0.000000 0.000000
vt 0.000000 0.000000
vt 0.000000 0.000000
vt 0.000000 0.000000
vt 0.000000 0.000000
vt 0.000000 0.000000
vt 0.000000 0.000000
vt 0.000000 0.000000
vt 0.000000 0.000000
vt 0.000000 0.000000
vt 0.000000 0.000000
vt 0.000000 0.000000
vt 0.000000 0.000000
vt 0.000000 0.000000
vt 0.000000 0.000000
vt 0.000000 0.000000
vt 0.000000 0.000000
vt 0.000000 0.000000
vt 0.000000 0.000000
vt 0.000000 0.000000
vt 0.000000 0.000000
vt 0.000000 0.000000
vt 0.000000 0.000000
vt 0.000000 0.000000
vt 0.000000 0.000000
vt 0.000000 0.000000
vt 0.000000 0.000000
vt 0.000000 0.000000
vt 0.000000 0.000000
vt 0.000000 0.000000
vt 0.000000 0.000000
vt 0.000000 0.000000
vt 0.000000 0.000000
vt 0.000000 0.000000
vt 0.000000 0.000000
vt 0.000000 0.000000
vt 0.000000 0.000000
vt 0.000000 0.000000
vt 0.000000 0.000000
vt 0.000000 0.000000
vt 0.000000 0.000000
vt 0.000000 0.000000
vt 0.000000 0.000000
vt 0.000000 0.000000
vt 0.000000 0.000000
vt 0.000000 0.000000
vt 0.000000 0.000000
vt 0.000000 0.000000
vt 0.000000 0.000000
vt 0.000000 0.000000
vt 0.000000 0.000000
vt 0.000000 0.000000
vt 0.000000 0.000000
vt 0.000000 0.000000
vt 0.000000 0.000000
vt 0.000000 0.000000
vt 0.000000 0.000000
vt 0.000000 0.000000
vt 0.000000 0.000000
vt 0.000000 0.000000
vt 0.000000 0.000000
vt 0.000000 0.000000
vt 0.000000 0.000000
vt 0.000000 0.000000
vt 0.000000 0.000000
vt 0.000000 0.000000
vt 0.000000 0.000000
vt 0.000000 0.000000
vt 0.000000 0.000000
vt 0.000000 0.000000
vt 0.000000 0.000000
vt 0.000000 0.000000
vt 0.000000 0.000000
vt 0.000000 0.000000
vt 0.000000 0.000000
vt 0.000000 0.000000
vt 0.000000 0.000000
vt 0.000000 0.000000
vt 0.000000 0.000000
vt 0.000000 0.000000
vt 0.000000 0.000000
vt 0.000000 0.000000
vt 0.000000 0.000000
vt 0.000000 0.000000
vt 0.000000 0.000000
vt 0.000000 0.000000
vt 0.000000 0.000000
vt 0.000000 0.000000
vt 0.000000 0.000000
vt 0.000000 0.000000
vt 0.000000 0.000000
vt 0.000000 0.000000
vt 0.000000 0.000000
vt 0.000000 0.000000
vt 0.000000 0.000000
vt 0.000000 0.000000
vt 0.000000 0.000000
vt 0.000000 0.000000
vt 0.000000 0.000000
vt 0.000000 0.000000
vt 0.000000 0.000000
vt 0.000000 0.000000
vt 0.000000 0.000000
vt 0.000000 0.000000
vt 0.000000 0.000000
vt 0.000000 0.000000
vt 0.000000 0.000000
vt 0.000000 0.000000
vt 0.000000 0.000000
vt 0.000000 0.000000
vt 0.000000 0.000000
vt 0.000000 0.000000
vt 0.000000 0.000000
vt 0.000000 0.000000
vt 0.000000 0.000000
vt 0.000000 0.000000
vt 0.000000 0.000000
vt 0.000000 0.000000
vt 0.000000 0.000000
vt 0.000000 0.000000
vt 0.000000 0.000000
vt 0.000000 0.000000
vt 0.000000 0.000000
vt 0.000000 0.000000
vt 0.000000 0.000000
vt 0.000000 0.000000
vt 0.000000 0.000000
vt 0.000000 0.000000
vt 0.000000 0.000000
vt 0.000000 0.000000
vt 0.000000 0.000000
vt 0.000000 0.000000
vt 0.000000 0.000000
vt 0.000000 0.000000
vt 0.000000 0.000000
vt 0.000000 0.000000
vt 0.000000 0.000000
vt 0.000000 0.000000
vt 0.000000 0.000000
vt 0.000000 0.000000
vt 0.000000 0.000000
vt 0.000000 0.000000
vt 0.000000 0.000000
vt 0.000000 0.000000
vt 0.000000 0.000000
vt 0.000000 0.000000
vt 0.000000 0.000000
vt 0.000000 0.000000
vt 0.000000 0.000000
vt 0.000000 0.000000
vt 0.000000 0.000000
vt 0.000000 0.000000
vt 0.000000 0.000000
vt 0.000000 0.000000
vt 0.000000 0.000000
vt 0.000000 0.000000
vt 0.000000 0.000000
vt 0.000000 0.000000
vt 0.000000 0.000000
vt 0.000000 0.000000
vt 0.000000 0.000000
vt 0.000000 0.000000
vt 0.000000 0.000000
vt 0.000000 0.000000
vt 0.000000 0.000000
vt 0.000000 0.000000
vt 0.000000 0.000000
vt 0.000000 0.000000
vt 0.000000 0.000000
vt 0.000000 0.000000
vt 0.000000 0.000000
vt 0.000000 0.000000
vt 0.000000 0.000000
vt 0.000000 0.000000
vt 0.000000 0.000000
vt 0.000000 0.000000
vt 0.000000 0.000000
vt 0.000000 0.000000
vt 0.000000 0.000000
vt 0.000000 0.000000
vt 0.000000 0.000000
vt 0.000000 0.000000
vt 0.000000 0.000000
vt 0.000000 0.000000
vt 0.000000 0.000000
vt 0.000000 0.000000
vt 0.000000 0.000000
vt 0.000000 0.000000
vt 0.000000 0.000000
vt 0.000000 0.000000
vt 0.000000 0.000000
vt 0.000000 0.000000
vt 0.000000 0.000000
vt 0.000000 0.000000
vt 0.000000 0.000000
vt 0.000000 0.000000
vt 0.000000 0.000000
vt 0.000000 0.000000
vt 0.000000 0.000000
vt 0.000000 0.000000
vt 0.000000 0.000000
vt 0.000000 0.000000
vt 0.000000 0.000000
vt 0.000000 0.000000
vt 0.000000 0.000000
vt 0.000000 0.000000
vt 0.000000 0.000000
vt 0.000000 0.000000
vt 0.000000 0.000000
vt 0.000000 0.000000
vt 0.000000 0.000000
vt 0.000000 0.000000
vt 0.000000 0.000000
vt 0.000000 0.000000
vt 0.000000 0.000000
vt 0.000000 0.000000
vt 0.000000 0.000000
vt 0.000000 0.000000
vt 0.000000 0.000000
vt 0.000000 0.000000
vt 0.000000 0.000000
vt 0.000000 0.000000
vt 0.000000 0.000000
vt 0.000000 0.000000
vt 0.000000 0.000000
vt 0.000000 0.000000
vt 0.000000 0.000000
vt 0.000000 0.000000
vt 0.000000 0.000000
vt 0.000000 0.000000
vt 0.000000 0.000000
vt 0.000000 0.000000
vt 0.000000 0.000000
vt 0.000000 0.000000
vt 0.000000 0.000000
vt 0.000000 0.000000
vt 0.000000 0.000000
vt 0.000000 0.000000
vt 0.000000 0.000000
vt 0.000000 0.000000
vt 0.000000 0.000000
vt 0.000000 0.000000
vt 0.000000 0.000000
vt 0.000000 0.000000
vt 0.000000 0.000000
vt 0.000000 0.000000
vt 0.000000 0.000000
vt 0.000000 0.000000
vt 0.000000 0.000000
vt 0.000000 0.000000
vt 0.000000 0.000000
vt 0.000000 0.000000
vt 0.000000 0.000000
vt 0.000000 0.000000
vt 0.000000 0.000000
vt 0.000000 0.000000
vt 0.000000 0.000000
vt 0.000000 0.000000
vt 0.000000 0.000000
vt 0.000000 0.000000
vt 0.000000 0.000000
vt 0.000000 0.000000
vt 0.000000 0.000000
vt 0.000000 0.000000
vt 0.000000 0.000000
vt 0.000000 0.000000
vt 0.000000 0.000000
vt 0.000000 0.000000
vt 0.000000 0.000000
vt 0.000000 0.000000
vt 0.000000 0.000000
vt 0.000000 0.000000
vt 0.000000 0.000000
vt 0.000000 0.000000
vt 0.000000 0.000000
vt 0.000000 0.000000
vt 0.000000 0.000000
vt 0.000000 0.000000
vt 0.000000 0.000000
vt 0.000000 0.000000
vt 0.000000 0.000000
vt 0.000000 0.000000
vt 0.000000 0.000000
vt 0.000000 0.000000
vt 0.000000 0.000000
vt 0.000000 0.000000
vt 0.000000 0.000000
vt 0.000000 0.000000
vt 0.000000 0.000000
vt 0.000000 0.000000
vt 0.000000 0.000000
vt 0.000000 0.000000
vt 0.000000 0.000000
vt 0.000000 0.000000
vt 0.000000 0.000000
vt 0.000000 0.000000
vt 0.000000 0.000000
vt 0.000000 0.000000
vt 0.000000 0.000000
vt 0.000000 0.000000
vt 0.000000 0.000000
vt 0.000000 0.000000
vt 0.000000 0.000000
vt 0.000000 0.000000
vt 0.000000 0.000000
vt 0.000000 0.000000
vt 0.000000 0.000000
vt 0.000000 0.000000
vt 0.000000 0.000000
vt 0.000000 0.000000
vt 0.000000 0.000000
vt 0.000000 0.000000
vt 0.000000 0.000000
vt 0.000000 0.000000
vt 0.000000 0.000000
vt 0.000000 0.000000
vt 0.000000 0.000000
vt 0.000000 0.000000
vt 0.000000 0.000000
vt 0.000000 0.000000
vt 0.000000 0.000000
vt 0.000000 0.000000
vt 0.000000 0.000000
vt 0.000000 0.000000
vt 0.000000 0.000000
vt 0.000000 0.000000
vt 0.000000 0.000000
vt 0.000000 0.000000
vt 0.000000 0.000000
vt 0.000000 0.000000
vt 0.000000 0.000000
vt 0.000000 0.000000
vt 0.000000 0.000000
vt 0.000000 0.000000
vt 0.000000 0.000000
vt 0.000000 0.000000
vt 0.000000 0.000000
vt 0.000000 0.000000
vt 0.000000 0.000000
vt 0.000000 0.000000
vt 0.000000 0.000000
vt 0.000000 0.000000
vt 0.000000 0.000000
vt 0.000000 0.000000
vt 0.000000 0.000000
vt 0.000000 0.000000
vt 0.000000 0.000000
vt 0.000000 0.000000
vt 0.000000 0.000000
vt 0.000000 0.000000
vt 0.000000 0.000000
vt 0.000000 0.000000
vt 0.000000 0.000000
vt 0.000000 0.000000
vt 0.000000 0.000000
vt 0.000000 0.000000
vt 0.000000 0.000000
vt 0.000000 0.000000
vt 0.000000 0.000000
vt 0.000000 0.000000
vt 0.000000 0.000000
vt 0.000000 0.000000
vt 0.000000 0.000000
vt 0.000000 0.000000
vt 0.000000 0.000000
vt 0.000000 0.000000
vt 0.000000 0.000000
vt 0.000000 0.000000
vt 0.000000 0.000000
vt 0.000000 0.000000
vt 0.000000 0.000000
vt 0.000000 0.000000
vt 0.000000 0.000000
vt 0.000000 0.000000
vt 0.000000 0.000000
vt 0.000000 0.000000
vt 0.000000 0.000000
vt 0.000000 0.000000
vt 0.000000 0.000000
vt 0.000000 0.000000
vt 0.000000 0.000000
vt 0.000000 0.000000
vt 0.000000 0.000000
vt 0.000000 0.000000
vt 0.000000 0.000000
vt 0.000000 0.000000
vt 0.000000 0.000000
vt 0.000000 0.000000
vt 0.000000 0.000000
vt 0.000000 0.000000
vt 0.000000 0.000000
vt 0.000000 0.000000
vt 0.000000 0.000000
vt 0.000000 0.000000
vt 0.000000 0.000000
vt 0.000000 0.000000
vt 0.000000 0.000000
vt 0.000000 0.000000
vt 0.000000 0.000000
vt 0.000000 0.000000
vt 0.000000 0.000000
vt 0.000000 0.000000
vt 0.000000 0.000000
vt 0.000000 0.000000
vt 0.000000 0.000000
vt 0.000000 0.000000
vt 0.000000 0.000000
vt 0.000000 0.000000
vt 0.000000 0.000000
vt 0.000000 0.000000
vt 0.000000 0.000000
vt 0.000000 0.000000
vt 0.000000 0.000000
vt 0.000000 0.000000
vt 0.000000 0.000000
vt 0.000000 0.000000
vt 0.000000 0.000000
vt 0.000000 0.000000
vt 0.000000 0.000000
vt 0.000000 0.000000
vt 0.000000 0.000000
vt 0.000000 0.000000
vt 0.000000 0.000000
vt 0.000000 0.000000
vt 0.000000 0.000000
vt 0.000000 0.000000
vt 0.000000 0.000000
vt 0.000000 0.000000
vt 0.000000 0.000000
vt 0.000000 0.000000
vt 0.000000 0.000000
vt 0.000000 0.000000
vt 0.000000 0.000000
vt 0.000000 0.000000
vt 0.000000 0.000000
vt 0.000000 0.000000
vt 0.000000 0.000000
vt 0.000000 0.000000
vt 0.000000 0.000000
vt 0.000000 0.000000
vt 0.000000 0.000000
vt 0.000000 0.000000
vt 0.000000 0.000000
vt 0.000000 0.000000
vt 0.000000 0.000000
vt 0.000000 0.000000
vt 0.000000 0.000000
vt 0.000000 0.000000
vt 0.000000 0.000000
vt 0.000000 0.000000
vt 0.000000 0.000000
vt 0.000000 0.000000
vt 0.000000 0.000000
vt 0.000000 0.000000
vt 0.000000 0.000000
vt 0.000000 0.000000
vt 0.000000 0.000000
vt 0.000000 0.000000
vt 0.000000 0.000000
vt 0.000000 0.000000
vt 0.000000 0.000000
vt 0.000000 0.000000
vt 0.000000 0.000000
vt 0.000000 0.000000
vt 0.000000 0.000000
vt 0.000000 0.000000
vt 0.000000 0.000000
vt 0.000000 0.000000
vt 0.000000 0.000000
vt 0.000000 0.000000
vt 0.000000 0.000000
vt 0.000000 0.000000
vt 0.000000 0.000000
vt 0.000000 0.000000
vt 0.000000 0.000000
vt 0.000000 0.000000
vt 0.000000 0.000000
vt 0.000000 0.000000
vt 0.000000 0.000000
vt 0.000000 0.000000
vt 0.000000 0.000000
vt 0.000000 0.000000
vt 0.000000 0.000000
vt 0.000000 0.000000
vt 0.000000 0.000000
vt 0.000000 0.000000
vt 0.000000 0.000000
vt 0.000000 0.000000
vt 0.000000 0.000000
vt 0.000000 0.000000
vt 0.000000 0.000000
vt 0.000000 0.000000
vt 0.000000 0.000000
vt 0.000000 0.000000
vt 0.000000 0.000000
vt 0.000000 0.000000
vt 0.000000 0.000000
vt 0.000000 0.000000
vt 0.000000 0.000000
vt 0.000000 0.000000
vt 0.000000 0.000000
vt 0.000000 0.000000
vt 0.000000 0.000000
vt 0.000000 0.000000
vt 0.000000 0.000000
vt 0.000000 0.000000
vt 0.000000 0.000000
vt 0.000000 0.000000
vt 0.000000 0.000000
vt 0.000000 0.000000
vt 0.000000 0.000000
vt 0.000000 0.000000
vt 0.000000 0.000000
vt 0.000000 0.000000
vt 0.000000 0.000000
vt 0.000000 0.000000
vt 0.000000 0.000000
vt 0.000000 0.000000
vt 0.000000 0.000000
vt 0.000000 0.000000
vt 0.000000 0.000000
vt 0.000000 0.000000
vt 0.000000 0.000000
vt 0.000000 0.000000
vt 0.000000 0.000000
vt 0.000000 0.000000
vt 0.000000 0.000000
vt 0.000000 0.000000
vt 0.000000 0.000000
vt 0.000000 0.000000
vt 0.000000 0.000000
vt 0.000000 0.000000
vt 0.000000 0.000000
vt 0.000000 0.000000
vt 0.000000 0.000000
vt 0.000000 0.000000
vt 0.000000 0.000000
vt 0.000000 0.000000
vt 0.000000 0.000000
vt 0.000000 0.000000
vt 0.000000 0.000000
vt 0.000000 0.000000
vt 0.000000 0.000000
vt 0.000000 0.000000
vt 0.000000 0.000000
vt 0.000000 0.000000
vt 0.000000 0.000000
vt 0.000000 0.000000
vt 0.000000 0.000000
vt 0.000000 0.000000
vt 0.000000 0.000000
vt 0.000000 0.000000
vt 0.000000 0.000000
vt 0.000000 0.000000
vt 0.000000 0.000000
vt 0.000000 0.000000
vt 0.000000 0.000000
vt 0.000000 0.000000
vt 0.000000 0.000000
vt 0.000000 0.000000
vt 0.000000 0.000000
vt 0.000000 0.000000
vt 0.000000 0.000000
vt 0.000000 0.000000
vt 0.000000 0.000000
vt 0.000000 0.000000
vt 0.000000 0.000000
vt 0.000000 0.000000
vt 0.000000 0.000000
vt 0.000000 0.000000
vt 0.000000 0.000000
vt 0.000000 0.000000
vt 0.000000 0.000000
vt 0.000000 0.000000
vt 0.000000 0.000000
vt 0.000000 0.000000
vt 0.000000 0.000000
vt 0.000000 0.000000
vt 0.000000 0.000000
vt 0.000000 0.000000
vt 0.000000 0.000000
vt 0.000000 0.000000
vt 0.000000 0.000000
vt 0.000000 0.000000
vt 0.000000 0.000000
vt 0.000000 0.000000
vt 0.000000 0.000000
vt 0.000000 0.000000
vt 0.000000 0.000000
vt 0.000000 0.000000
vt 0.000000 0.000000
vt 0.000000 0.000000
vt 0.000000 0.000000
vt 0.000000 0.000000
vt 0.000000 0.000000
vt 0.000000 0.000000
vt 0.000000 0.000000
vt 0.000000 0.000000
vt 0.000000 0.000000
vt 0.000000 0.000000
vt 0.000000 0.000000
vt 0.000000 0.000000
vt 0.000000 0.000000
vt 0.000000 0.000000
vt 0.000000 0.000000
vt 0.000000 0.000000
vt 0.000000 0.000000
vt 0.000000 0.000000
vt 0.000000 0.000000
vt 0.000000 0.000000
vt 0.000000 0.000000
vt 0.000000 0.000000
vt 0.000000 0.000000
vt 0.000000 0.000000
vt 0.000000 0.000000
vt 0.000000 0.000000
vt 0.000000 0.000000
vt 0.000000 0.000000
vt 0.000000 0.000000
vt 0.000000 0.000000
vt 0.000000 0.000000
vt 0.000000 0.000000
vt 0.000000 0.000000
vt 0.000000 0.000000
vt 0.000000 0.000000
vt 0.000000 0.000000
vt 0.000000 0.000000
vt 0.000000 0.000000
vt 0.000000 0.000000
vt 0.000000 0.000000
vt 0.000000 0.000000
vt 0.000000 0.000000
vt 0.000000 0.000000
vt 0.000000 0.000000
vt 0.000000 0.000000
vt 0.000000 0.000000
vt 0.000000 0.000000
vt 0.000000 0.000000
vt 0.000000 0.000000
vt 0.000000 0.000000
vt 0.000000 0.000000
vt 0.000000 0.000000
vt 0.000000 0.000000
vt 0.000000 0.000000
vt 0.000000 0.000000
vt 0.000000 0.000000
vt 0.000000 0.000000
vt 0.000000 0.000000
vt 0.000000 0.000000
vt 0.000000 0.000000
vt 0.000000 0.000000
vt 0.000000 0.000000
vt 0.000000 0.000000
vt 0.000000 0.000000
vt 0.000000 0.000000
vt 0.000000 0.000000
vt 0.000000 0.000000
vt 0.000000 0.000000
vt 0.000000 0.000000
vt 0.000000 0.000000
vt 0.000000 0.000000
vt 0.000000 0.000000
vt 0.000000 0.000000
vt 0.000000 0.000000
vt 0.000000 0.000000
vt 0.000000 0.000000
vt 0.000000 0.000000
vt 0.000000 0.000000
vt 0.000000 0.000000
vt 0.000000 0.000000
vt 0.000000 0.000000
vt 0.000000 0.000000
vt 0.000000 0.000000
vt 0.000000 0.000000
vt 0.000000 0.000000
vt 0.000000 0.000000
vt 0.000000 0.000000
vt 0.000000 0.000000
vt 0.000000 0.000000
vt 0.000000 0.000000
vt 0.000000 0.000000
vt 0.000000 0.000000
vt 0.000000 0.000000
vt 0.000000 0.000000
vt 0.000000 0.000000
vt 0.000000 0.000000
vt 0.000000 0.000000
vt 0.000000 0.000000
vt 0.000000 0.000000
vt 0.000000 0.000000
vt 0.000000 0.000000
vt 0.000000 0.000000
vt 0.000000 0.000000
vt 0.000000 0.000000
vt 0.000000 0.000000
vt 0.000000 0.000000
vt 0.000000 0.000000
vt 0.000000 0.000000
vt 0.000000 0.000000
vt 0.000000 0.000000
vt 0.000000 0.000000
vt 0.000000 0.000000
vt 0.000000 0.000000
vt 0.000000 0.000000
vt 0.759300 0.862500
vt 0.659900 0.917100
vt 0.627800 0.836400
vt 0.048600 0.581800
vt 0.013600 0.588400
vt 0.006000 0.466500
vt 0.457700 0.776100
vt 0.528400 0.776100
vt 0.539000 0.859200
vt 0.326700 0.917100
vt 0.313500 0.950100
vt 0.206200 0.891300
vt 0.937800 0.581700
vt 0.902700 0.689400
vt 0.824000 0.652500
vt 0.423200 0.224700
vt 0.427800 0.243300
vt 0.366600 0.267500
vt 0.493300 0.215900
vt 0.493100 0.235100
vt 0.672900 0.950100
vt 0.554400 0.980500
vt 0.629000 0.250700
vt 0.619600 0.267500
vt 0.558400 0.243300
vt 0.589800 0.740800
vt 0.596800 0.758600
vt 0.563400 0.224800
vt 0.842000 0.785000
vt 0.869300 0.807700
vt 0.780100 0.891300
vt 0.905400 0.236100
vt 0.875300 0.255000
vt 0.802900 0.167800
vt 0.062700 0.357600
vt 0.028900 0.346600
vt 0.081000 0.236100
vt 0.225200 0.410100
vt 0.243400 0.416100
vt 0.231100 0.480600
vt 0.761200 0.410300
vt 0.742800 0.416100
vt 0.714800 0.356700
vt 0.755200 0.480700
vt 0.751000 0.546200
vt 0.730700 0.608700
vt 0.695400 0.664100
vt 0.672900 0.306100
vt 0.647400 0.709100
vt 0.526000 0.757100
vt 0.460200 0.757100
vt 0.396500 0.740800
vt 0.338800 0.709100
vt 0.290800 0.664100
vt 0.313400 0.306100
vt 0.255500 0.608700
vt 0.271400 0.356700
vt 0.235200 0.546200
vt 0.227200 0.862600
vt 0.117000 0.807700
vt 0.436500 0.945300
vt 0.432000 0.980500
vt 0.300400 0.292000
vt 0.550000 0.945200
vt 0.493200 0.009900
vt 0.493100 0.045400
vt 0.380500 0.059600
vt 0.212000 0.479300
vt 0.216400 0.549700
vt 0.134000 0.565500
vt 0.317000 0.177300
vt 0.242900 0.231100
vt 0.183300 0.167900
vt 0.184400 0.301600
vt 0.111000 0.255200
vt 0.402200 0.143600
vt 0.275100 0.101300
vt 0.255300 0.346300
vt 0.774400 0.479600
vt 0.769900 0.549900
vt 0.128200 0.474200
vt 0.708100 0.792400
vt 0.840900 0.384300
vt 0.858100 0.474200
vt 0.258000 0.070200
vt 0.371800 0.025200
vt 0.327500 0.724600
vt 0.389300 0.758600
vt 0.358600 0.836400
vt 0.159000 0.142000
vt 0.041500 0.468800
vt 0.276000 0.676300
vt 0.278200 0.792400
vt 0.145400 0.384300
vt 0.238200 0.616800
vt 0.211400 0.729700
vt 0.801900 0.301600
vt 0.743500 0.231100
vt 0.731200 0.346500
vt 0.934900 0.704600
vt 0.980400 0.466500
vt 0.944900 0.468700
vt 0.923600 0.357400
vt 0.748100 0.617000
vt 0.774900 0.729700
vt 0.447300 0.859200
vt 0.162300 0.652500
vt 0.083700 0.689500
vt 0.852400 0.565500
vt 0.669300 0.177300
vt 0.686200 0.292200
vt 0.972700 0.588400
vt 0.710200 0.676500
vt 0.658700 0.724700
vt 0.614600 0.025200
vt 0.605600 0.059600
vt 0.711100 0.101200
vt 0.357500 0.250600
vt 0.493200 0.132200
vt 0.728400 0.070200
vt 0.144500 0.785100
vt 0.584100 0.143600
vt 0.051500 0.704600
vt 0.827400 0.142000
vt 0.957500 0.346600
vt 0.487700 0.549000
vt 0.487700 0.660800
vt 0.487700 0.327100
vt 0.487700 0.568700
vt 0.487700 0.044300
vt 0.487700 0.433400
vt 0.487700 0.745900
vt 0.487700 0.992500
vt 0.487700 0.336500
vt 0.487700 0.460000
vt 0.487700 0.569500
vt 0.487700 0.678900
vt 0.487700 0.802400
vt 0.487700 0.146400
vt 0.487700 0.393000
vt 0.487700 0.705500
vt 0.487700 0.570200
vt 0.487700 0.140301
vt 0.487700 0.811800
vt 0.487700 0.589899
vt 0.487700 0.478100
vt 0.581000 0.413601
vt 0.461200 0.228201
vt 0.461200 0.185600
vt 0.449800 0.564500
vt 0.449800 0.668200
vt 0.461200 0.524300
vt 0.581000 0.282300
vt 0.581000 0.203400
vt 0.449800 0.088100
vt 0.487700 0.094601
vt 0.401000 0.191900
vt 0.401000 0.520900
vt 0.449800 0.468600
vt 0.461200 0.570200
vt 0.581000 0.567600
vt 0.581000 0.003599
vt 0.461200 0.920401
vt 0.401000 0.925000
vt 0.401000 0.751499
vt 0.461200 0.366699
vt 0.461200 0.597700
vt 0.581000 0.544200
vt 0.581000 0.752100
vt 0.401000 0.327500
vt 0.461200 0.056700
vt 0.581000 0.388700
vt 0.461200 0.129200
vt 0.461200 0.484699
vt 0.461200 0.909900
vt 0.461200 0.953500
vt 0.401000 0.341200
vt 0.581000 0.383101
vt 0.461200 0.344500
vt 0.401000 0.692101
vt 0.401000 0.156900
vt 0.461200 0.216400
vt 0.401000 0.922300
vt 0.449800 0.526500
vt 0.449800 0.615100
vt 0.581000 0.746600
vt 0.461200 0.002800
vt 0.461200 0.764400
vt 0.401000 0.614401
vt 0.401000 0.847900
vt 0.461200 0.536699
vt 0.487700 0.998600
vt 0.581000 0.520900
vt 0.000000 0.190200
vt 0.000000 0.301000
vt 1.000000 0.301000
vt 0.449800 0.177700
vt 0.449800 0.818800
vt 0.401000 0.028400
vt 0.401000 0.567600
vt 0.401000 0.443100
vt 0.401000 0.978400
vt 0.581000 0.131600
vt 0.581000 0.721700
vt 0.449800 0.763500
vt 0.401000 0.943399
vt 0.581000 0.911900
vt 0.461200 0.030100
vt 0.449800 0.004200
vt 0.449800 0.694201
vt 0.449800 0.669399
vt 0.449800 0.077999
vt 0.449800 0.891300
vt 0.449800 0.345400
vt 0.449800 0.785200
vt 0.401000 0.212999
vt 0.449800 0.957100
vt 0.581000 0.223400
vt 0.461200 0.100100
vt 0.449800 0.238400
vt 0.581000 0.430800
vt 0.461200 0.073800
vt 0.461200 0.648300
vt 0.461200 0.615900
vt 0.401000 0.800699
vt 0.401000 0.106800
vt 0.449800 0.377700
vt 0.487700 0.185100
vt 0.461200 0.791100
vt 0.401000 0.287400
vt 0.461200 0.470100
vt 0.401000 0.334600
vt 0.581000 0.591101
vt 0.401000 0.794001
vt 0.581000 0.931900
vt 0.581000 0.853000
vt 0.401000 0.210200
vt 0.401000 0.383800
vt 0.449800 0.052300
vt 0.449800 0.127600
vt 0.461200 0.669600
vt 0.449800 0.058500
vt 0.449800 0.314501
vt 0.581000 0.610900
vt 0.449800 0.460900
vt 0.487700 0.953800
vt 0.449800 0.445100
vt 0.581000 0.332600
vt 0.401000 0.807800
vt 0.581000 0.802700
vt 0.581000 0.704500
vt 1.000000 0.297600
vt 1.000000 0.320900
vt 0.000000 0.320900
vt 1.000000 1.000000
vt 0.000000 1.000000
vt 0.000000 0.688600
vt 1.000000 0.528800
vt 0.000000 0.528800
vt 1.000000 0.908300
vt 0.000000 0.908300
vt 0.000000 0.367700
vt 0.000000 0.159800
vt 1.000000 0.159800
vt 1.000000 0.688600
vt 0.000000 0.481100
vt 1.000000 0.207400
vt 1.000000 0.109300
vt 0.000000 0.109300
vt 1.000000 0.579300
vt 0.000000 0.579300
vt 0.000000 0.165400
vt 1.000000 0.523200
vt 0.000000 0.523200
vt 0.581000 0.614401
vt 0.581000 0.524401
vt 0.000000 0.207400
vt 0.248800 0.012800
vt 0.303000 0.103000
vt 0.284900 0.242600
vt 0.195500 0.234500
vt 0.040700 0.890700
vt 0.125800 0.166401
vt 0.829900 0.044200
vt 0.707700 0.893299
vt 0.941500 0.742399
vt 0.576600 0.559700
vt 0.296700 0.342100
vt 0.438900 0.735201
vt 0.007600 0.342100
vt 0.865400 0.735201
vt 0.152100 0.340900
vt 0.727600 0.559700
vt 0.474300 0.044200
vt 0.362700 0.742399
vt 0.596600 0.893299
vt 0.263600 0.890700
vt 0.108700 0.234500
vt 0.055400 0.012800
vt 0.178500 0.166300
vt 0.019400 0.242600
vt 0.001300 0.103000
vt 0.000000 0.391000
vt 1.000000 0.367700
vt 1.000000 0.498300
vt 1.000000 0.387500
vt 0.000000 0.387500
vt 1.000000 0.629600
vt 1.000000 0.344300
vt 0.000000 0.344300
vt 1.000000 0.980000
vt 1.000000 0.058900
vt 0.000000 0.058900
vt 0.000000 0.980000
vt 1.000000 0.708500
vt 0.000000 0.708500
vt 0.000000 0.780300
vt 1.000000 0.780300
vt 0.000000 0.629600
vt 0.000000 0.297600
vt 1.000000 0.481100
vt 1.000000 0.391000
vt 0.000000 0.498300
vt 1.000000 0.190200
vt 1.000000 0.165400
vt 0.759300 0.862500
vt 0.659900 0.917100
vt 0.627800 0.836400
vt 0.048600 0.581800
vt 0.013600 0.588400
vt 0.006000 0.466500
vt 0.457700 0.776100
vt 0.528400 0.776100
vt 0.539000 0.859200
vt 0.326700 0.917100
vt 0.313500 0.950100
vt 0.206200 0.891300
vt 0.937800 0.581700
vt 0.902700 0.689400
vt 0.824000 0.652500
vt 0.423200 0.224700
vt 0.427800 0.243300
vt 0.366600 0.267500
vt 0.493300 0.215900
vt 0.493100 0.235100
vt 0.672900 0.950100
vt 0.554400 0.980500
vt 0.629000 0.250700
vt 0.619600 0.267500
vt 0.558400 0.243300
vt 0.589800 0.740800
vt 0.596800 0.758600
vt 0.563400 0.224800
vt 0.842000 0.785000
vt 0.869300 0.807700
vt 0.780100 0.891300
vt 0.905400 0.236100
vt 0.875300 0.255000
vt 0.802900 0.167800
vt 0.062700 0.357600
vt 0.028900 0.346600
vt 0.081000 0.236100
vt 0.225200 0.410100
vt 0.243400 0.416100
vt 0.231100 0.480600
vt 0.761200 0.410300
vt 0.742800 0.416100
vt 0.714800 0.356700
vt 0.755200 0.480700
vt 0.751000 0.546200
vt 0.730700 0.608700
vt 0.695400 0.664100
vt 0.672900 0.306100
vt 0.647400 0.709100
vt 0.526000 0.757100
vt 0.460200 0.757100
vt 0.396500 0.740800
vt 0.338800 0.709100
vt 0.290800 0.664100
vt 0.271400 0.356700
vt 0.313400 0.306100
vt 0.255500 0.608700
vt 0.235200 0.546200
vt 0.227200 0.862600
vt 0.117000 0.807700
vt 0.436500 0.945300
vt 0.432000 0.980500
vt 0.300400 0.292000
vt 0.550000 0.945200
vt 0.493200 0.009900
vt 0.493100 0.045400
vt 0.380500 0.059600
vt 0.212000 0.479300
vt 0.216400 0.549700
vt 0.134000 0.565500
vt 0.317000 0.177300
vt 0.242900 0.231100
vt 0.183300 0.167900
vt 0.184400 0.301600
vt 0.111000 0.255200
vt 0.402200 0.143600
vt 0.275100 0.101300
vt 0.255300 0.346300
vt 0.774400 0.479600
vt 0.769900 0.549900
vt 0.128200 0.474200
vt 0.708100 0.792400
vt 0.840900 0.384300
vt 0.858100 0.474200
vt 0.258000 0.070200
vt 0.371800 0.025200
vt 0.327500 0.724600
vt 0.389300 0.758600
vt 0.358600 0.836400
vt 0.159000 0.142000
vt 0.041500 0.468800
vt 0.276000 0.676300
vt 0.278200 0.792400
vt 0.145400 0.384300
vt 0.238200 0.616800
vt 0.211400 0.729700
vt 0.801900 0.301600
vt 0.743500 0.231100
vt 0.731200 0.346500
vt 0.934900 0.704600
vt 0.980400 0.466500
vt 0.944900 0.468700
vt 0.923600 0.357400
vt 0.748100 0.617000
vt 0.774900 0.729700
vt 0.447300 0.859200
vt 0.162300 0.652500
vt 0.083700 0.689500
vt 0.852400 0.565500
vt 0.669300 0.177300
vt 0.686200 0.292200
vt 0.972700 0.588400
vt 0.710200 0.676500
vt 0.658700 0.724700
vt 0.614600 0.025200
vt 0.605600 0.059600
vt 0.711100 0.101200
vt 0.357500 0.250600
vt 0.493200 0.132200
vt 0.728400 0.070200
vt 0.144500 0.785100
vt 0.584100 0.143600
vt 0.051500 0.704600
vt 0.827400 0.142000
vt 0.957500 0.346600
vt 0.487700 0.660800
vt 0.487700 0.327100
vt 0.487700 0.998600
vt 0.487700 0.568700
vt 0.487700 0.044300
vt 0.487700 0.433400
vt 0.487700 0.992500
vt 0.487700 0.185100
vt 0.487700 0.336500
vt 0.487700 0.569500
vt 0.487700 0.678900
vt 0.487700 0.802400
vt 0.487700 0.953800
vt 0.487700 0.146400
vt 0.487700 0.705500
vt 0.487700 0.094601
vt 0.487700 0.570200
vt 0.487700 0.140301
vt 0.487700 0.811800
vt 0.487700 0.589899
vt 0.487700 0.478100
vt 0.581000 0.413601
vt 0.461200 0.228201
vt 0.461200 0.185600
vt 0.449800 0.564500
vt 0.449800 0.668200
vt 0.461200 0.524300
vt 0.581000 0.282300
vt 0.581000 0.203400
vt 0.449800 0.088100
vt 0.487700 0.393000
vt 0.401000 0.191900
vt 0.401000 0.520900
vt 0.449800 0.468600
vt 0.461200 0.570200
vt 0.581000 0.567600
vt 0.581000 0.003599
vt 0.461200 0.920401
vt 0.401000 0.925000
vt 0.401000 0.751499
vt 0.461200 0.366699
vt 0.461200 0.597700
vt 0.581000 0.544200
vt 0.581000 0.752100
vt 0.401000 0.327500
vt 0.461200 0.056700
vt 0.581000 0.388700
vt 0.461200 0.129200
vt 0.461200 0.484699
vt 0.461200 0.909900
vt 0.461200 0.953500
vt 0.401000 0.341200
vt 0.581000 0.383101
vt 0.461200 0.344500
vt 0.401000 0.692101
vt 0.401000 0.156900
vt 0.461200 0.216400
vt 0.401000 0.922300
vt 0.449800 0.526500
vt 0.449800 0.615100
vt 0.581000 0.746600
vt 0.461200 0.002800
vt 0.461200 0.764400
vt 0.487700 0.460000
vt 0.401000 0.614401
vt 0.401000 0.847900
vt 0.461200 0.536699
vt 0.581000 0.520900
vt 0.000000 0.190200
vt 0.000000 0.301000
vt 1.000000 0.301000
vt 0.449800 0.177700
vt 0.449800 0.818800
vt 0.401000 0.028400
vt 0.401000 0.567600
vt 0.401000 0.443100
vt 0.401000 0.978400
vt 0.581000 0.131600
vt 0.581000 0.721700
vt 0.449800 0.763500
vt 0.401000 0.943399
vt 0.581000 0.911900
vt 0.461200 0.030100
vt 0.449800 0.004200
vt 0.449800 0.694201
vt 0.449800 0.669399
vt 0.449800 0.077999
vt 0.449800 0.891300
vt 0.449800 0.345400
vt 0.449800 0.785200
vt 0.401000 0.212999
vt 0.449800 0.957100
vt 0.581000 0.223400
vt 0.461200 0.100100
vt 0.449800 0.238400
vt 0.581000 0.430800
vt 0.461200 0.073800
vt 0.461200 0.648300
vt 0.461200 0.615900
vt 0.401000 0.800699
vt 0.401000 0.106800
vt 0.449800 0.377700
vt 0.461200 0.791100
vt 0.401000 0.287400
vt 0.461200 0.470100
vt 0.401000 0.334600
vt 0.581000 0.591101
vt 0.401000 0.794001
vt 0.581000 0.931900
vt 0.581000 0.853000
vt 0.401000 0.210200
vt 0.401000 0.383800
vt 0.449800 0.052300
vt 0.449800 0.127600
vt 0.461200 0.669600
vt 0.449800 0.058500
vt 0.487700 0.549000
vt 0.449800 0.314501
vt 0.581000 0.610900
vt 0.449800 0.460900
vt 0.449800 0.445100
vt 0.581000 0.332600
vt 0.401000 0.807800
vt 0.487700 0.745900
vt 0.581000 0.802700
vt 0.581000 0.704500
vt 1.000000 0.297600
vt 1.000000 0.320900
vt 0.000000 0.320900
vt 1.000000 1.000000
vt 0.000000 1.000000
vt 0.000000 0.688600
vt 1.000000 0.528800
vt 0.000000 0.528800
vt 1.000000 0.908300
vt 0.000000 0.908300
vt 0.000000 0.367700
vt 0.000000 0.159800
vt 1.000000 0.159800
vt 1.000000 0.688600
vt 0.000000 0.481100
vt 1.000000 0.109300
vt 0.000000 0.109300
vt 0.000000 0.207400
vt 1.000000 0.579300
vt 0.000000 0.579300
vt 0.000000 0.165400
vt 1.000000 0.523200
vt 0.000000 0.523200
vt 0.581000 0.614401
vt 0.581000 0.524401
vt 1.000000 0.207400
vt 0.303000 0.103000
vt 0.284900 0.242600
vt 0.195500 0.234500
vt 0.125800 0.166401
vt 0.248800 0.012800
vt 0.941500 0.742399
vt 0.040700 0.890700
vt 0.829900 0.044200
vt 0.576600 0.559700
vt 0.707700 0.893299
vt 0.296700 0.342100
vt 0.438900 0.735201
vt 0.007600 0.342100
vt 0.865400 0.735201
vt 0.152100 0.340900
vt 0.596600 0.893299
vt 0.727600 0.559700
vt 0.474300 0.044200
vt 0.263600 0.890700
vt 0.178500 0.166300
vt 0.362700 0.742399
vt 0.108700 0.234500
vt 0.019400 0.242600
vt 0.055400 0.012800
vt 0.001300 0.103000
vt 0.000000 0.391000
vt 1.000000 0.367700
vt 1.000000 0.498300
vt 1.000000 0.387500
vt 0.000000 0.387500
vt 1.000000 0.629600
vt 1.000000 0.344300
vt 0.000000 0.344300
vt 1.000000 0.980000
vt 1.000000 0.058900
vt 0.000000 0.058900
vt 0.000000 0.980000
vt 1.000000 0.708500
vt 0.000000 0.708500
vt 0.000000 0.780300
vt 1.000000 0.780300
vt 0.000000 0.629600
vt 0.000000 0.297600
vt 1.000000 0.481100
vt 1.000000 0.391000
vt 0.000000 0.498300
vt 1.000000 0.190200
vt 1.000000 0.165400
vt 0.487700 0.660800
vt 0.487700 0.327100
vt 0.487700 0.998600
vt 0.487700 0.568700
vt 0.487700 0.044300
vt 0.487700 0.433400
vt 0.487700 0.992500
vt 0.487700 0.185100
vt 0.487700 0.336500
vt 0.487700 0.569500
vt 0.487700 0.678900
vt 0.487700 0.802400
vt 0.487700 0.146400
vt 0.487700 0.393000
vt 0.487700 0.705500
vt 0.487700 0.570200
vt 0.487700 0.140301
vt 0.487700 0.811800
vt 0.487700 0.589899
vt 0.487700 0.478100
vt 0.581000 0.413601
vt 0.461200 0.228201
vt 0.461200 0.185600
vt 0.449800 0.564500
vt 0.449800 0.668200
vt 0.461200 0.524300
vt 0.581000 0.282300
vt 0.581000 0.203400
vt 0.449800 0.088100
vt 0.487700 0.094601
vt 0.401000 0.191900
vt 0.401000 0.520900
vt 0.449800 0.468600
vt 0.461200 0.570200
vt 0.581000 0.567600
vt 0.581000 0.003599
vt 0.461200 0.920401
vt 0.401000 0.925000
vt 0.401000 0.751499
vt 0.461200 0.366699
vt 0.461200 0.597700
vt 0.581000 0.544200
vt 0.581000 0.752100
vt 0.401000 0.327500
vt 0.461200 0.056700
vt 0.581000 0.388700
vt 0.461200 0.129200
vt 0.461200 0.484699
vt 0.461200 0.909900
vt 0.461200 0.953500
vt 0.401000 0.341200
vt 0.581000 0.383101
vt 0.461200 0.344500
vt 0.401000 0.692101
vt 0.401000 0.156900
vt 0.461200 0.216400
vt 0.401000 0.922300
vt 0.449800 0.526500
vt 0.449800 0.615100
vt 0.581000 0.746600
vt 0.461200 0.002800
vt 0.461200 0.764400
vt 0.487700 0.460000
vt 0.401000 0.614401
vt 0.401000 0.847900
vt 0.461200 0.536699
vt 0.581000 0.520900
vt 0.000000 0.190200
vt 0.000000 0.301000
vt 1.000000 0.301000
vt 0.449800 0.177700
vt 0.449800 0.818800
vt 0.401000 0.028400
vt 0.401000 0.567600
vt 0.401000 0.443100
vt 0.401000 0.978400
vt 0.581000 0.131600
vt 0.581000 0.721700
vt 0.449800 0.763500
vt 0.401000 0.943399
vt 0.581000 0.911900
vt 0.461200 0.030100
vt 0.449800 0.004200
vt 0.449800 0.694201
vt 0.449800 0.669399
vt 0.449800 0.077999
vt 0.449800 0.891300
vt 0.449800 0.345400
vt 0.449800 0.785200
vt 0.401000 0.212999
vt 0.449800 0.957100
vt 0.581000 0.223400
vt 0.461200 0.100100
vt 0.449800 0.238400
vt 0.581000 0.430800
vt 0.461200 0.073800
vt 0.461200 0.648300
vt 0.461200 0.615900
vt 0.401000 0.800699
vt 0.401000 0.106800
vt 0.449800 0.377700
vt 0.461200 0.791100
vt 0.401000 0.287400
vt 0.461200 0.470100
vt 0.401000 0.334600
vt 0.581000 0.591101
vt 0.401000 0.794001
vt 0.581000 0.931900
vt 0.581000 0.853000
vt 0.401000 0.210200
vt 0.401000 0.383800
vt 0.449800 0.052300
vt 0.449800 0.127600
vt 0.461200 0.669600
vt 0.449800 0.058500
vt 0.487700 0.549000
vt 0.449800 0.314501
vt 0.581000 0.610900
vt 0.449800 0.460900
vt 0.487700 0.953800
vt 0.449800 0.445100
vt 0.581000 0.332600
vt 0.401000 0.807800
vt 0.487700 0.745900
vt 0.581000 0.802700
vt 0.581000 0.704500
vt 1.000000 0.297600
vt 1.000000 0.320900
vt 0.000000 0.320900
vt 1.000000 1.000000
vt 0.000000 1.000000
vt 0.000000 0.688600
vt 1.000000 0.528800
vt 0.000000 0.528800
vt 1.000000 0.908300
vt 0.000000 0.908300
vt 0.000000 0.367700
vt 0.000000 0.159800
vt 1.000000 0.159800
vt 1.000000 0.688600
vt 0.000000 0.481100
vt 1.000000 0.207400
vt 1.000000 0.109300
vt 0.000000 0.109300
vt 1.000000 0.579300
vt 0.000000 0.579300
vt 0.000000 0.165400
vt 1.000000 0.523200
vt 0.000000 0.523200
vt 0.581000 0.614401
vt 0.581000 0.524401
vt 0.000000 0.207400
vt 0.303000 0.103000
vt 0.284900 0.242600
vt 0.195500 0.234500
vt 0.125800 0.166401
vt 0.248800 0.012800
vt 0.941500 0.742399
vt 0.040700 0.890700
vt 0.829900 0.044200
vt 0.576600 0.559700
vt 0.438900 0.735201
vt 0.707700 0.893299
vt 0.152100 0.340900
vt 0.296700 0.342100
vt 0.007600 0.342100
vt 0.727600 0.559700
vt 0.596600 0.893299
vt 0.865400 0.735201
vt 0.474300 0.044200
vt 0.263600 0.890700
vt 0.178500 0.166300
vt 0.362700 0.742399
vt 0.108700 0.234500
vt 0.019400 0.242600
vt 0.055400 0.012800
vt 0.001300 0.103000
vt 0.000000 0.391000
vt 1.000000 0.367700
vt 1.000000 0.498300
vt 1.000000 0.387500
vt 0.000000 0.387500
vt 1.000000 0.629600
vt 1.000000 0.344300
vt 0.000000 0.344300
vt 1.000000 0.980000
vt 1.000000 0.058900
vt 0.000000 0.058900
vt 1.000000 0.708500
vt 0.000000 0.708500
vt 0.000000 0.780300
vt 1.000000 0.780300
vt 0.000000 0.629600
vt 0.000000 0.297600
vt 1.000000 0.481100
vt 1.000000 0.165400
vt 0.000000 0.498300
vt 1.000000 0.190200
vt 1.000000 0.391000
vt 0.000000 0.980000
vt 0.759300 0.862500
vt 0.659900 0.917100
vt 0.627800 0.836400
vt 0.048600 0.581800
vt 0.013600 0.588400
vt 0.006000 0.466500
vt 0.457700 0.776100
vt 0.528400 0.776100
vt 0.539000 0.859200
vt 0.326700 0.917100
vt 0.313500 0.950100
vt 0.206200 0.891300
vt 0.937800 0.581700
vt 0.902700 0.689400
vt 0.824000 0.652500
vt 0.423200 0.224700
vt 0.427800 0.243300
vt 0.366600 0.267500
vt 0.493300 0.215900
vt 0.493100 0.235100
vt 0.672900 0.950100
vt 0.554400 0.980500
vt 0.629000 0.250700
vt 0.619600 0.267500
vt 0.558400 0.243300
vt 0.589800 0.740800
vt 0.596800 0.758600
vt 0.563400 0.224800
vt 0.842000 0.785000
vt 0.869300 0.807700
vt 0.780100 0.891300
vt 0.905400 0.236100
vt 0.875300 0.255000
vt 0.802900 0.167800
vt 0.062700 0.357600
vt 0.028900 0.346600
vt 0.081000 0.236100
vt 0.225200 0.410100
vt 0.243400 0.416100
vt 0.231100 0.480600
vt 0.761200 0.410300
vt 0.742800 0.416100
vt 0.714800 0.356700
vt 0.755200 0.480700
vt 0.751000 0.546200
vt 0.730700 0.608700
vt 0.672900 0.306100
vt 0.695400 0.664100
vt 0.647400 0.709100
vt 0.526000 0.757100
vt 0.460200 0.757100
vt 0.396500 0.740800
vt 0.338800 0.709100
vt 0.313400 0.306100
vt 0.290800 0.664100
vt 0.255500 0.608700
vt 0.271400 0.356700
vt 0.235200 0.546200
vt 0.227200 0.862600
vt 0.117000 0.807700
vt 0.436500 0.945300
vt 0.432000 0.980500
vt 0.300400 0.292000
vt 0.550000 0.945200
vt 0.493200 0.009900
vt 0.493100 0.045400
vt 0.380500 0.059600
vt 0.212000 0.479300
vt 0.216400 0.549700
vt 0.134000 0.565500
vt 0.317000 0.177300
vt 0.242900 0.231100
vt 0.183300 0.167900
vt 0.184400 0.301600
vt 0.111000 0.255200
vt 0.402200 0.143600
vt 0.275100 0.101300
vt 0.255300 0.346300
vt 0.774400 0.479600
vt 0.769900 0.549900
vt 0.128200 0.474200
vt 0.708100 0.792400
vt 0.840900 0.384300
vt 0.858100 0.474200
vt 0.258000 0.070200
vt 0.371800 0.025200
vt 0.327500 0.724600
vt 0.389300 0.758600
vt 0.358600 0.836400
vt 0.159000 0.142000
vt 0.041500 0.468800
vt 0.276000 0.676300
vt 0.278200 0.792400
vt 0.145400 0.384300
vt 0.238200 0.616800
vt 0.211400 0.729700
vt 0.801900 0.301600
vt 0.743500 0.231100
vt 0.731200 0.346500
vt 0.934900 0.704600
vt 0.980400 0.466500
vt 0.944900 0.468700
vt 0.923600 0.357400
vt 0.748100 0.617000
vt 0.774900 0.729700
vt 0.447300 0.859200
vt 0.162300 0.652500
vt 0.083700 0.689500
vt 0.852400 0.565500
vt 0.669300 0.177300
vt 0.686200 0.292200
vt 0.972700 0.588400
vt 0.710200 0.676500
vt 0.658700 0.724700
vt 0.614600 0.025200
vt 0.605600 0.059600
vt 0.711100 0.101200
vt 0.357500 0.250600
vt 0.493200 0.132200
vt 0.728400 0.070200
vt 0.144500 0.785100
vt 0.584100 0.143600
vt 0.051500 0.704600
vt 0.827400 0.142000
vt 0.957500 0.346600
vt 0.487700 0.660800
vt 0.487700 0.327100
vt 0.487700 0.998600
vt 0.487700 0.568700
vt 0.487700 0.044300
vt 0.487700 0.433400
vt 0.487700 0.992500
vt 0.487700 0.185100
vt 0.487700 0.336500
vt 0.487700 0.569500
vt 0.487700 0.678900
vt 0.487700 0.802400
vt 0.487700 0.953800
vt 0.487700 0.146400
vt 0.487700 0.393000
vt 0.487700 0.705500
vt 0.487700 0.570200
vt 0.487700 0.140301
vt 0.487700 0.811800
vt 0.487700 0.589899
vt 0.487700 0.478100
vt 0.581000 0.413601
vt 0.461200 0.228201
vt 0.461200 0.185600
vt 0.449800 0.564500
vt 0.449800 0.668200
vt 0.461200 0.524300
vt 0.581000 0.282300
vt 0.581000 0.203400
vt 0.449800 0.088100
vt 0.487700 0.094601
vt 0.401000 0.191900
vt 0.401000 0.520900
vt 0.449800 0.468600
vt 0.461200 0.570200
vt 0.581000 0.567600
vt 0.581000 0.003599
vt 0.461200 0.920401
vt 0.401000 0.925000
vt 0.401000 0.751499
vt 0.461200 0.366699
vt 0.461200 0.597700
vt 0.581000 0.544200
vt 0.581000 0.752100
vt 0.401000 0.327500
vt 0.461200 0.056700
vt 0.581000 0.388700
vt 0.461200 0.129200
vt 0.461200 0.484699
vt 0.461200 0.909900
vt 0.461200 0.953500
vt 0.401000 0.341200
vt 0.581000 0.383101
vt 0.461200 0.344500
vt 0.401000 0.692101
vt 0.401000 0.156900
vt 0.461200 0.216400
vt 0.401000 0.922300
vt 0.449800 0.526500
vt 0.449800 0.615100
vt 0.581000 0.746600
vt 0.461200 0.002800
vt 0.461200 0.764400
vt 0.487700 0.460000
vt 0.401000 0.614401
vt 0.401000 0.847900
vt 0.461200 0.536699
vt 0.581000 0.520900
vt 0.000000 0.190200
vt 0.000000 0.301000
vt 1.000000 0.301000
vt 0.449800 0.177700
vt 0.449800 0.818800
vt 0.401000 0.028400
vt 0.401000 0.567600
vt 0.401000 0.443100
vt 0.401000 0.978400
vt 0.581000 0.131600
vt 0.581000 0.721700
vt 0.449800 0.763500
vt 0.401000 0.943399
vt 0.581000 0.911900
vt 0.461200 0.030100
vt 0.449800 0.004200
vt 0.449800 0.694201
vt 0.449800 0.669399
vt 0.449800 0.077999
vt 0.449800 0.891300
vt 0.449800 0.345400
vt 0.449800 0.785200
vt 0.401000 0.212999
vt 0.449800 0.957100
vt 0.581000 0.223400
vt 0.461200 0.100100
vt 0.449800 0.238400
vt 0.581000 0.430800
vt 0.461200 0.073800
vt 0.461200 0.648300
vt 0.461200 0.615900
vt 0.401000 0.800699
vt 0.401000 0.106800
vt 0.449800 0.377700
vt 0.461200 0.791100
vt 0.401000 0.287400
vt 0.461200 0.470100
vt 0.401000 0.334600
vt 0.581000 0.591101
vt 0.401000 0.794001
vt 0.581000 0.931900
vt 0.581000 0.853000
vt 0.401000 0.210200
vt 0.401000 0.383800
vt 0.449800 0.052300
vt 0.449800 0.127600
vt 0.461200 0.669600
vt 0.449800 0.058500
vt 0.487700 0.549000
vt 0.449800 0.314501
vt 0.581000 0.610900
vt 0.449800 0.460900
vt 0.449800 0.445100
vt 0.581000 0.332600
vt 0.401000 0.807800
vt 0.487700 0.745900
vt 0.581000 0.802700
vt 0.581000 0.704500
vt 1.000000 0.297600
vt 1.000000 0.320900
vt 0.000000 0.320900
vt 1.000000 1.000000
vt 0.000000 1.000000
vt 0.000000 0.688600
vt 1.000000 0.528800
vt 0.000000 0.528800
vt 1.000000 0.908300
vt 0.000000 0.908300
vt 0.000000 0.367700
vt 0.000000 0.159800
vt 1.000000 0.159800
vt 1.000000 0.688600
vt 0.000000 0.481100
vt 1.000000 0.109300
vt 0.000000 0.109300
vt 0.000000 0.207400
vt 1.000000 0.579300
vt 0.000000 0.579300
vt 0.000000 0.165400
vt 1.000000 0.523200
vt 0.000000 0.523200
vt 0.581000 0.614401
vt 0.581000 0.524401
vt 1.000000 0.207400
vt 0.248800 0.012800
vt 0.303000 0.103000
vt 0.284900 0.242600
vt 0.195500 0.234500
vt 0.040700 0.890700
vt 0.941500 0.742399
vt 0.125800 0.166401
vt 0.829900 0.044200
vt 0.576600 0.559700
vt 0.438900 0.735201
vt 0.707700 0.893299
vt 0.152100 0.340900
vt 0.296700 0.342100
vt 0.007600 0.342100
vt 0.727600 0.559700
vt 0.596600 0.893299
vt 0.865400 0.735201
vt 0.474300 0.044200
vt 0.263600 0.890700
vt 0.362700 0.742399
vt 0.108700 0.234500
vt 0.178500 0.166300
vt 0.019400 0.242600
vt 0.055400 0.012800
vt 0.001300 0.103000
vt 0.000000 0.391000
vt 1.000000 0.367700
vt 1.000000 0.498300
vt 1.000000 0.387500
vt 0.000000 0.387500
vt 1.000000 0.629600
vt 1.000000 0.344300
vt 0.000000 0.344300
vt 1.000000 0.980000
vt 1.000000 0.058900
vt 0.000000 0.058900
vt 0.000000 0.980000
vt 1.000000 0.708500
vt 0.000000 0.708500
vt 0.000000 0.780300
vt 1.000000 0.780300
vt 0.000000 0.629600
vt 0.000000 0.297600
vt 1.000000 0.481100
vt 1.000000 0.391000
vt 0.000000 0.498300
vt 1.000000 0.190200
vt 1.000000 0.165400
vt 0.759300 0.862500
vt 0.659900 0.917100
vt 0.627800 0.836400
vt 0.048600 0.581800
vt 0.013600 0.588400
vt 0.006000 0.466500
vt 0.457700 0.776100
vt 0.528400 0.776100
vt 0.539000 0.859200
vt 0.326700 0.917100
vt 0.313500 0.950100
vt 0.206200 0.891300
vt 0.937800 0.581700
vt 0.902700 0.689400
vt 0.824000 0.652500
vt 0.423200 0.224700
vt 0.427800 0.243300
vt 0.366600 0.267500
vt 0.493300 0.215900
vt 0.493100 0.235100
vt 0.672900 0.950100
vt 0.554400 0.980500
vt 0.629000 0.250700
vt 0.619600 0.267500
vt 0.558400 0.243300
vt 0.589800 0.740800
vt 0.596800 0.758600
vt 0.563400 0.224800
vt 0.842000 0.785000
vt 0.869300 0.807700
vt 0.780100 0.891300
vt 0.905400 0.236100
vt 0.875300 0.255000
vt 0.802900 0.167800
vt 0.062700 0.357600
vt 0.028900 0.346600
vt 0.081000 0.236100
vt 0.225200 0.410100
vt 0.243400 0.416100
vt 0.231100 0.480600
vt 0.761200 0.410300
vt 0.742800 0.416100
vt 0.714800 0.356700
vt 0.755200 0.480700
vt 0.751000 0.546200
vt 0.730700 0.608700
vt 0.695400 0.664100
vt 0.672900 0.306100
vt 0.647400 0.709100
vt 0.526000 0.757100
vt 0.460200 0.757100
vt 0.396500 0.740800
vt 0.338800 0.709100
vt 0.290800 0.664100
vt 0.271400 0.356700
vt 0.313400 0.306100
vt 0.255500 0.608700
vt 0.235200 0.546200
vt 0.227200 0.862600
vt 0.117000 0.807700
vt 0.436500 0.945300
vt 0.432000 0.980500
vt 0.300400 0.292000
vt 0.550000 0.945200
vt 0.493200 0.009900
vt 0.493100 0.045400
vt 0.380500 0.059600
vt 0.212000 0.479300
vt 0.216400 0.549700
vt 0.134000 0.565500
vt 0.317000 0.177300
vt 0.242900 0.231100
vt 0.183300 0.167900
vt 0.184400 0.301600
vt 0.111000 0.255200
vt 0.402200 0.143600
vt 0.275100 0.101300
vt 0.255300 0.346300
vt 0.774400 0.479600
vt 0.769900 0.549900
vt 0.128200 0.474200
vt 0.708100 0.792400
vt 0.840900 0.384300
vt 0.858100 0.474200
vt 0.258000 0.070200
vt 0.371800 0.025200
vt 0.327500 0.724600
vt 0.389300 0.758600
vt 0.358600 0.836400
vt 0.159000 0.142000
vt 0.041500 0.468800
vt 0.276000 0.676300
vt 0.278200 0.792400
vt 0.145400 0.384300
vt 0.238200 0.616800
vt 0.211400 0.729700
vt 0.801900 0.301600
vt 0.743500 0.231100
vt 0.731200 0.346500
vt 0.934900 0.704600
vt 0.980400 0.466500
vt 0.944900 0.468700
vt 0.923600 0.357400
vt 0.748100 0.617000
vt 0.774900 0.729700
vt 0.447300 0.859200
vt 0.162300 0.652500
vt 0.083700 0.689500
vt 0.852400 0.565500
vt 0.669300 0.177300
vt 0.686200 0.292200
vt 0.972700 0.588400
vt 0.710200 0.676500
vt 0.658700 0.724700
vt 0.614600 0.025200
vt 0.605600 0.059600
vt 0.711100 0.101200
vt 0.357500 0.250600
vt 0.493200 0.132200
vt 0.728400 0.070200
vt 0.144500 0.785100
vt 0.584100 0.143600
vt 0.051500 0.704600
vt 0.827400 0.142000
vt 0.957500 0.346600
vt 0.000000 0.000000
vt 0.000000 0.000000
vt 0.000000 0.000000
vt 0.000000 0.000000
vt 0.000000 0.000000
vt 0.000000 0.000000
# num_vertices: 5545


g Object_default-grey.jpg

usemtl mat_0-default-grey.jpg

f 1/1 2/2 3/3
f 4/4 3/3 5/5

g Object_default-grey.jpg

usemtl mat_1-default-grey.jpg

f 6/6 7/7 8/8
f 6/6 9/9 7/7

g Object_default-grey.jpg

usemtl mat_2-default-grey.jpg

f 10/10 11/11 12/12
f 13/13 14/14 15/15
f 16/16 17/17 18/18
f 19/19 20/20 21/21
f 22/22 23/23 24/24
f 25/25 23/23 22/22
f 26/26 27/27 28/28
f 29/29 12/12 30/30
f 31/31 20/20 19/19
f 32/32 11/11 10/10
f 13/13 33/33 14/14
f 34/34 35/35 36/36
f 37/37 38/38 39/39
f 38/38 40/40 39/39
f 41/41 42/42 43/43
f 44/44 45/45 46/46
f 44/44 47/47 45/45
f 10/10 12/12 29/29
f 26/26 28/28 48/48
f 49/49 50/50 51/51
f 52/52 42/42 41/41
f 53/53 54/54 55/55
f 53/53 55/55 49/49
f 35/35 56/56 36/36
f 49/49 55/55 50/50

g Object_f1_sp_tg.jpg

usemtl mat_3-f1_sp_tg.jpg

f 57/57 58/58 59/59
f 60/60 61/61 62/62
f 63/63 64/64 65/65
f 60/60 62/62 66/66
f 57/57 67/67 58/58
f 63/63 68/68 64/64
f 69/69 68/68 63/63
f 66/66 62/62 67/67
f 70/70 68/68 69/69
f 66/66 67/67 57/57

g Object_default-grey.jpg

usemtl mat_4-default-grey.jpg

f 71/71 72/72 73/73
f 74/74 75/75 76/76
f 77/77 72/72 76/76
f 78/78 79/79 80/80
f 81/81 71/71 82/82
f 83/83 84/84 85/85
f 74/74 86/86 75/75
f 72/72 77/77 73/73
f 72/72 71/71 81/81
f 87/87 79/79 78/78
f 78/78 88/88 87/87
f 76/76 89/89 74/74
f 87/87 88/88 90/90
f 77/77 76/76 75/75
f 77/77 75/75 91/91
f 91/91 75/75 92/92
f 76/76 93/93 89/89

g Object_default-grey.jpg

usemtl mat_5-default-grey.jpg

f 94/94 95/95 96/96
f 97/97 98/98 99/99
f 100/100 96/96 101/101
f 100/100 102/102 96/96
f 102/102 100/100 97/97
f 99/99 102/102 97/97
f 103/103 94/94 96/96
f 95/95 101/101 96/96
f 104/104 99/99 95/95
f 105/105 102/102 99/99
f 102/102 103/103 96/96
f 105/105 99/99 104/104
f 104/104 95/95 94/94
f 105/105 103/103 102/102
f 95/95 98/98 101/101
f 99/99 98/98 95/95

g Object_default-grey.jpg

usemtl mat_6-default-grey.jpg

f 106/106 107/107 108/108
f 109/109 106/106 108/108
f 110/110 111/111 112/112
f 113/113 114/114 115/115
f 116/116 110/110 112/112
f 117/117 118/118 119/119
f 120/120 121/121 108/108
f 122/122 123/123 124/124
f 125/125 126/126 127/127
f 118/118 128/128 119/119
f 129/129 130/130 131/131
f 121/121 109/109 108/108
f 122/122 124/124 108/108
f 107/107 122/122 108/108

g Object_default-grey.jpg

usemtl mat_7-default-grey.jpg

f 132/132 133/133 134/134
f 135/135 136/136 137/137
f 138/138 139/139 140/140
f 141/141 142/142 143/143
f 144/144 145/145 146/146
f 141/141 143/143 147/147
f 148/148 136/136 135/135
f 149/149 150/150 151/151
f 149/149 152/152 153/153
f 149/149 153/153 150/150
f 138/138 154/154 139/139
f 144/144 155/155 145/145
f 141/141 151/151 142/142
f 150/150 156/156 151/151
f 156/156 142/142 151/151
f 18/18 17/17 157/157
f 132/132 158/158 133/133

g Object_default-grey.jpg

usemtl mat_8-default-grey.jpg

f 159/159 160/160 161/161
f 162/162 163/163 164/164
f 165/165 166/166 167/167
f 168/168 169/169 170/170
f 171/171 172/172 173/173
f 165/165 167/167 174/174
f 171/171 175/175 172/172
f 159/159 176/176 160/160
f 177/177 178/178 179/179
f 168/168 180/180 169/169
f 162/162 164/164 181/181
f 182/182 183/183 184/184
f 182/182 184/184 185/185
f 186/186 187/187 188/188
f 177/177 189/189 178/178
f 186/186 188/188 190/190

g Object_default-grey.jpg

usemtl mat_9-default-grey.jpg

f 191/191 192/192 193/193
f 192/192 194/194 193/193
f 191/191 193/193 195/195
f 196/196 195/195 197/197
f 198/198 195/195 196/196
f 191/191 195/195 198/198
f 199/199 200/200 201/201
f 199/199 202/202 203/203
f 204/204 205/205 203/203
f 204/204 206/206 207/207
f 208/208 209/209 207/207
f 208/208 210/210 211/211
f 212/212 213/213 211/211
f 212/212 214/214 215/215
f 216/216 217/217 215/215
f 218/218 216/216 219/219
f 218/218 220/220 221/221
f 222/222 223/223 224/224
f 225/225 224/224 226/226
f 227/227 226/226 228/228
f 228/228 229/229 230/230
f 230/230 229/229 231/231
f 231/231 232/232 233/233
f 233/233 232/232 234/234
f 235/235 234/234 236/236
f 237/237 236/236 238/238
f 238/238 239/239 240/240
f 240/240 239/239 241/241
f 105/105 242/242 94/94
f 202/202 199/199 201/201
f 205/205 199/199 203/203
f 206/206 204/204 203/203
f 209/209 204/204 207/207
f 210/210 208/208 207/207
f 213/213 208/208 211/211
f 214/214 212/212 211/211
f 217/217 212/212 215/215
f 219/219 216/216 215/215
f 220/220 218/218 219/219
f 243/243 218/218 221/221
f 225/225 222/222 224/224
f 227/227 225/225 226/226
f 244/244 227/227 228/228
f 244/244 228/228 230/230
f 245/245 230/230 231/231
f 245/245 231/231 233/233
f 235/235 233/233 234/234
f 237/237 235/235 236/236
f 246/246 237/237 238/238
f 246/246 238/238 240/240
f 247/247 240/240 241/241
f 248/248 105/105 94/94

g Object_default-grey.jpg

usemtl mat_10-default-grey.jpg

f 249/249 250/250 251/251
f 252/252 253/253 254/254
f 255/255 249/249 256/256
f 257/257 258/258 259/259
f 260/260 261/261 262/262
f 263/263 264/264 265/265
f 266/266 267/267 268/268
f 264/264 269/269 270/270
f 271/271 272/272 261/261
f 273/273 266/266 274/274
f 271/271 255/255 275/275
f 276/276 254/254 277/277
f 278/278 279/279 270/270
f 280/280 281/281 273/273
f 282/282 283/283 279/279
f 284/284 285/285 253/253
f 286/286 262/262 287/287
f 288/288 287/287 289/289
f 250/250 263/263 290/290
f 291/291 257/257 292/292
f 267/267 291/291 293/293
f 250/250 249/249 255/255
f 264/264 263/263 255/255
f 264/264 271/271 260/260
f 278/278 269/269 260/260
f 278/278 286/286 288/288
f 294/294 282/282 288/288
f 294/294 295/295 280/280
f 252/252 276/276 280/280
f 252/252 296/296 274/274
f 259/259 284/284 274/274
f 259/259 268/268 293/293
f 258/258 285/285 284/284
f 295/295 289/289 281/281
f 294/294 277/277 283/283
f 256/256 249/249 251/251
f 276/276 252/252 254/254
f 275/275 255/255 256/256
f 292/292 257/257 259/259
f 286/286 260/260 262/262
f 290/290 263/263 265/265
f 274/274 266/266 268/268
f 265/265 264/264 270/270
f 260/260 271/271 261/261
f 296/296 273/273 274/274
f 272/272 271/271 275/275
f 294/294 276/276 277/277
f 269/269 278/278 270/270
f 296/296 280/280 273/273
f 278/278 282/282 279/279
f 252/252 284/284 253/253
f 288/288 286/286 287/287
f 295/295 288/288 289/289
f 251/251 250/250 290/290
f 293/293 291/291 292/292
f 268/268 267/267 293/293
f 263/263 250/250 255/255
f 271/271 264/264 255/255
f 269/269 264/264 260/260
f 286/286 278/278 260/260
f 282/282 278/278 288/288
f 295/295 294/294 288/288
f 276/276 294/294 280/280
f 296/296 252/252 280/280
f 284/284 252/252 274/274
f 268/268 259/259 274/274
f 292/292 259/259 293/293
f 259/259 258/258 284/284
f 280/280 295/295 281/281
f 282/282 294/294 283/283

g Object_f1_sp_fw.jpg

usemtl mat_11-f1_sp_fw.jpg

f 297/297 298/298 299/299
f 300/300 301/301 302/302
f 303/303 304/304 305/305
f 297/297 306/306 298/298
f 300/300 307/307 301/301
f 306/306 308/308 298/298
f 304/304 309/309 301/301
f 307/307 305/305 301/301
f 305/305 304/304 301/301
f 299/299 298/298 310/310
f 311/311 297/297 299/299
f 298/298 308/308 312/312

g Object_f1_sp_bw.jpg

usemtl mat_12-f1_sp_bw.jpg

f 313/313 314/314 315/315
f 314/314 316/316 315/315
f 317/317 318/318 319/319
f 320/320 321/321 322/322
f 320/320 323/323 324/324
f 325/325 326/326 327/327
f 315/315 328/328 329/329
f 325/325 329/329 326/326
f 322/322 330/330 331/331
f 322/322 331/331 323/323
f 319/319 332/332 333/333
f 318/318 332/332 319/319
f 325/325 315/315 329/329
f 334/334 322/322 321/321
f 325/325 313/313 315/315
f 335/335 317/317 319/319
f 323/323 320/320 322/322
f 336/336 319/319 333/333
f 337/337 334/334 321/321

g Object_f1_sp_fn.jpg

usemtl mat_13-f1_sp_fn.jpg

f 338/338 339/339 340/340
f 341/341 340/340 342/342
f 343/343 344/344 345/345
f 338/338 346/346 339/339
f 347/347 344/344 346/346
f 339/339 348/348 349/349
f 344/344 350/350 351/351
f 345/345 352/352 353/353
f 352/352 338/338 341/341
f 352/352 347/347 338/338
f 341/341 342/342 354/354
f 355/355 350/350 343/343
f 339/339 356/356 348/348
f 339/339 346/346 356/356
f 345/345 344/344 352/352
f 352/352 344/344 347/347
f 344/344 351/351 357/357
f 344/344 357/357 346/346
f 341/341 338/338 340/340
f 339/339 349/349 340/340
f 346/346 357/357 356/356
f 353/353 352/352 341/341
f 347/347 346/346 338/338
f 343/343 350/350 344/344
f 355/355 358/358 350/350
f 353/353 341/341 354/354
f 358/358 359/359 350/350
f 350/350 359/359 351/351

g Object_default-grey.jpg

usemtl mat_14-default-grey.jpg

f 360/360 361/361 362/362
f 363/363 364/364 365/365
f 366/366 367/367 368/368
f 369/369 370/370 371/371
f 372/372 373/373 374/374
f 375/375 363/363 376/376
f 377/377 362/362 378/378
f 379/379 380/380 361/361
f 363/363 375/375 381/381
f 363/363 382/382 383/383
f 364/364 383/383 384/384
f 385/385 384/384 386/386
f 387/387 369/369 386/386
f 387/387 388/388 389/389
f 377/377 390/390 389/389
f 360/360 377/377 366/366
f 379/379 360/360 391/391
f 379/379 392/392 374/374
f 393/393 394/394 374/374
f 384/384 395/395 396/396
f 368/368 372/372 392/392
f 389/389 397/397 367/367
f 382/382 381/381 398/398
f 399/399 380/380 379/379
f 388/388 400/400 397/397
f 364/364 385/385 371/371
f 386/386 396/396 400/400
f 383/383 401/401 395/395
f 402/402 403/403 393/393
f 373/373 402/402 404/404
f 390/390 378/378 405/405
f 383/383 382/382 406/406
f 387/387 405/405 370/370
f 381/381 375/375 407/407
f 403/403 399/399 394/394
f 377/377 360/360 362/362
f 376/376 363/363 365/365
f 391/391 366/366 368/368
f 385/385 369/369 371/371
f 392/392 372/372 374/374
f 407/407 375/375 376/376
f 390/390 377/377 378/378
f 360/360 379/379 361/361
f 382/382 363/363 381/381
f 364/364 363/363 383/383
f 385/385 364/364 384/384
f 369/369 385/385 386/386
f 388/388 387/387 386/386
f 390/390 387/387 389/389
f 366/366 377/377 389/389
f 391/391 360/360 366/366
f 392/392 379/379 391/391
f 394/394 379/379 374/374
f 404/404 393/393 374/374
f 386/386 384/384 396/396
f 391/391 368/368 392/392
f 366/366 389/389 367/367
f 406/406 382/382 398/398
f 394/394 399/399 379/379
f 389/389 388/388 397/397
f 365/365 364/364 371/371
f 388/388 386/386 400/400
f 384/384 383/383 395/395
f 404/404 402/402 393/393
f 374/374 373/373 404/404
f 387/387 390/390 405/405
f 401/401 383/383 406/406
f 369/369 387/387 370/370
f 398/398 381/381 407/407
f 393/393 403/403 394/394

g Object_default-grey.jpg

usemtl mat_15-default-grey.jpg

f 408/408 409/409 223/223
f 410/410 236/236 234/234
f 411/411 412/412 225/225
f 413/413 234/234 232/232
f 414/414 229/229 228/228
f 247/247 241/241 415/415
f 416/416 233/233 235/235
f 417/417 230/230 245/245
f 409/409 418/418 224/224
f 418/418 409/409 408/408
f 419/419 418/418 412/412
f 420/420 419/419 411/411
f 420/420 421/421 417/417
f 422/422 414/414 417/417
f 422/422 423/423 416/416
f 413/413 424/424 416/416
f 410/410 413/413 425/425
f 426/426 410/410 427/427
f 426/426 428/428 429/429
f 415/415 430/430 429/429
f 418/418 419/419 226/226
f 241/241 239/239 430/430
f 426/426 238/238 236/236
f 412/412 408/408 222/222
f 423/423 245/245 233/233
f 424/424 232/232 231/231
f 411/411 227/227 244/244
f 421/421 244/244 230/230
f 237/237 246/246 428/428
f 422/422 231/231 229/229
f 425/425 235/235 237/237
f 246/246 240/240 429/429
f 239/239 238/238 426/426
f 419/419 420/420 228/228
f 240/240 247/247 431/431
f 222/222 408/408 223/223
f 413/413 410/410 234/234
f 227/227 411/411 225/225
f 424/424 413/413 232/232
f 420/420 414/414 228/228
f 431/431 247/247 415/415
f 425/425 416/416 235/235
f 423/423 417/417 245/245
f 223/223 409/409 224/224
f 412/412 418/418 408/408
f 411/411 419/419 412/412
f 421/421 420/420 411/411
f 414/414 420/420 417/417
f 423/423 422/422 417/417
f 424/424 422/422 416/416
f 425/425 413/413 416/416
f 427/427 410/410 425/425
f 428/428 426/426 427/427
f 430/430 426/426 429/429
f 431/431 415/415 429/429
f 224/224 418/418 226/226
f 415/415 241/241 430/430
f 410/410 426/426 236/236
f 225/225 412/412 222/222
f 416/416 423/423 233/233
f 422/422 424/424 231/231
f 421/421 411/411 244/244
f 417/417 421/421 230/230
f 427/427 237/237 428/428
f 414/414 422/422 229/229
f 427/427 425/425 237/237
f 428/428 246/246 429/429
f 430/430 239/239 426/426
f 226/226 419/419 228/228
f 429/429 240/240 431/431

g Object_default-grey.jpg

usemtl mat_16-default-grey.jpg

f 432/432 433/433 434/434
f 435/435 436/436 437/437
f 438/438 439/439 440/440
f 432/432 441/441 436/436
f 442/442 443/443 444/444
f 445/445 446/446 447/447
f 448/448 449/449 450/450
f 451/451 433/433 432/432
f 442/442 440/440 443/443
f 452/452 453/453 454/454
f 455/455 456/456 457/457
f 458/458 459/459 460/460
f 461/461 462/462 463/463
f 436/436 441/441 464/464
f 465/465 466/466 467/467
f 448/448 468/468 449/449
f 469/469 470/470 471/471
f 472/472 450/450 466/466
f 462/462 458/458 459/459
f 472/472 466/466 473/473
f 474/474 439/439 475/475
f 441/441 432/432 434/434
f 438/438 476/476 439/439
f 476/476 475/475 439/439
f 465/465 473/473 466/466
f 432/432 436/436 477/477
f 443/443 478/478 479/479
f 464/464 441/441 455/455
f 480/480 481/481 482/482
f 483/483 84/84 484/484
f 485/485 441/441 455/455
f 480/480 486/486 481/481
f 432/432 477/477 487/487
f 478/478 474/474 479/479
f 488/488 451/451 432/432
f 469/469 471/471 489/489
f 490/490 491/491 492/492
f 493/493 494/494 495/495
f 496/496 490/490 492/492
f 497/497 498/498 499/499
f 500/500 449/449 468/468
f 500/500 501/501 449/449
f 488/488 432/432 487/487
f 502/502 503/503 496/496
f 502/502 496/496 504/504
f 484/484 84/84 83/83
f 474/474 478/478 439/439
f 444/444 443/443 479/479
f 455/455 441/441 456/456
f 488/488 505/505 451/451
f 506/506 438/438 440/440
f 506/506 440/440 442/442
f 477/477 436/436 435/435
f 456/456 441/441 434/434
f 499/499 498/498 453/453
f 449/449 501/501 467/467
f 507/507 467/467 501/501
f 507/507 465/465 467/467
f 484/484 83/83 508/508
f 508/508 83/83 509/509
f 499/499 453/453 510/510
f 510/510 453/453 452/452
f 496/496 492/492 504/504

g Object_carbon.jpg

usemtl mat_17-carbon.jpg

f 511/511 512/512 513/513
f 514/514 515/515 516/516
f 517/517 518/518 519/519
f 520/520 521/521 522/522
f 523/523 524/524 525/525
f 526/526 527/527 528/528
f 511/511 513/513 529/529
f 530/530 531/531 532/532
f 533/533 534/534 535/535
f 536/536 537/537 538/538
f 539/539 540/540 541/541
f 542/542 543/543 544/544
f 545/545 546/546 547/547
f 548/548 549/549 550/550
f 551/551 552/552 553/553
f 554/554 555/555 556/556
f 557/557 558/558 559/559
f 560/560 561/561 562/562
f 563/563 564/564 565/565
f 566/566 567/567 568/568
f 569/569 570/570 571/571
f 572/572 573/573 574/574
f 575/575 576/576 577/577
f 578/578 579/579 580/580
f 581/581 582/582 583/583
f 584/584 585/585 586/586
f 587/587 588/588 589/589
f 590/590 591/591 592/592
f 593/593 594/594 595/595
f 596/596 597/597 598/598
f 599/599 600/600 601/601
f 602/602 603/603 604/604
f 605/605 606/606 607/607
f 608/608 573/573 572/572
f 609/609 610/610 611/611
f 612/612 613/613 614/614
f 615/615 579/579 578/578
f 616/616 617/617 618/618
f 619/619 620/620 621/621
f 622/622 623/623 624/624
f 625/625 626/626 627/627
f 628/628 629/629 630/630
f 609/609 611/611 631/631
f 632/632 633/633 634/634
f 635/635 636/636 637/637
f 638/638 639/639 640/640
f 641/641 642/642 643/643
f 644/644 645/645 646/646
f 647/647 648/648 649/649
f 650/650 651/651 652/652
f 653/653 654/654 655/655
f 656/656 657/657 658/658
f 659/659 660/660 661/661
f 662/662 663/663 664/664
f 665/665 666/666 667/667
f 668/668 669/669 670/670
f 671/671 672/672 673/673
f 674/674 675/675 676/676
f 677/677 678/678 679/679
f 677/677 679/679 680/680
f 681/681 682/682 683/683
f 684/684 685/685 686/686
f 687/687 688/688 689/689
f 690/690 691/691 692/692
f 693/693 694/694 695/695
f 696/696 697/697 698/698
f 699/699 700/700 701/701
f 702/702 703/703 704/704
f 705/705 706/706 707/707
f 708/708 709/709 710/710
f 711/711 712/712 713/713
f 714/714 715/715 716/716
f 717/717 718/718 719/719
f 720/720 721/721 722/722
f 646/646 645/645 723/723
f 724/724 725/725 726/726
f 727/727 728/728 729/729
f 730/730 731/731 732/732
f 733/733 734/734 735/735
f 736/736 626/626 625/625
f 668/668 737/737 669/669
f 738/738 739/739 740/740
f 741/741 742/742 743/743
f 744/744 745/745 746/746
f 747/747 748/748 749/749
f 750/750 751/751 752/752
f 753/753 754/754 755/755
f 756/756 757/757 758/758
f 759/759 760/760 761/761
f 762/762 763/763 764/764
f 765/765 766/766 767/767
f 650/650 768/768 651/651
f 769/769 770/770 771/771
f 772/772 773/773 774/774
f 775/775 776/776 777/777
f 778/778 779/779 780/780
f 781/781 782/782 783/783
f 784/784 785/785 786/786
f 787/787 788/788 789/789
f 790/790 791/791 792/792
f 793/793 794/794 795/795
f 796/796 797/797 798/798
f 799/799 800/800 801/801
f 802/802 803/803 804/804
f 805/805 806/806 807/807
f 730/730 808/808 731/731
f 809/809 810/810 811/811
f 812/812 813/813 814/814
f 815/815 816/816 817/817
f 818/818 819/819 820/820
f 821/821 822/822 823/823
f 824/824 825/825 826/826
f 827/827 828/828 829/829
f 793/793 795/795 830/830
f 831/831 832/832 833/833
f 834/834 835/835 836/836
f 837/837 838/838 839/839
f 575/575 840/840 576/576
f 841/841 842/842 843/843
f 778/778 780/780 844/844
f 845/845 846/846 847/847
f 848/848 849/849 850/850
f 851/851 852/852 853/853
f 854/854 855/855 856/856
f 726/726 725/725 857/857
f 858/858 859/859 860/860
f 861/861 862/862 863/863
f 864/864 865/865 866/866
f 867/867 868/868 869/869
f 870/870 871/871 872/872
f 853/853 852/852 873/873
f 874/874 875/875 876/876
f 877/877 878/878 879/879
f 874/874 876/876 880/880
f 881/881 882/882 883/883
f 858/858 884/884 859/859
f 885/885 886/886 887/887
f 888/888 889/889 890/890
f 891/891 892/892 893/893
f 894/894 892/892 891/891
f 895/895 896/896 897/897
f 848/848 898/898 849/849
f 899/899 900/900 901/901
f 612/612 902/902 613/613
f 903/903 904/904 905/905
f 906/906 907/907 908/908
f 909/909 910/910 911/911
f 912/912 913/913 914/914
f 915/915 916/916 917/917
f 918/918 919/919 920/920
f 921/921 922/922 923/923
f 924/924 810/810 809/809
f 925/925 926/926 927/927
f 928/928 929/929 930/930
f 799/799 801/801 931/931
f 932/932 933/933 934/934
f 935/935 936/936 937/937
f 938/938 939/939 940/940
f 941/941 942/942 943/943
f 944/944 945/945 946/946
f 947/947 948/948 949/949
f 950/950 951/951 952/952
f 953/953 954/954 955/955
f 956/956 957/957 958/958
f 957/957 959/959 958/958
f 960/960 961/961 962/962
f 963/963 964/964 965/965
f 966/966 967/967 968/968
f 969/969 970/970 971/971
f 972/972 973/973 974/974
f 975/975 976/976 977/977
f 978/978 979/979 980/980
f 981/981 982/982 983/983
f 771/771 770/770 984/984
f 985/985 986/986 987/987
f 988/988 989/989 990/990
f 991/991 992/992 993/993
f 994/994 629/629 628/628
f 587/587 995/995 588/588
f 656/656 658/658 996/996
f 997/997 998/998 999/999
f 560/560 1000/1000 561/561
f 1001/1001 1002/1002 1003/1003
f 1004/1004 1005/1005 1006/1006
f 1007/1007 1008/1008 1009/1009
f 1010/1010 1011/1011 1012/1012
f 1013/1013 1014/1014 1015/1015
f 568/568 567/567 1016/1016
f 1017/1017 1018/1018 1019/1019
f 686/686 685/685 1020/1020
f 1021/1021 1022/1022 1023/1023
f 1024/1024 1025/1025 1026/1026
f 1027/1027 1028/1028 1029/1029
f 1030/1030 1031/1031 1032/1032
f 1033/1033 1034/1034 1035/1035
f 1036/1036 1037/1037 1038/1038
f 1039/1039 1040/1040 1041/1041
f 1042/1042 1043/1043 1044/1044
f 1045/1045 1046/1046 1047/1047
f 1048/1048 976/976 975/975
f 1049/1049 1050/1050 1051/1051
f 1052/1052 1053/1053 1054/1054
f 1055/1055 1034/1034 1033/1033
f 1013/1013 1056/1056 1014/1014
f 781/781 1057/1057 782/782
f 1058/1058 1059/1059 1060/1060
f 1061/1061 1062/1062 1063/1063
f 1064/1064 591/591 590/590
f 693/693 695/695 1065/1065
f 550/550 549/549 1066/1066
f 1067/1067 1068/1068 1069/1069
f 1070/1070 1071/1071 1072/1072
f 1073/1073 1074/1074 1075/1075
f 1076/1076 1077/1077 1078/1078
f 1079/1079 1080/1080 1081/1081
f 1082/1082 1083/1083 1084/1084
f 1085/1085 1086/1086 1087/1087
f 1088/1088 1089/1089 1090/1090
f 1045/1045 1091/1091 1046/1046
f 790/790 792/792 1092/1092
f 1093/1093 1094/1094 1095/1095
f 1096/1096 1097/1097 1098/1098
f 1099/1099 763/763 762/762
f 1100/1100 518/518 517/517
f 1096/1096 1098/1098 1101/1101
f 1102/1102 1103/1103 1104/1104
f 1105/1105 1106/1106 1107/1107
f 690/690 692/692 1108/1108
f 1109/1109 1110/1110 1111/1111
f 1112/1112 1113/1113 1114/1114
f 901/901 900/900 1115/1115
f 1116/1116 1117/1117 1118/1118
f 1119/1119 1120/1120 1121/1121
f 1122/1122 1123/1123 1124/1124
f 1125/1125 1126/1126 1127/1127
f 1128/1128 1126/1126 1125/1125
f 1129/1129 1130/1130 1131/1131
f 1132/1132 1133/1133 1134/1134
f 1135/1135 1136/1136 1137/1137
f 1116/1116 1138/1138 1117/1117
f 1139/1139 1140/1140 1141/1141
f 1142/1142 1143/1143 1144/1144
f 1145/1145 1146/1146 1147/1147
f 1148/1148 1149/1149 1150/1150
f 708/708 710/710 1151/1151
f 1152/1152 1153/1153 1154/1154
f 1155/1155 1156/1156 1157/1157
f 1158/1158 1159/1159 1160/1160
f 1161/1161 1162/1162 1163/1163
f 1164/1164 1165/1165 1166/1166
f 581/581 583/583 1167/1167
f 1087/1087 1086/1086 1168/1168
f 526/526 1169/1169 527/527
f 1088/1088 1170/1170 1089/1089
f 1171/1171 1172/1172 1173/1173
f 1174/1174 1175/1175 1176/1176
f 1177/1177 1178/1178 1179/1179
f 1026/1026 1025/1025 1180/1180
f 1181/1181 1182/1182 1183/1183
f 1184/1184 1185/1185 1186/1186
f 1187/1187 1188/1188 1189/1189
f 635/635 1190/1190 636/636
f 1191/1191 1192/1192 1193/1193
f 1194/1194 1195/1195 1196/1196
f 1197/1197 1198/1198 1199/1199
f 1200/1200 1201/1201 1202/1202
f 1203/1203 988/988 990/990
f 1204/1204 1205/1205 1206/1206
f 1207/1207 1208/1208 1209/1209
f 1210/1210 594/594 593/593
f 1211/1211 1212/1212 1213/1213
f 1214/1214 742/742 741/741
f 1215/1215 1216/1216 1217/1217
f 1218/1218 1219/1219 1220/1220
f 1221/1221 1222/1222 1223/1223
f 1224/1224 1225/1225 1226/1226
f 1227/1227 1228/1228 1229/1229
f 1150/1150 1149/1149 1230/1230
f 1231/1231 1232/1232 1233/1233
f 1234/1234 1235/1235 1236/1236
f 1237/1237 1238/1238 1239/1239
f 1240/1240 1241/1241 1242/1242
f 619/619 1243/1243 620/620
f 1244/1244 1245/1245 1246/1246
f 821/821 1247/1247 822/822
f 1248/1248 1249/1249 1250/1250
f 1251/1251 1252/1252 1253/1253
f 1254/1254 1255/1255 1256/1256
f 1021/1021 1023/1023 1257/1257
f 1258/1258 1259/1259 1260/1260
f 1261/1261 1262/1262 1263/1263
f 1264/1264 1265/1265 1266/1266
f 1267/1267 1268/1268 1269/1269
f 1270/1270 1238/1238 1237/1237
f 1271/1271 1272/1272 1273/1273
f 1274/1274 1275/1275 1276/1276
f 1277/1277 1278/1278 1279/1279
f 1280/1280 1281/1281 1282/1282
f 1283/1283 1284/1284 1285/1285
f 1286/1286 1287/1287 1288/1288
f 1289/1289 816/816 815/815
f 1290/1290 1291/1291 1292/1292
f 1293/1293 1294/1294 1295/1295
f 1296/1296 1297/1297 1298/1298
f 1299/1299 1300/1300 1301/1301
f 1302/1302 1303/1303 1304/1304
f 1297/1297 1305/1305 1298/1298
f 1306/1306 1307/1307 1308/1308
f 1309/1309 1310/1310 1311/1311
f 1312/1312 1313/1313 1314/1314
f 941/941 1315/1315 942/942
f 1316/1316 1317/1317 1318/1318
f 1067/1067 1319/1319 1068/1068
f 1320/1320 1321/1321 1322/1322
f 1323/1323 936/936 935/935
f 1324/1324 1294/1294 1293/1293
f 1325/1325 1326/1326 1327/1327
f 1328/1328 1329/1329 1330/1330
f 1331/1331 1332/1332 1333/1333
f 1334/1334 1335/1335 1336/1336
f 1337/1337 1338/1338 1339/1339
f 1340/1340 1341/1341 1342/1342
f 1343/1343 1344/1344 1345/1345
f 1346/1346 1347/1347 1348/1348
f 1349/1349 1350/1350 1351/1351
f 1352/1352 1353/1353 1354/1354
f 1355/1355 1356/1356 1357/1357
f 701/701 700/700 1358/1358
f 1359/1359 1360/1360 1361/1361
f 530/530 1362/1362 531/531
f 1027/1027 1363/1363 1028/1028
f 1364/1364 1365/1365 1366/1366
f 1010/1010 1367/1367 1011/1011
f 1368/1368 1369/1369 1370/1370
f 1371/1371 1372/1372 1373/1373
f 585/585 1374/1374 586/586
f 1375/1375 1376/1376 1377/1377
f 1378/1378 1379/1379 1380/1380
f 1381/1381 1382/1382 1383/1383
f 1384/1384 1385/1385 1386/1386
f 1387/1387 1388/1388 1389/1389
f 1390/1390 1391/1391 1392/1392
f 1393/1393 1394/1394 1395/1395
f 1393/1393 1395/1395 1396/1396
f 747/747 749/749 1397/1397
f 1398/1398 1399/1399 1400/1400
f 1401/1401 1402/1402 1403/1403
f 1404/1404 1405/1405 1406/1406
f 1407/1407 1408/1408 1409/1409
f 1410/1410 1411/1411 1412/1412
f 1413/1413 1414/1414 1415/1415
f 1416/1416 1417/1417 1418/1418
f 1419/1419 757/757 756/756
f 664/664 663/663 1420/1420
f 1421/1421 1422/1422 1423/1423
f 1424/1424 1425/1425 1426/1426
f 1427/1427 1428/1428 1429/1429
f 787/787 1430/1430 788/788
f 1431/1431 1432/1432 1433/1433
f 1434/1434 1435/1435 1436/1436
f 1437/1437 1438/1438 1439/1439
f 1440/1440 1422/1422 1421/1421
f 1218/1218 1220/1220 1441/1441
f 1442/1442 1443/1443 1444/1444
f 1445/1445 1446/1446 1447/1447
f 1448/1448 1449/1449 1450/1450
f 1451/1451 967/967 966/966
f 1105/1105 1107/1107 1452/1452
f 1453/1453 1454/1454 1455/1455
f 1456/1456 1457/1457 1458/1458
f 1459/1459 1460/1460 1461/1461
f 1462/1462 1463/1463 1464/1464
f 638/638 640/640 1465/1465
f 598/598 597/597 1466/1466
f 1459/1459 1467/1467 1460/1460
f 1468/1468 1469/1469 1470/1470
f 1471/1471 1472/1472 1473/1473
f 1474/1474 1475/1475 1476/1476
f 1477/1477 739/739 738/738
f 1478/1478 1479/1479 1480/1480
f 1481/1481 1482/1482 1483/1483
f 1155/1155 1484/1484 1156/1156
f 1485/1485 1076/1076 1078/1078
f 711/711 1486/1486 712/712
f 746/746 745/745 1487/1487
f 1488/1488 1489/1489 1490/1490
f 1491/1491 1492/1492 1493/1493
f 1494/1494 1492/1492 1491/1491
f 1495/1495 1496/1496 1497/1497
f 1498/1498 1499/1499 1500/1500
f 1501/1501 1502/1502 1503/1503
f 1504/1504 1505/1505 1506/1506
f 1507/1507 1508/1508 1509/1509
f 1510/1510 1511/1511 1512/1512
f 1513/1513 1514/1514 1515/1515
f 1516/1516 1517/1517 1518/1518
f 952/952 951/951 1519/1519
f 1520/1520 1521/1521 1522/1522
f 1058/1058 1523/1523 1059/1059
f 854/854 1524/1524 855/855
f 1525/1525 1526/1526 1527/1527
f 1528/1528 1529/1529 1530/1530
f 1531/1531 1532/1532 1533/1533
f 1208/1208 1534/1534 1209/1209
f 1535/1535 1536/1536 1537/1537
f 1538/1538 1539/1539 1540/1540
f 1541/1541 1542/1542 1543/1543
f 1544/1544 1545/1545 1546/1546
f 1547/1547 1548/1548 1549/1549
f 869/869 868/868 1550/1550
f 1547/1547 1551/1551 1548/1548
f 1552/1552 1553/1553 1554/1554
f 1555/1555 1556/1556 1557/1557
f 1164/1164 1558/1558 1165/1165
f 1559/1559 1560/1560 1561/1561
f 1562/1562 1563/1563 1564/1564
f 1565/1565 933/933 932/932
f 838/838 1566/1566 1567/1567
f 1568/1568 1569/1569 1570/1570
f 841/841 1571/1571 842/842
f 535/535 534/534 1572/1572
f 1573/1573 1574/1574 1575/1575
f 1576/1576 1002/1002 1001/1001
f 1577/1577 1578/1578 1579/1579
f 1580/1580 1581/1581 1582/1582
f 1583/1583 1584/1584 1585/1585
f 1141/1141 1140/1140 1586/1586
f 1587/1587 1584/1584 1588/1588
f 1589/1589 1590/1590 1591/1591
f 1592/1592 1593/1593 1594/1594
f 1595/1595 1356/1356 1355/1355
f 1596/1596 1597/1597 1598/1598
f 1599/1599 1600/1600 1601/1601
f 1602/1602 1603/1603 1604/1604
f 1334/1334 1605/1605 1335/1335
f 1602/1602 1604/1604 1606/1606
f 1607/1607 1608/1608 1609/1609
f 1610/1610 1599/1599 1601/1601
f 1611/1611 1612/1612 1613/1613
f 1614/1614 1569/1569 1568/1568
f 1615/1615 1616/1616 1617/1617
f 1618/1618 1619/1619 1620/1620
f 1621/1621 1622/1622 1623/1623
f 1624/1624 1625/1625 1626/1626
f 1627/1627 1628/1628 1629/1629
f 1630/1630 1631/1631 1632/1632
f 557/557 559/559 1633/1633
f 767/767 766/766 1634/1634
f 1635/1635 1636/1636 1637/1637
f 1638/1638 1639/1639 1640/1640
f 1641/1641 1642/1642 1643/1643
f 1629/1629 1628/1628 1644/1644
f 1645/1645 1194/1194 1646/1646
f 1647/1647 1648/1648 1649/1649
f 1650/1650 1651/1651 1652/1652
f 1653/1653 1654/1654 1655/1655
f 1431/1431 1433/1433 1656/1656
f 1657/1657 1658/1658 1659/1659
f 1660/1660 1661/1661 1662/1662
f 1663/1663 1664/1664 1665/1665
f 1666/1666 1667/1667 1668/1668
f 1669/1669 1284/1284 1283/1283
f 1670/1670 1671/1671 1672/1672
f 1673/1673 1674/1674 1675/1675
f 1676/1676 1677/1677 1678/1678
f 1679/1679 1680/1680 1681/1681
f 1682/1682 1683/1683 1684/1684
f 1685/1685 1686/1686 1687/1687
f 1688/1688 1689/1689 1690/1690
f 925/925 927/927 1691/1691
f 1692/1692 1693/1693 1694/1694
f 1695/1695 1696/1696 1697/1697
f 1445/1445 1447/1447 1698/1698
f 955/955 954/954 1699/1699
f 1700/1700 1344/1344 1343/1343
f 727/727 729/729 1701/1701
f 1104/1104 1103/1103 1702/1702
f 733/733 1703/1703 734/734
f 1704/1704 1671/1671 1670/1670
f 1509/1509 1508/1508 1705/1705
f 1706/1706 1651/1651 1650/1650
f 1707/1707 1708/1708 1709/1709
f 1688/1688 1690/1690 1710/1710
f 1444/1444 1443/1443 1711/1711
f 1541/1541 1712/1712 1542/1542
f 1042/1042 1713/1713 1043/1043
f 1714/1714 1715/1715 1716/1716
f 1404/1404 1717/1717 1405/1405
f 1718/1718 1719/1719 1720/1720
f 1537/1537 1536/1536 1721/1721
f 1722/1722 1723/1723 1724/1724
f 1725/1725 1726/1726 1727/1727
f 1728/1728 1729/1729 1730/1730
f 1731/1731 1732/1732 1733/1733
f 1734/1734 1735/1735 1736/1736
f 1737/1737 1738/1738 1739/1739
f 1740/1740 1741/1741 1742/1742
f 1743/1743 1744/1744 1745/1745
f 1746/1746 1692/1692 1694/1694
f 1635/1635 1637/1637 1747/1747
f 1748/1748 1749/1749 1750/1750
f 1751/1751 1752/1752 1753/1753
f 1754/1754 520/520 522/522
f 1755/1755 1756/1756 1757/1757
f 1240/1240 1242/1242 1758/1758
f 1114/1114 1113/1113 1759/1759
f 1760/1760 1761/1761 1762/1762
f 1408/1408 1763/1763 1409/1409
f 1325/1325 1327/1327 1764/1764
f 1765/1765 1766/1766 1767/1767
f 1768/1768 1769/1769 1770/1770
f 1469/1469 1771/1771 1470/1470
f 1772/1772 1773/1773 1774/1774
f 1775/1775 1761/1761 1760/1760
f 1776/1776 1729/1729 1728/1728
f 1731/1731 1733/1733 1777/1777
f 1778/1778 1779/1779 1780/1780
f 1781/1781 1782/1782 1783/1783
f 1784/1784 1785/1785 1786/1786
f 1787/1787 1171/1171 1173/1173
f 1788/1788 1789/1789 1790/1790
f 1791/1791 1792/1792 1793/1793
f 1794/1794 1795/1795 1796/1796
f 888/888 1797/1797 889/889
f 1798/1798 1799/1799 1800/1800
f 1801/1801 1802/1802 1803/1803
f 1804/1804 1805/1805 1806/1806
f 1791/1791 1807/1807 1792/1792
f 1804/1804 1808/1808 1805/1805
f 910/910 1809/1809 911/911
f 1810/1810 1417/1417 1416/1416
f 1811/1811 1812/1812 1813/1813
f 1474/1474 1476/1476 1814/1814
f 1276/1276 1275/1275 1815/1815
f 705/705 707/707 1816/1816
f 1817/1817 1818/1818 1819/1819
f 1129/1129 1131/1131 1820/1820
f 1821/1821 1822/1822 1823/1823
f 1824/1824 1825/1825 1826/1826
f 1827/1827 1828/1828 1829/1829
f 1830/1830 1831/1831 1832/1832
f 1833/1833 1834/1834 1835/1835
f 1836/1836 1837/1837 1838/1838
f 1839/1839 1840/1840 1841/1841
f 1842/1842 1843/1843 1844/1844
f 1845/1845 1846/1846 1847/1847
f 1223/1223 1222/1222 1848/1848
f 1142/1142 1144/1144 1849/1849
f 1850/1850 1851/1851 1852/1852
f 1853/1853 1854/1854 1855/1855
f 1856/1856 1837/1837 1836/1836
f 1833/1833 1857/1857 1834/1834
f 1279/1279 1278/1278 1858/1858
f 1859/1859 1860/1860 1861/1861
f 1862/1862 1863/1863 1864/1864
f 1865/1865 1866/1866 1867/1867
f 1868/1868 1869/1869 1870/1870
f 1871/1871 1872/1872 1873/1873
f 1304/1304 1303/1303 1874/1874
f 1875/1875 1876/1876 1877/1877
f 1878/1878 1879/1879 1880/1880
f 1483/1483 1482/1482 1881/1881
f 1882/1882 1883/1883 1884/1884
f 1821/1821 1885/1885 1822/1822
f 1886/1886 1887/1887 1888/1888
f 1886/1886 1889/1889 1887/1887
f 1530/1530 1529/1529 1890/1890
f 1891/1891 1876/1876 1875/1875
f 1892/1892 1893/1893 1894/1894
f 1895/1895 1756/1756 1755/1755
f 845/845 847/847 1896/1896
f 1413/1413 1415/1415 1897/1897
f 1898/1898 1899/1899 1900/1900
f 1901/1901 1902/1902 1903/1903
f 1364/1364 1904/1904 1365/1365
f 1905/1905 1906/1906 1907/1907
f 1908/1908 1909/1909 1910/1910
f 1911/1911 1912/1912 1913/1913
f 1914/1914 1915/1915 1916/1916
f 1917/1917 1918/1918 1919/1919
f 1920/1920 1921/1921 1922/1922
f 1381/1381 1383/1383 1923/1923
f 1924/1924 1925/1925 1926/1926
f 1927/1927 1925/1925 1924/1924
f 1928/1928 1929/1929 1930/1930
f 1929/1929 1928/1928 1931/1931
f 516/516 515/515 1932/1932
f 1679/1679 1681/1681 1933/1933
f 1911/1911 1934/1934 1912/1912
f 1935/1935 1123/1123 1122/1122
f 1861/1861 1860/1860 1936/1936
f 1937/1937 1938/1938 1939/1939
f 1940/1940 1941/1941 1942/1942
f 1211/1211 1943/1943 1212/1212
f 1665/1665 1664/1664 1944/1944
f 1248/1248 1250/1250 1945/1945
f 1946/1946 1947/1947 1948/1948
f 1135/1135 1949/1949 1136/1136
f 1740/1740 1950/1950 1741/1741
f 1951/1951 1952/1952 1953/1953
f 1954/1954 1955/1955 1956/1956
f 1957/1957 1958/1958 1959/1959
f 1299/1299 1960/1960 1300/1300
f 1961/1961 1962/1962 1963/1963
f 1964/1964 1496/1496 1495/1495
f 1961/1961 1963/1963 1965/1965
f 1966/1966 1967/1967 1968/1968
f 653/653 655/655 1969/1969
f 1970/1970 1971/1971 1972/1972
f 1973/1973 1974/1974 1975/1975
f 1976/1976 1977/1977 1978/1978
f 972/972 1979/1979 973/973
f 1340/1340 1980/1980 1341/1341
f 1480/1480 1479/1479 1981/1981
f 1788/1788 1982/1982 1789/1789
f 1937/1937 1983/1983 1938/1938
f 1984/1984 1985/1985 1986/1986
f 1987/1987 1988/1988 1989/1989
f 1990/1990 1991/1991 1992/1992
f 1993/1993 1350/1350 1349/1349
f 1994/1994 1958/1958 1957/1957
f 1995/1995 1996/1996 1997/1997
f 1998/1998 1999/1999 2000/2000
f 1873/1873 1872/1872 2001/2001
f 1453/1453 1455/1455 2002/2002
f 2003/2003 2004/2004 2005/2005
f 2006/2006 1462/1462 1464/1464
f 2007/2007 2008/2008 2009/2009
f 1976/1976 1978/1978 2010/2010
f 681/681 683/683 2011/2011
f 1987/1987 2012/2012 1988/1988
f 2013/2013 2014/2014 2015/2015
f 2016/2016 2017/2017 2018/2018
f 2019/2019 720/720 722/722
f 839/839 838/838 1567/1567
f 2020/2020 1990/1990 1992/1992

g Object_f1_sp_ftt.jpg

usemtl mat_18-f1_sp_ftt.jpg

f 2021/2021 2022/2022 2023/2023
f 2024/2024 2025/2025 2026/2026
f 2027/2027 2028/2028 2029/2029
f 2030/2030 2031/2031 2032/2032
f 2033/2033 2034/2034 2035/2035
f 2036/2036 2037/2037 2038/2038
f 2039/2039 2040/2040 2041/2041
f 2042/2042 2043/2043 2044/2044
f 2045/2045 2046/2046 2047/2047
f 2048/2048 2049/2049 2036/2036
f 2050/2050 2051/2051 2052/2052
f 2053/2053 2054/2054 2055/2055
f 2056/2056 2030/2030 2032/2032
f 2057/2057 2058/2058 2033/2033
f 2032/2032 2031/2031 2059/2059
f 2060/2060 2061/2061 2062/2062
f 2063/2063 2064/2064 2065/2065
f 2066/2066 2048/2048 2036/2036
f 2067/2067 2068/2068 2069/2069
f 2070/2070 2057/2057 2033/2033
f 2071/2071 2072/2072 2073/2073
f 2074/2074 2075/2075 2076/2076
f 2077/2077 2078/2078 2079/2079
f 2080/2080 2077/2077 2079/2079
f 2070/2070 2033/2033 2081/2081
f 2081/2081 2033/2033 2035/2035
f 2045/2045 2082/2082 2046/2046
f 2030/2030 2083/2083 2031/2031
f 2084/2084 2051/2051 2050/2050
f 2085/2085 2082/2082 2045/2045
f 2086/2086 2048/2048 2066/2066
f 2087/2087 2088/2088 2089/2089
f 2090/2090 2091/2091 2092/2092
f 2093/2093 2094/2094 2095/2095
f 2096/2096 2097/2097 2098/2098
f 2098/2098 2099/2099 2096/2096
f 2100/2100 2101/2101 2102/2102
f 2087/2087 2103/2103 2088/2088
f 2104/2104 2105/2105 2106/2106
f 2107/2107 2077/2077 2080/2080
f 2055/2055 2054/2054 2108/2108
f 2109/2109 2036/2036 2038/2038
f 2044/2044 2110/2110 2111/2111
f 2112/2112 2113/2113 2114/2114
f 2098/2098 2115/2115 2099/2099
f 2116/2116 2086/2086 2066/2066
f 2093/2093 2095/2095 2117/2117
f 2024/2024 2118/2118 2119/2119
f 2105/2105 2120/2120 2106/2106
f 2077/2077 2121/2121 2078/2078
f 2066/2066 2036/2036 2122/2122
f 2117/2117 2095/2095 2123/2123
f 2124/2124 2125/2125 2126/2126
f 2127/2127 2091/2091 2090/2090
f 2128/2128 2129/2129 2130/2130
f 2131/2131 2132/2132 2040/2040
f 2133/2133 2134/2134 2135/2135
f 2136/2136 2137/2137 2138/2138
f 2068/2068 2139/2139 2069/2069
f 2140/2140 2141/2141 2142/2142
f 2143/2143 2144/2144 2105/2105
f 2145/2145 2146/2146 2147/2147
f 2079/2079 2078/2078 2148/2148
f 2095/2095 2149/2149 2123/2123
f 2090/2090 2092/2092 2150/2150
f 2096/2096 2151/2151 2097/2097
f 2152/2152 2113/2113 2112/2112
f 2153/2153 2032/2032 2059/2059
f 2154/2154 2125/2125 2124/2124
f 2058/2058 2155/2155 2033/2033
f 2156/2156 2157/2157 2158/2158
f 2060/2060 2062/2062 2159/2159
f 2033/2033 2155/2155 2160/2160
f 2161/2161 2162/2162 2163/2163
f 2159/2159 2062/2062 2164/2164
f 2036/2036 2049/2049 2037/2037
f 2165/2165 2166/2166 2167/2167
f 2042/2042 2112/2112 2043/2043
f 2027/2027 2029/2029 2168/2168
f 2124/2124 2126/2126 2169/2169
f 2045/2045 2047/2047 2170/2170
f 2171/2171 2172/2172 2173/2173
f 2055/2055 2108/2108 2174/2174
f 2170/2170 2047/2047 2175/2175
f 2031/2031 2176/2176 2059/2059
f 2177/2177 2178/2178 2179/2179
f 2158/2158 2180/2180 2156/2156
f 2177/2177 2179/2179 2181/2181
f 2161/2161 2163/2163 2182/2182
f 2073/2073 2072/2072 2183/2183
f 2184/2184 2058/2058 2057/2057
f 2065/2065 2064/2064 2185/2185
f 2129/2129 2186/2186 2130/2130
f 2187/2187 2166/2166 2165/2165
f 2129/2129 2188/2188 2186/2186
f 2153/2153 2189/2189 2032/2032
f 2154/2154 2135/2135 2125/2125
f 2133/2133 2135/2135 2154/2154
f 2116/2116 2190/2190 2086/2086
f 2169/2169 2126/2126 2191/2191
f 2133/2133 2192/2192 2134/2134
f 2193/2193 2192/2192 2133/2133
f 2056/2056 2194/2194 2030/2030
f 2074/2074 2076/2076 2195/2195
f 2173/2173 2172/2172 2196/2196
f 2197/2197 2121/2121 2077/2077
f 2198/2198 2197/2197 2077/2077
f 2199/2199 2200/2200 2201/2201
f 2202/2202 2197/2197 2198/2198
f 2203/2203 2171/2171 2204/2204
f 2205/2205 2200/2200 2199/2199
f 2204/2204 2171/2171 2173/2173
f 2038/2038 2037/2037 2206/2206
f 2145/2145 2207/2207 2146/2146
f 2156/2156 2208/2208 2157/2157
f 2201/2201 2200/2200 2209/2209
f 2100/2100 2210/2210 2101/2101
f 2055/2055 2211/2211 2053/2053
f 2212/2212 2083/2083 2030/2030
f 2053/2053 2213/2213 2054/2054
f 2055/2055 2214/2214 2211/2211
f 2116/2116 2066/2066 2215/2215
f 2193/2193 2216/2216 2192/2192
f 2217/2217 2216/2216 2193/2193
f 2136/2136 2138/2138 2218/2218
f 2219/2219 2170/2170 2175/2175
f 2217/2217 2220/2220 2216/2216
f 2150/2150 2092/2092 2221/2221
f 2042/2042 2222/2222 2112/2112
f 2143/2143 2105/2105 2104/2104
f 2168/2168 2029/2029 2223/2223
f 2119/2119 2118/2118 2026/2026
f 2118/2118 2024/2024 2026/2026
f 2111/2111 2042/2042 2044/2044
f 2043/2043 2112/2112 2114/2114
f 2039/2039 2131/2131 2040/2040
f 2224/2224 2140/2140 2142/2142
f 2225/2225 2119/2119 2026/2026

g Object_default-grey.jpg

usemtl mat_19-default-grey.jpg

f 93/93 2226/2226 2227/2227
f 2228/2228 86/86 2229/2229
f 2230/2230 2231/2231 2232/2232
f 2233/2233 2230/2230 2234/2234
f 2235/2235 2236/2236 2237/2237
f 2238/2238 2239/2239 2233/2233
f 2234/2234 2230/2230 2232/2232
f 82/82 2240/2240 2241/2241
f 2242/2242 2239/2239 2238/2238
f 2233/2233 2239/2239 2230/2230
f 2243/2243 2235/2235 2237/2237
f 2244/2244 2229/2229 2245/2245
f 2241/2241 2226/2226 81/81
f 2241/2241 2237/2237 2226/2226
f 81/81 2226/2226 93/93
f 2246/2246 2237/2237 2241/2241
f 2244/2244 2228/2228 2229/2229
f 2231/2231 2247/2247 2232/2232
f 509/509 83/83 85/85
f 89/89 93/93 2227/2227
f 2248/2248 2243/2243 2237/2237
f 73/73 2235/2235 86/86
f 82/82 2241/2241 81/81
f 73/73 86/86 2228/2228
f 2249/2249 2244/2244 2245/2245
f 2250/2250 2235/2235 73/73
f 2249/2249 2245/2245 2251/2251
f 508/508 509/509 2250/2250
f 2250/2250 509/509 2235/2235
f 79/79 88/88 80/80
f 79/79 90/90 88/88
f 2252/2252 483/483 2253/2253
f 509/509 85/85 2236/2236
f 2254/2254 2255/2255 2256/2256
f 2253/2253 84/84 2257/2257
f 2254/2254 2258/2258 2255/2255
f 2259/2259 2254/2254 2256/2256
f 2260/2260 2254/2254 2259/2259
f 2232/2232 2247/2247 2261/2261
f 2261/2261 2260/2260 2259/2259
f 2247/2247 2260/2260 2261/2261
f 2235/2235 509/509 2236/2236

g Object_f1_sp_sb2.jpg

usemtl mat_20-f1_sp_sb2.jpg

f 2262/2262 2263/2263 2264/2264
f 2265/2265 2266/2266 2267/2267
f 2268/2268 2269/2269 2270/2270
f 2271/2271 2272/2272 2263/2263
f 2273/2273 2274/2274 2275/2275
f 2276/2276 2277/2277 2278/2278
f 2279/2279 2280/2280 2268/2268
f 2281/2281 2282/2282 2283/2283
f 2284/2284 2285/2285 2286/2286
f 2287/2287 2288/2288 2289/2289
f 2262/2262 2264/2264 2274/2274
f 2290/2290 2291/2291 2292/2292
f 2293/2293 2294/2294 2295/2295
f 2296/2296 2297/2297 2298/2298
f 2299/2299 2300/2300 2301/2301
f 2292/2292 2291/2291 2302/2302
f 2289/2289 2303/2303 2304/2304
f 2305/2305 2268/2268 2280/2280
f 2306/2306 2274/2274 2264/2264
f 2307/2307 2308/2308 2299/2299
f 2299/2299 2308/2308 2300/2300
f 2290/2290 2309/2309 2310/2310
f 2262/2262 2271/2271 2263/2263
f 2301/2301 2300/2300 2311/2311
f 2312/2312 2301/2301 2313/2313
f 2285/2285 2270/2270 2286/2286
f 2314/2314 2282/2282 2281/2281
f 2296/2296 2276/2276 2290/2290
f 2268/2268 2270/2270 2285/2285
f 2269/2269 2315/2315 2270/2270
f 2316/2316 2307/2307 2299/2299
f 2295/2295 2271/2271 2317/2317
f 2283/2283 2317/2317 2318/2318
f 2297/2297 2293/2293 2295/2295
f 2319/2319 2320/2320 2321/2321
f 2277/2277 2298/2298 2322/2322
f 2304/2304 2303/2303 2280/2280
f 2289/2289 2323/2323 2324/2324
f 2306/2306 2313/2313 2325/2325
f 2319/2319 2316/2316 2267/2267
f 2324/2324 2323/2323 2305/2305
f 2290/2290 2310/2310 2291/2291
f 2303/2303 2305/2305 2280/2280
f 2289/2289 2304/2304 2326/2326
f 2289/2289 2288/2288 2323/2323
f 2296/2296 2327/2327 2297/2297
f 2304/2304 2280/2280 2279/2279
f 2317/2317 2262/2262 2318/2318
f 2326/2326 2304/2304 2279/2279
f 2289/2289 2324/2324 2303/2303
f 2265/2265 2328/2328 2329/2329
f 2276/2276 2278/2278 2290/2290
f 2290/2290 2278/2278 2330/2330
f 2331/2331 2290/2290 2292/2292
f 2332/2332 2333/2333 2309/2309
f 2264/2264 2263/2263 2334/2334
f 2266/2266 2320/2320 2319/2319
f 2286/2286 2321/2321 2320/2320
f 2335/2335 2281/2281 2283/2283
f 2329/2329 2336/2336 2266/2266
f 2306/2306 2325/2325 2274/2274
f 2337/2337 2273/2273 2275/2275
f 2297/2297 2295/2295 2338/2338
f 2320/2320 2284/2284 2286/2286
f 2337/2337 2339/2339 2273/2273
f 2313/2313 2301/2301 2340/2340
f 2332/2332 2309/2309 2341/2341
f 2307/2307 2342/2342 2343/2343
f 2315/2315 2342/2342 2286/2286
f 2286/2286 2342/2342 2321/2321
f 2266/2266 2319/2319 2267/2267
f 2321/2321 2342/2342 2307/2307
f 2305/2305 2269/2269 2268/2268
f 2295/2295 2282/2282 2338/2338
f 2270/2270 2315/2315 2286/2286
f 2339/2339 2318/2318 2273/2273
f 2321/2321 2307/2307 2319/2319
f 2301/2301 2344/2344 2340/2340
f 2340/2340 2344/2344 2345/2345
f 2340/2340 2325/2325 2313/2313
f 2274/2274 2325/2325 2275/2275
f 2316/2316 2299/2299 2312/2312
f 2346/2346 2340/2340 2345/2345
f 2322/2322 2297/2297 2314/2314
f 2295/2295 2317/2317 2282/2282
f 2295/2295 2294/2294 2271/2271
f 2327/2327 2347/2347 2297/2297
f 2283/2283 2282/2282 2317/2317
f 2309/2309 2290/2290 2330/2330
f 2262/2262 2274/2274 2273/2273
f 2303/2303 2324/2324 2305/2305
f 2279/2279 2268/2268 2285/2285
f 2265/2265 2329/2329 2266/2266
f 2266/2266 2336/2336 2320/2320
f 2319/2319 2307/2307 2316/2316
f 2263/2263 2328/2328 2334/2334
f 2312/2312 2299/2299 2301/2301
f 2317/2317 2271/2271 2262/2262
f 2284/2284 2320/2320 2336/2336
f 2334/2334 2328/2328 2265/2265
f 2347/2347 2293/2293 2297/2297
f 2314/2314 2338/2338 2282/2282
f 2291/2291 2348/2348 2302/2302
f 2262/2262 2273/2273 2318/2318
f 2349/2349 2296/2296 2290/2290
f 2349/2349 2290/2290 2331/2331
f 2277/2277 2276/2276 2298/2298
f 2307/2307 2343/2343 2308/2308
f 2314/2314 2297/2297 2338/2338
f 2296/2296 2298/2298 2276/2276

g Object_f1_sp_tt.jpg

usemtl mat_21-f1_sp_tt.jpg

f 2350/2350 2351/2351 2352/2352
f 2353/2353 2354/2354 2355/2355
f 2356/2356 2357/2357 2358/2358
f 2359/2359 2360/2360 2361/2361
f 2362/2362 2363/2363 2364/2364
f 2365/2365 2366/2366 2367/2367
f 2368/2368 2369/2369 2370/2370
f 2371/2371 2372/2372 2373/2373
f 2361/2361 2360/2360 2374/2374
f 2375/2375 2376/2376 2377/2377
f 2378/2378 2379/2379 2380/2380
f 2381/2381 2382/2382 2383/2383
f 2384/2384 2385/2385 2386/2386
f 2387/2387 2388/2388 2389/2389
f 2390/2390 2391/2391 2392/2392
f 2393/2393 2394/2394 2395/2395
f 2396/2396 2397/2397 2398/2398
f 2399/2399 2400/2400 2401/2401
f 2351/2351 2402/2402 2352/2352
f 2403/2403 2404/2404 2405/2405
f 2406/2406 2407/2407 2408/2408
f 2409/2409 2410/2410 2411/2411
f 2412/2412 2413/2413 2414/2414
f 2415/2415 2416/2416 2417/2417
f 2413/2413 2418/2418 2414/2414
f 2419/2419 2420/2420 2421/2421
f 2422/2422 2423/2423 2424/2424
f 2365/2365 2425/2425 2366/2366
f 2426/2426 2427/2427 2428/2428
f 2394/2394 2429/2429 2395/2395
f 2430/2430 2431/2431 2432/2432
f 2433/2433 2434/2434 2402/2402
f 2435/2435 2436/2436 2437/2437
f 2402/2402 2438/2438 2352/2352
f 2439/2439 2440/2440 2441/2441
f 2394/2394 2442/2442 2429/2429
f 2443/2443 2444/2444 2445/2445
f 2433/2433 2446/2446 2434/2434
f 2447/2447 2448/2448 2449/2449
f 2450/2450 2451/2451 2452/2452
f 2453/2453 2454/2454 2455/2455
f 2456/2456 2457/2457 2458/2458
f 2419/2419 2421/2421 2459/2459
f 2460/2460 2425/2425 2365/2365
f 2425/2425 2461/2461 2366/2366
f 2366/2366 2461/2461 2462/2462
f 2350/2350 2352/2352 2463/2463
f 2464/2464 2465/2465 2466/2466
f 2467/2467 2468/2468 2469/2469
f 2470/2470 2471/2471 2472/2472
f 2472/2472 2471/2471 2473/2473
f 2474/2474 2475/2475 2476/2476
f 2477/2477 2353/2353 2355/2355
f 2478/2478 2479/2479 2480/2480
f 2481/2481 2422/2422 2424/2424
f 2482/2482 2483/2483 2484/2484
f 2485/2485 2486/2486 2487/2487
f 2472/2472 2473/2473 2488/2488
f 2489/2489 2490/2490 2491/2491
f 2492/2492 2365/2365 2367/2367
f 2493/2493 2494/2494 2495/2495
f 2496/2496 2497/2497 2498/2498
f 2499/2499 2500/2500 2501/2501
f 2502/2502 2503/2503 2504/2504
f 2505/2505 2506/2506 2507/2507
f 2508/2508 2509/2509 2510/2510
f 2511/2511 2512/2512 2513/2513
f 2514/2514 2515/2515 2516/2516
f 2471/2471 2517/2517 2473/2473
f 2518/2518 2519/2519 2520/2520
f 2481/2481 2521/2521 2422/2422
f 2522/2522 2379/2379 2378/2378
f 2523/2523 2524/2524 2525/2525
f 2526/2526 2527/2527 2528/2528
f 2518/2518 2520/2520 2529/2529
f 2530/2530 2531/2531 2532/2532
f 2533/2533 2505/2505 2507/2507
f 2462/2462 2461/2461 2534/2534
f 2535/2535 2536/2536 2537/2537
f 2538/2538 2404/2404 2403/2403
f 2539/2539 2424/2424 2423/2423
f 2538/2538 2540/2540 2404/2404
f 2425/2425 2541/2541 2461/2461
f 2435/2435 2542/2542 2543/2543
f 2544/2544 2545/2545 2546/2546
f 2352/2352 2547/2547 2463/2463
f 2548/2548 2549/2549 2550/2550
f 2412/2412 2414/2414 2551/2551
f 2511/2511 2552/2552 2512/2512
f 2502/2502 2553/2553 2554/2554
f 2403/2403 2405/2405 2555/2555
f 2556/2556 2557/2557 2558/2558
f 2396/2396 2398/2398 2559/2559
f 2560/2560 2561/2561 2562/2562
f 2540/2540 2563/2563 2404/2404
f 2564/2564 2565/2565 2566/2566
f 2567/2567 2568/2568 2569/2569
f 2548/2548 2570/2570 2549/2549
f 2571/2571 2444/2444 2443/2443
f 2572/2572 2497/2497 2496/2496
f 2492/2492 2573/2573 2365/2365
f 2473/2473 2574/2574 2488/2488
f 2508/2508 2510/2510 2575/2575
f 2576/2576 2400/2400 2399/2399
f 2577/2577 2517/2517 2471/2471
f 2578/2578 2579/2579 2580/2580
f 2581/2581 2582/2582 2583/2583
f 2584/2584 2388/2388 2387/2387
f 2356/2356 2585/2585 2357/2357
f 2586/2586 2573/2573 2492/2492
f 2587/2587 2588/2588 2589/2589
f 2536/2536 2590/2590 2537/2537
f 2481/2481 2591/2591 2521/2521
f 2529/2529 2520/2520 2592/2592
f 2593/2593 2361/2361 2374/2374
f 2508/2508 2575/2575 2594/2594
f 2537/2537 2595/2595 2535/2535
f 2581/2581 2596/2596 2582/2582
f 2597/2597 2368/2368 2370/2370
f 2598/2598 2599/2599 2600/2600
f 2531/2531 2601/2601 2532/2532
f 2523/2523 2525/2525 2602/2602
f 2420/2420 2603/2603 2421/2421
f 2417/2417 2416/2416 2604/2604
f 2409/2409 2411/2411 2605/2605
f 2384/2384 2386/2386 2606/2606
f 2607/2607 2608/2608 2609/2609
f 2558/2558 2610/2610 2611/2611
f 2612/2612 2613/2613 2614/2614
f 2612/2612 2615/2615 2613/2613
f 2406/2406 2408/2408 2616/2616
f 2410/2410 2617/2617 2411/2411
f 2555/2555 2405/2405 2618/2618
f 2619/2619 2620/2620 2621/2621
f 2599/2599 2622/2622 2600/2600
f 2354/2354 2623/2623 2355/2355
f 2624/2624 2625/2625 2626/2626
f 2355/2355 2623/2623 2627/2627
f 2628/2628 2629/2629 2630/2630
f 2477/2477 2631/2631 2353/2353
f 2632/2632 2491/2491 2490/2490
f 2612/2612 2633/2633 2615/2615
f 2634/2634 2632/2632 2490/2490
f 2635/2635 2375/2375 2377/2377
f 2636/2636 2637/2637 2638/2638
f 2639/2639 2640/2640 2641/2641
f 2543/2543 2542/2542 2435/2435
f 2642/2642 2643/2643 2644/2644
f 2645/2645 2646/2646 2647/2647
f 2556/2556 2648/2648 2557/2557
f 2564/2564 2649/2649 2565/2565
f 2620/2620 2619/2619 2650/2650
f 2466/2466 2465/2465 2651/2651
f 2652/2652 2653/2653 2654/2654
f 2543/2543 2655/2655 2656/2656
f 2639/2639 2657/2657 2640/2640
f 2646/2646 2645/2645 2658/2658
f 2659/2659 2351/2351 2350/2350
f 2660/2660 2556/2556 2558/2558
f 2633/2633 2661/2661 2615/2615
f 2662/2662 2397/2397 2396/2396
f 2663/2663 2664/2664 2665/2665
f 2531/2531 2666/2666 2601/2601
f 2531/2531 2667/2667 2666/2666
f 2668/2668 2493/2493 2495/2495
f 2669/2669 2670/2670 2671/2671
f 2646/2646 2672/2672 2647/2647
f 2558/2558 2557/2557 2610/2610
f 2673/2673 2557/2557 2648/2648
f 2381/2381 2674/2674 2382/2382
f 2675/2675 2676/2676 2381/2381
f 2677/2677 2593/2593 2374/2374
f 2533/2533 2678/2678 2505/2505
f 2410/2410 2679/2679 2617/2617
f 2396/2396 2559/2559 2680/2680
f 2540/2540 2681/2681 2563/2563
f 2396/2396 2680/2680 2682/2682
f 2617/2617 2679/2679 2683/2683
f 2543/2543 2684/2684 2436/2436
f 2604/2604 2685/2685 2417/2417
f 2617/2617 2683/2683 2686/2686
f 2515/2515 2687/2687 2516/2516
f 2688/2688 2689/2689 2690/2690
f 2636/2636 2691/2691 2637/2637
f 2435/2435 2692/2692 2655/2655
f 2489/2489 2491/2491 2693/2693
f 2694/2694 2497/2497 2572/2572
f 2351/2351 2695/2695 2402/2402
f 2696/2696 2541/2541 2425/2425
f 2697/2697 2467/2467 2469/2469
f 2618/2618 2405/2405 2698/2698
f 2699/2699 2471/2471 2470/2470
f 2543/2543 2656/2656 2700/2700
f 2701/2701 2702/2702 2703/2703
f 2578/2578 2704/2704 2579/2579
f 2705/2705 2706/2706 2707/2707
f 2637/2637 2708/2708 2638/2638
f 2709/2709 2710/2710 2711/2711
f 2554/2554 2553/2553 2712/2712
f 2546/2546 2545/2545 2713/2713
f 2714/2714 2420/2420 2419/2419
f 2715/2715 2460/2460 2365/2365
f 2478/2478 2480/2480 2716/2716
f 2717/2717 2531/2531 2530/2530
f 2712/2712 2553/2553 2718/2718
f 2461/2461 2541/2541 2719/2719
f 2705/2705 2707/2707 2720/2720
f 2721/2721 2629/2629 2628/2628
f 2722/2722 2566/2566 2565/2565
f 2537/2537 2723/2723 2595/2595
f 2629/2629 2724/2724 2630/2630
f 2725/2725 2566/2566 2722/2722
f 2502/2502 2504/2504 2553/2553
f 2451/2451 2726/2726 2452/2452
f 2637/2637 2727/2727 2708/2708
f 2461/2461 2719/2719 2728/2728
f 2637/2637 2729/2729 2727/2727
f 2730/2730 2667/2667 2531/2531
f 2533/2533 2507/2507 2731/2731
f 2732/2732 2733/2733 2734/2734
f 2735/2735 2465/2465 2464/2464
f 2579/2579 2736/2736 2580/2580
f 2737/2737 2388/2388 2584/2584
f 2697/2697 2738/2738 2467/2467
f 2409/2409 2605/2605 2739/2739
f 2487/2487 2740/2740 2485/2485
f 2404/2404 2563/2563 2741/2741
f 2381/2381 2676/2676 2742/2742
f 2615/2615 2661/2661 2743/2743
f 2381/2381 2742/2742 2674/2674
f 2655/2655 2744/2744 2656/2656
f 2745/2745 2444/2444 2571/2571
f 2467/2467 2746/2746 2468/2468
f 2741/2741 2563/2563 2747/2747
f 2473/2473 2517/2517 2748/2748
f 2642/2642 2644/2644 2749/2749
f 2750/2750 2628/2628 2630/2630
f 2751/2751 2649/2649 2564/2564
f 2752/2752 2364/2364 2363/2363
f 2533/2533 2731/2731 2753/2753
f 2370/2370 2369/2369 2754/2754
f 2755/2755 2469/2469 2468/2468
f 2756/2756 2483/2483 2482/2482
f 2639/2639 2641/2641 2757/2757
f 2477/2477 2355/2355 2758/2758
f 2415/2415 2759/2759 2416/2416
f 2707/2707 2706/2706 2760/2760
f 2515/2515 2761/2761 2687/2687
f 2530/2530 2762/2762 2717/2717
f 2763/2763 2643/2643 2642/2642
f 2642/2642 2764/2764 2763/2763
f 2549/2549 2570/2570 2765/2765
f 2699/2699 2766/2766 2471/2471
f 2767/2767 2385/2385 2384/2384
f 2768/2768 2767/2767 2384/2384
f 2473/2473 2748/2748 2769/2769
f 2474/2474 2476/2476 2770/2770
f 2682/2682 2680/2680 2771/2771
f 2772/2772 2631/2631 2477/2477
f 2504/2504 2773/2773 2553/2553
f 2682/2682 2771/2771 2774/2774
f 2545/2545 2544/2544 2775/2775
f 2775/2775 2544/2544 2776/2776
f 2776/2776 2544/2544 2777/2777
f 2374/2374 2360/2360 2778/2778
f 2390/2390 2779/2779 2391/2391
f 2434/2434 2438/2438 2402/2402
f 2780/2780 2380/2380 2379/2379
f 2606/2606 2386/2386 2781/2781
f 2782/2782 2783/2783 2784/2784
f 2514/2514 2785/2785 2515/2515
f 2453/2453 2786/2786 2454/2454
f 2652/2652 2787/2787 2653/2653
f 2544/2544 2546/2546 2788/2788
f 2587/2587 2589/2589 2789/2789
f 2790/2790 2752/2752 2363/2363
f 2790/2790 2791/2791 2752/2752
f 2792/2792 2536/2536 2535/2535
f 2666/2666 2793/2793 2601/2601
f 2794/2794 2789/2789 2589/2589
f 2499/2499 2795/2795 2500/2500
f 2392/2392 2391/2391 2796/2796
f 2557/2557 2673/2673 2797/2797
f 2794/2794 2589/2589 2798/2798
f 2799/2799 2545/2545 2775/2775
f 2444/2444 2800/2800 2445/2445
f 2801/2801 2802/2802 2803/2803
f 2751/2751 2804/2804 2649/2649
f 2371/2371 2373/2373 2805/2805
f 2443/2443 2445/2445 2806/2806
f 2807/2807 2518/2518 2529/2529
f 2808/2808 2809/2809 2810/2810
f 2437/2437 2436/2436 2811/2811
f 2812/2812 2546/2546 2713/2713
f 2367/2367 2366/2366 2813/2813
f 2814/2814 2598/2598 2600/2600
f 2396/2396 2682/2682 2815/2815
f 2712/2712 2718/2718 2816/2816
f 2817/2817 2779/2779 2390/2390
f 2818/2818 2819/2819 2820/2820
f 2413/2413 2821/2821 2418/2418
f 2436/2436 2435/2435 2543/2543
f 2655/2655 2543/2543 2435/2435

g Object_default-grey.jpg

usemtl mat_22-default-grey.jpg

f 2822/2822 2823/2823 2824/2824
f 2825/2825 2826/2826 2827/2827
f 2825/2825 2827/2827 2828/2828
f 2829/2829 2830/2830 2831/2831
f 2832/2832 2833/2833 2834/2834
f 2825/2825 2829/2829 2835/2835
f 2828/2828 2834/2834 2832/2832
f 2836/2836 2837/2837 2838/2838
f 2836/2836 2839/2839 2837/2837
f 2840/2840 2839/2839 2836/2836
f 2828/2828 2834/2834 2827/2827
f 2830/2830 2831/2831 2841/2841
f 2829/2829 2831/2831 2835/2835
f 2823/2823 2824/2824 2841/2841
f 2822/2822 2842/2842 2824/2824
f 2843/2843 2842/2842 2822/2822
f 2825/2825 2835/2835 2826/2826
f 2830/2830 2841/2841 2823/2823
f 2832/2832 2838/2838 2833/2833
f 2838/2838 2833/2833 2837/2837

g Object_default-grey.jpg

usemtl mat_23-default-grey.jpg

f 2844/2844 2845/2845 2846/2846
f 2847/2847 2848/2848 2849/2849
f 2850/2850 2851/2851 2852/2852
f 452/452 454/454 2853/2853
f 2854/2854 2855/2855 2856/2856
f 2857/2857 2858/2858 2859/2859
f 2860/2860 2861/2861 2862/2862
f 2863/2863 130/130 2864/2864
f 2865/2865 2866/2866 2867/2867
f 2868/2868 2869/2869 2870/2870
f 2849/2849 2871/2871 2872/2872
f 2873/2873 2874/2874 2875/2875
f 2876/2876 2877/2877 2878/2878
f 2879/2879 2880/2880 2881/2881
f 2882/2882 2883/2883 2884/2884
f 2885/2885 2886/2886 2887/2887
f 2850/2850 2852/2852 2888/2888
f 2889/2889 2890/2890 2891/2891
f 2892/2892 2893/2893 2894/2894
f 2893/2893 2895/2895 2896/2896
f 2897/2897 2898/2898 2899/2899
f 2879/2879 2881/2881 2900/2900
f 2901/2901 2902/2902 2903/2903
f 2904/2904 2905/2905 2869/2869
f 2859/2859 2858/2858 2906/2906
f 2907/2907 2908/2908 2873/2873
f 2909/2909 2910/2910 2894/2894
f 152/152 2911/2911 153/153
f 2907/2907 2912/2912 2908/2908
f 2913/2913 2914/2914 2915/2915
f 2916/2916 2917/2917 2918/2918
f 2919/2919 2920/2920 2921/2921
f 2922/2922 2923/2923 2924/2924
f 2925/2925 2926/2926 2891/2891
f 58/58 2848/2848 2847/2847
f 2927/2927 2923/2923 2922/2922
f 2927/2927 2922/2922 2883/2883
f 2928/2928 3/3 2/2
f 2929/2929 2917/2917 2916/2916
f 2930/2930 2931/2931 2910/2910
f 2932/2932 2876/2876 2933/2933
f 2934/2934 2935/2935 2936/2936
f 2937/2937 2938/2938 2939/2939
f 2921/2921 2933/2933 2940/2940
f 2935/2935 2941/2941 2942/2942
f 2943/2943 5/5 3/3
f 2844/2844 2944/2944 2846/2846
f 2945/2945 2946/2946 2947/2947
f 2948/2948 2949/2949 2950/2950
f 2901/2901 2903/2903 2938/2938
f 2878/2878 2/2 2951/2951
f 2948/2948 2950/2950 2952/2952
f 2953/2953 2954/2954 2955/2955
f 2956/2956 2906/2906 2957/2957
f 2854/2854 2949/2949 2948/2948
f 2907/2907 2873/2873 2875/2875
f 2958/2958 2915/2915 2959/2959
f 2960/2960 2961/2961 2885/2885
f 2913/2913 2915/2915 2958/2958
f 2962/2962 2963/2963 2964/2964
f 2965/2965 2863/2863 2864/2864
f 2966/2966 2967/2967 2895/2895
f 2252/2252 2257/2257 2905/2905
f 2904/2904 2252/2252 2905/2905
f 2968/2968 2969/2969 2970/2970
f 2935/2935 2934/2934 2941/2941
f 2868/2868 2904/2904 2869/2869
f 2885/2885 2971/2971 2886/2886
f 2928/2928 2/2 2878/2878
f 2910/2910 2931/2931 2972/2972
f 2849/2849 2848/2848 2871/2871
f 2949/2949 2854/2854 2973/2973
f 131/131 130/130 2974/2974
f 2860/2860 2975/2975 2861/2861
f 2976/2976 2897/2897 2977/2977
f 2924/2924 2923/2923 2978/2978
f 147/147 143/143 2979/2979
f 2980/2980 2981/2981 2979/2979
f 2872/2872 2871/2871 2982/2982
f 2983/2983 2968/2968 2984/2984
f 2924/2924 2978/2978 2980/2980
f 2978/2978 2981/2981 2980/2980
f 2985/2985 2853/2853 2986/2986
f 452/452 2985/2985 510/510
f 2987/2987 2988/2988 2941/2941
f 2846/2846 2976/2976 2977/2977
f 2894/2894 2893/2893 2896/2896
f 452/452 2853/2853 2985/2985
f 2989/2989 2990/2990 2991/2991
f 2901/2901 2938/2938 2937/2937
f 2992/2992 2917/2917 2929/2929
f 2993/2993 2944/2944 2844/2844
f 2994/2994 2995/2995 2972/2972
f 2862/2862 2880/2880 2879/2879
f 2996/2996 2997/2997 2998/2998
f 2862/2862 2861/2861 2880/2880
f 2999/2999 2927/2927 2883/2883
f 2956/2956 3000/3000 2906/2906
f 2875/2875 3001/3001 3002/3002
f 2912/2912 2875/2875 3002/3002
f 2908/2908 2912/2912 3002/3002
f 2921/2921 2932/2932 2933/2933
f 72/72 93/93 76/76
f 3003/3003 2928/2928 2877/2877
f 2936/2936 2935/2935 3004/3004
f 3005/3005 3006/3006 3007/3007
f 2893/2893 2966/2966 2895/2895
f 2932/2932 3003/3003 2876/2876
f 2936/2936 3004/3004 3008/3008
f 3009/3009 3010/3010 2867/2867
f 2855/2855 3005/3005 2856/2856
f 3011/3011 2890/2890 2889/2889
f 2854/2854 3007/3007 2973/2973
f 2947/2947 3012/3012 2971/2971
f 2886/2886 129/129 2887/2887
f 3001/3001 2964/2964 2963/2963
f 2961/2961 3013/3013 2971/2971
f 3013/3013 3014/3014 2971/2971
f 2885/2885 2887/2887 3015/3015
f 3016/3016 2969/2969 2968/2968
f 2850/2850 2888/2888 2851/2851
f 2971/2971 3012/3012 2886/2886
f 3017/3017 2930/2930 2910/2910
f 2887/2887 131/131 3015/3015
f 147/147 2979/2979 2981/2981
f 2854/2854 2856/2856 3007/3007
f 2909/2909 2894/2894 2896/2896
f 2850/2850 2990/2990 2852/2852
f 3001/3001 2870/2870 2964/2964
f 2892/2892 2966/2966 2893/2893
f 3018/3018 3019/3019 3016/3016
f 2892/2892 3020/3020 2966/2966
f 3018/3018 3016/3016 2968/2968
f 3021/3021 3022/3022 3023/3023
f 2999/2999 3024/3024 2927/2927
f 3025/3025 2991/2991 3010/3010
f 2931/2931 2930/2930 2994/2994
f 2972/2972 2892/2892 2894/2894
f 3009/3009 3010/3010 3025/3025
f 3002/3002 2963/2963 2908/2908
f 3025/3025 2991/2991 2989/2989
f 2857/2857 3026/3026 2858/2858
f 3027/3027 2984/2984 2983/2983
f 2845/2845 3028/3028 3029/3029
f 2983/2983 3018/3018 2968/2968
f 2866/2866 3009/3009 2867/2867
f 2906/2906 2858/2858 2957/2957
f 2858/2858 2973/2973 3030/3030
f 2900/2900 3031/3031 2881/2881
f 2865/2865 3032/3032 2866/2866
f 2858/2858 3030/3030 2995/2995
f 2970/2970 2865/2865 2969/2969
f 3033/3033 2996/2996 3034/3034
f 3035/3035 2881/2881 3031/3031
f 3026/3026 2950/2950 2858/2858
f 2865/2865 3036/3036 2969/2969
f 3033/3033 3034/3034 503/503
f 2941/2941 2943/2943 3/3
f 2925/2925 2891/2891 2890/2890
f 2851/2851 2888/2888 2852/2852
f 2989/2989 2850/2850 2990/2990
f 504/504 2997/2997 502/502
f 3037/3037 2898/2898 2897/2897
f 2987/2987 2941/2941 2928/2928
f 2957/2957 2858/2858 2995/2995
f 2873/2873 2962/2962 2874/2874
f 3029/3029 2977/2977 2846/2846
f 3038/3038 3036/3036 3039/3039
f 2887/2887 129/129 131/131
f 3040/3040 2911/2911 3041/3041
f 2853/2853 3042/3042 2986/2986
f 2845/2845 3029/3029 2846/2846
f 2900/2900 3035/3035 3031/3031
f 2900/2900 2881/2881 3035/3035
f 2949/2949 2973/2973 2858/2858
f 2897/2897 2977/2977 3043/3043
f 2972/2972 2931/2931 2994/2994
f 2909/2909 3017/3017 2910/2910
f 2940/2940 2933/2933 2876/2876
f 2878/2878 2940/2940 2876/2876
f 2903/2903 2939/2939 2938/2938
f 3044/3044 3045/3045 3005/3005
f 2853/2853 454/454 3042/3042
f 3003/3003 3046/3046 2928/2928
f 2994/2994 2956/2956 2957/2957
f 2895/2895 2967/2967 2955/2955
f 3047/3047 2936/2936 3008/3008
f 3048/3048 3049/3049 3050/3050
f 3049/3049 125/125 3051/3051
f 3052/3052 3053/3053 3048/3048
f 3054/3054 3055/3055 126/126
f 2882/2882 2999/2999 2883/2883
f 3056/3056 3048/3048 3057/3057
f 127/127 3055/3055 3058/3058
f 3048/3048 3059/3059 3049/3049
f 3059/3059 3054/3054 126/126
f 3048/3048 3054/3054 3059/3059
f 126/126 3055/3055 127/127
f 3053/3053 3060/3060 3058/3058
f 3053/3053 3058/3058 3048/3048
f 3048/3048 3055/3055 3054/3054
f 2907/2907 2875/2875 2912/2912
f 3048/3048 3058/3058 3055/3055
f 127/127 3058/3058 3060/3060
f 2921/2921 2920/2920 3061/3061
f 3057/3057 3048/3048 3050/3050
f 3062/3062 3063/3063 3050/3050
f 2943/2943 2936/2936 3047/3047
f 3049/3049 3059/3059 125/125
f 3050/3050 3051/3051 3064/3064
f 3064/3064 3065/3065 3062/3062
f 2958/2958 3066/3066 2913/2913
f 2936/2936 2943/2943 2934/2934
f 3059/3059 126/126 125/125
f 2875/2875 2874/2874 3001/3001
f 2969/2969 3039/3039 3016/3016
f 72/72 81/81 93/93
f 2950/2950 2949/2949 2858/2858
f 2919/2919 3047/3047 3008/3008
f 3067/3067 3065/3065 3064/3064
f 2882/2882 3006/3006 2999/2999
f 3033/3033 2997/2997 2996/2996
f 2874/2874 2868/2868 2870/2870
f 2899/2899 2975/2975 2898/2898
f 2860/2860 2975/2975 2899/2899
f 3002/3002 3001/3001 2963/2963
f 2969/2969 3068/3068 3039/3039
f 502/502 2997/2997 3033/3033
f 2873/2873 2908/2908 2963/2963
f 2902/2902 2937/2937 2939/2939
f 3007/3007 3006/3006 2882/2882
f 3005/3005 3045/3045 3006/3006
f 3069/3069 2969/2969 3039/3039
f 2919/2919 3008/3008 3004/3004
f 2873/2873 2963/2963 2962/2962
f 3021/3021 2982/2982 3022/3022
f 2872/2872 2982/2982 3021/3021
f 2885/2885 3015/3015 2974/2974
f 3070/3070 2960/2960 2885/2885
f 3014/3014 2945/2945 2947/2947
f 131/131 2974/2974 3015/3015
f 3003/3003 2877/2877 2876/2876
f 3005/3005 3007/3007 2856/2856
f 3071/3071 3043/3043 2862/2862
f 3066/3066 3072/3072 3073/3073
f 2913/2913 3066/3066 3074/3074
f 3074/3074 3066/3066 3073/3073
f 3075/3075 2913/2913 3074/3074
f 2914/2914 2913/2913 3075/3075
f 2901/2901 2937/2937 2902/2902
f 2965/2965 2885/2885 2863/2863
f 2885/2885 2974/2974 2863/2863
f 2959/2959 3076/3076 2958/2958
f 2958/2958 3077/3077 3078/3078
f 3066/3066 3078/3078 3072/3072
f 2957/2957 2995/2995 2994/2994
f 2874/2874 2870/2870 3001/3001
f 2928/2928 2941/2941 3/3
f 2958/2958 3076/3076 3077/3077
f 3066/3066 2958/2958 3078/3078
f 2902/2902 2939/2939 2903/2903
f 3050/3050 3049/3049 3051/3051
f 2863/2863 2974/2974 130/130
f 502/502 3033/3033 503/503
f 3006/3006 3024/3024 2999/2999
f 2910/2910 2972/2972 2894/2894
f 3012/3012 3079/3079 129/129
f 2855/2855 3044/3044 3005/3005
f 2953/2953 3040/3040 2954/2954
f 152/152 3041/3041 2911/2911
f 3006/3006 3045/3045 3024/3024
f 3036/3036 3039/3039 2969/2969
f 3071/3071 3043/3043 2977/2977
f 3071/3071 2977/2977 3029/3029
f 3071/3071 2977/2977 3080/3080
f 2967/2967 2953/2953 2955/2955
f 2954/2954 3040/3040 3041/3041
f 3071/3071 3081/3081 2977/2977
f 3082/3082 2926/2926 2925/2925
f 3083/3083 2926/2926 3082/3082
f 2885/2885 2961/2961 2971/2971
f 3056/3056 3052/3052 3048/3048
f 3063/3063 3057/3057 3050/3050
f 3050/3050 3064/3064 3062/3062
f 2965/2965 3070/3070 2885/2885
f 2971/2971 3014/3014 2947/2947
f 2886/2886 3012/3012 129/129

g Object_default-grey.jpg

usemtl mat_24-default-grey.jpg

f 3084/3084 3085/3085 3086/3086
f 3087/3087 3088/3088 3089/3089
f 3090/3090 3091/3091 3092/3092
f 3093/3093 3094/3094 3095/3095
f 3089/3089 3088/3088 3096/3096
f 3090/3090 3097/3097 3098/3098
f 3099/3099 3100/3100 3101/3101
f 3102/3102 3100/3100 3103/3103
f 3104/3104 3105/3105 3106/3106
f 3107/3107 3108/3108 3109/3109
f 3110/3110 3111/3111 3112/3112
f 3113/3113 3106/3106 3114/3114
f 3115/3115 3116/3116 3117/3117
f 3113/3113 3104/3104 3106/3106
f 3102/3102 3118/3118 3100/3100
f 3084/3084 3116/3116 3105/3105
f 3107/3107 3109/3109 3119/3119
f 3087/3087 3120/3120 3088/3088
f 3121/3121 3122/3122 3123/3123
f 3102/3102 3103/3103 3124/3124
f 3125/3125 3126/3126 3127/3127
f 3128/3128 3129/3129 3130/3130
f 3127/3127 3131/3131 3132/3132
f 3094/3094 3133/3133 3134/3134
f 3094/3094 3135/3135 3136/3136
f 251/251 3127/3127 275/275
f 275/275 3127/3127 261/261
f 261/261 3127/3127 287/287
f 287/287 3127/3127 281/281
f 3127/3127 3094/3094 273/273
f 273/273 3094/3094 267/267
f 267/267 3094/3094 3131/3131
f 291/291 3131/3131 258/258
f 258/258 3131/3131 253/253
f 253/253 3131/3131 277/277
f 277/277 3131/3131 279/279
f 279/279 3131/3131 3127/3127
f 270/270 3127/3127 290/290
f 3127/3127 251/251 290/290
f 3137/3137 3102/3102 3124/3124
f 3094/3094 3134/3134 3135/3135
f 3138/3138 3119/3119 3139/3139
f 3127/3127 244/244 236/236
f 3140/3140 236/236 3141/3141
f 3142/3142 3143/3143 3144/3144
f 3094/3094 3145/3145 3137/3137
f 3109/3109 3108/3108 3146/3146
f 3107/3107 3147/3147 3148/3148
f 3149/3149 3150/3150 3151/3151
f 3089/3089 3096/3096 3152/3152
f 3097/3097 3129/3129 3128/3128
f 3153/3153 3093/3093 3095/3095
f 3094/3094 3136/3136 3154/3154
f 3155/3155 3156/3156 3157/3157
f 3094/3094 3154/3154 3158/3158
f 3151/3151 3159/3159 3160/3160
f 3161/3161 3162/3162 3163/3163
f 3164/3164 3165/3165 3129/3129
f 3166/3166 3093/3093 3153/3153
f 3167/3167 3168/3168 3126/3126
f 3086/3086 3085/3085 3169/3169
f 3100/3100 3118/3118 3170/3170
f 3106/3106 3105/3105 3171/3171
f 3143/3143 3118/3118 3145/3145
f 3097/3097 3090/3090 3172/3172
f 3173/3173 3174/3174 3170/3170
f 3102/3102 3145/3145 3118/3118
f 3107/3107 3138/3138 3147/3147
f 3173/3173 3170/3170 3118/3118
f 3097/3097 3172/3172 3163/3163
f 3129/3129 3097/3097 3163/3163
f 3116/3116 3175/3175 3117/3117
f 3127/3127 3140/3140 3111/3111
f 3104/3104 3084/3084 3105/3105
f 3110/3110 3127/3127 3111/3111
f 3086/3086 3175/3175 3116/3116
f 3084/3084 3086/3086 3116/3116
f 3084/3084 3176/3176 3085/3085
f 3107/3107 3119/3119 3138/3138
f 3090/3090 3092/3092 3149/3149
f 3094/3094 3158/3158 3164/3164
f 3167/3167 3177/3177 3168/3168
f 3175/3175 3178/3178 3117/3117
f 3094/3094 3144/3144 3145/3145
f 3104/3104 3155/3155 3157/3157
f 3150/3150 3159/3159 3151/3151
f 3106/3106 3171/3171 3179/3179
f 3144/3144 3143/3143 3145/3145
f 3166/3166 3131/3131 3093/3093
f 3180/3180 3178/3178 3175/3175
f 3104/3104 3176/3176 3084/3084
f 3139/3139 3113/3113 3114/3114
f 3113/3113 3155/3155 3104/3104
f 3181/3181 3182/3182 3183/3183
f 3119/3119 3155/3155 3113/3113
f 3131/3131 3094/3094 3093/3093
f 3174/3174 3184/3184 3170/3170
f 3177/3177 3121/3121 3123/3123
f 3105/3105 3116/3116 3115/3115
f 3171/3171 3105/3105 3115/3115
f 3108/3108 3148/3148 3181/3181
f 3090/3090 3149/3149 3151/3151
f 3098/3098 3097/3097 3128/3128
f 3137/3137 3145/3145 3102/3102
f 3094/3094 3162/3162 3185/3185
f 3119/3119 3109/3109 3155/3155
f 3186/3186 3091/3091 3090/3090
f 3187/3187 3188/3188 3189/3189
f 3190/3190 3191/3191 3192/3192
f 3193/3193 3194/3194 3195/3195
f 3137/3137 3194/3194 3193/3193
f 3196/3196 3197/3197 3198/3198
f 3170/3170 3184/3184 3199/3199
f 3100/3100 3170/3170 3199/3199
f 3112/3112 3200/3200 3187/3187
f 3114/3114 3106/3106 3179/3179
f 3094/3094 3087/3087 3089/3089
f 3201/3201 3127/3127 3202/3202
f 3203/3203 3202/3202 3127/3127
f 3203/3203 3204/3204 3205/3205
f 3205/3205 3204/3204 3206/3206
f 3206/3206 3204/3204 3207/3207
f 3207/3207 3204/3204 3208/3208
f 3208/3208 3204/3204 3209/3209
f 3204/3204 3094/3094 3210/3210
f 3210/3210 3094/3094 3211/3211
f 3211/3211 3094/3094 3127/3127
f 3212/3212 3127/3127 3213/3213
f 3213/3213 3127/3127 3214/3214
f 3214/3214 3127/3127 3215/3215
f 3127/3127 3201/3201 3215/3215
f 3094/3094 3193/3193 3216/3216
f 3177/3177 3123/3123 3168/3168
f 3094/3094 3185/3185 3144/3144
f 3153/3153 3095/3095 3217/3217
f 3104/3104 3157/3157 3176/3176
f 3187/3187 3200/3200 3188/3188
f 3127/3127 3218/3218 3204/3204
f 3219/3219 3185/3185 3162/3162
f 3143/3143 3173/3173 3118/3118
f 3094/3094 3216/3216 3087/3087
f 3086/3086 3190/3190 3175/3175
f 3190/3190 3169/3169 3191/3191
f 3192/3192 3180/3180 3190/3190
f 3216/3216 3120/3120 3087/3087
f 3216/3216 3195/3195 3120/3120
f 3204/3204 3220/3220 3094/3094
f 3086/3086 3169/3169 3190/3190
f 3112/3112 3111/3111 3200/3200
f 3119/3119 3113/3113 3139/3139
f 3161/3161 3219/3219 3162/3162
f 3127/3127 3221/3221 3218/3218
f 3094/3094 3164/3164 3129/3129
f 3094/3094 3129/3129 3163/3163
f 3094/3094 3089/3089 3152/3152
f 3094/3094 3137/3137 3193/3193
f 3172/3172 3160/3160 3161/3161
f 3151/3151 3160/3160 3172/3172
f 3172/3172 3161/3161 3163/3163
f 3100/3100 3222/3222 3101/3101
f 3100/3100 3199/3199 3222/3222
f 3141/3141 236/236 244/244
f 3132/3132 244/244 3127/3127
f 3108/3108 3181/3181 3183/3183
f 3094/3094 3163/3163 3162/3162
f 407/407 3095/3095 406/406
f 406/406 3095/3095 3094/3094
f 401/401 3094/3094 396/396
f 396/396 3094/3094 397/397
f 397/397 3094/3094 368/368
f 368/368 3094/3094 373/373
f 402/402 373/373 3094/3094
f 402/402 3152/3152 399/399
f 399/399 3152/3152 361/361
f 361/361 3152/3152 3095/3095
f 362/362 3095/3095 405/405
f 405/405 3095/3095 371/371
f 371/371 3095/3095 376/376
f 3095/3095 407/407 376/376
f 3090/3090 3151/3151 3172/3172
f 3108/3108 3183/3183 3146/3146
f 3155/3155 3109/3109 3156/3156
f 3220/3220 3223/3223 3197/3197
f 3108/3108 3107/3107 3148/3148
f 3109/3109 3146/3146 3156/3156
f 3190/3190 3180/3180 3175/3175
f 3129/3129 3165/3165 3130/3130
f 3196/3196 3220/3220 3197/3197
f 3224/3224 3196/3196 3225/3225
f 3225/3225 3196/3196 3226/3226
f 3226/3226 3196/3196 3227/3227
f 3227/3227 3196/3196 3228/3228
f 3196/3196 3133/3133 3229/3229
f 3229/3229 3133/3133 3230/3230
f 3230/3230 3133/3133 3094/3094
f 3231/3231 3094/3094 3232/3232
f 3232/3232 3094/3094 3233/3233
f 3233/3233 3094/3094 3234/3234
f 3234/3234 3094/3094 3235/3235
f 3235/3235 3094/3094 3236/3236
f 3094/3094 3196/3196 3237/3237
f 3196/3196 3224/3224 3237/3237
f 3185/3185 3142/3142 3144/3144
f 3125/3125 3167/3167 3126/3126
f 3193/3193 3195/3195 3216/3216
f 3189/3189 3188/3188 3238/3238
f 3137/3137 3124/3124 3239/3239
f 3137/3137 3239/3239 3194/3194
f 3185/3185 3240/3240 3142/3142
f 3219/3219 3240/3240 3185/3185
f 3220/3220 3196/3196 3094/3094
f 3220/3220 3204/3204 3223/3223
f 3126/3126 3241/3241 3221/3221
f 256/256 251/251 275/275
f 272/272 275/275 261/261
f 262/262 261/261 287/287
f 289/289 287/287 281/281
f 281/281 3127/3127 273/273
f 266/266 273/273 267/267
f 291/291 267/267 3131/3131
f 257/257 291/291 258/258
f 285/285 258/258 253/253
f 254/254 253/253 277/277
f 283/283 277/277 279/279
f 270/270 279/279 3127/3127
f 265/265 270/270 290/290
f 3140/3140 3127/3127 236/236
f 3242/3242 3201/3201 3202/3202
f 3204/3204 3203/3203 3127/3127
f 3243/3243 3203/3203 3205/3205
f 3244/3244 3205/3205 3206/3206
f 3245/3245 3206/3206 3207/3207
f 3246/3246 3207/3207 3208/3208
f 3247/3247 3208/3208 3209/3209
f 3209/3209 3204/3204 3210/3210
f 3248/3248 3210/3210 3211/3211
f 3212/3212 3211/3211 3127/3127
f 3249/3249 3212/3212 3213/3213
f 3250/3250 3213/3213 3214/3214
f 3251/3251 3214/3214 3215/3215
f 3132/3132 3141/3141 244/244
f 398/398 407/407 406/406
f 401/401 406/406 3094/3094
f 395/395 401/401 396/396
f 400/400 396/396 397/397
f 367/367 397/397 368/368
f 372/372 368/368 373/373
f 3152/3152 402/402 3094/3094
f 403/403 402/402 399/399
f 380/380 399/399 361/361
f 362/362 361/361 3095/3095
f 378/378 362/362 405/405
f 370/370 405/405 371/371
f 365/365 371/371 376/376
f 3252/3252 3224/3224 3225/3225
f 3253/3253 3225/3225 3226/3226
f 3254/3254 3226/3226 3227/3227
f 3255/3255 3227/3227 3228/3228
f 3228/3228 3196/3196 3229/3229
f 3256/3256 3229/3229 3230/3230
f 3231/3231 3230/3230 3094/3094
f 3257/3257 3231/3231 3232/3232
f 3258/3258 3232/3232 3233/3233
f 3259/3259 3233/3233 3234/3234
f 3260/3260 3234/3234 3235/3235
f 3261/3261 3235/3235 3236/3236
f 3236/3236 3094/3094 3237/3237
f 3127/3127 3126/3126 3221/3221

g Object_default-grey.jpg

usemtl mat_25-default-grey.jpg

f 3262/3262 3263/3263 202/202
f 3264/3264 211/211 210/210
f 3265/3265 209/209 208/208
f 243/243 221/221 3266/3266
f 3267/3267 207/207 206/206
f 3268/3268 213/213 212/212
f 220/220 219/219 3269/3269
f 3262/3262 3270/3270 3271/3271
f 3262/3262 3272/3272 3273/3273
f 3274/3274 3263/3263 3273/3273
f 3274/3274 3265/3265 3275/3275
f 3267/3267 3276/3276 3275/3275
f 3267/3267 3268/3268 3277/3277
f 3264/3264 3278/3278 3277/3277
f 3264/3264 3279/3279 3280/3280
f 3281/3281 3282/3282 3280/3280
f 3269/3269 3281/3281 3283/3283
f 3269/3269 3284/3284 3266/3266
f 3285/3285 3286/3286 3287/3287
f 221/221 220/220 3288/3288
f 3289/3289 3290/3290 3291/3291
f 3276/3276 206/206 203/203
f 3292/3292 3293/3293 3294/3294
f 3289/3289 3295/3295 3290/3290
f 218/218 243/243 3284/3284
f 3273/3273 3272/3272 205/205
f 216/216 218/218 3283/3283
f 3292/3292 3294/3294 3296/3296
f 3279/3279 217/217 216/216
f 3277/3277 212/212 217/217
f 3297/3297 3293/3293 3298/3298
f 3270/3270 3262/3262 201/201
f 3278/3278 210/210 207/207
f 3272/3272 3271/3271 199/199
f 3282/3282 214/214 211/211
f 3290/3290 3295/3295 3299/3299
f 3285/3285 3300/3300 3286/3286
f 3263/3263 3274/3274 203/203
f 3271/3271 3270/3270 200/200
f 3275/3275 208/208 213/213
f 219/219 215/215 3281/3281
f 3301/3301 3285/3285 3287/3287
f 3298/3298 3293/3293 3292/3292
f 3296/3296 3294/3294 3297/3297
f 3290/3290 3299/3299 3291/3291
f 3273/3273 204/204 209/209
f 3297/3297 3298/3298 3296/3296
f 3281/3281 215/215 214/214
f 201/201 3262/3262 202/202
f 3278/3278 3264/3264 210/210
f 3275/3275 3265/3265 208/208
f 3284/3284 243/243 3266/3266
f 3276/3276 3267/3267 206/206
f 3277/3277 3268/3268 212/212
f 3288/3288 220/220 3269/3269
f 3272/3272 3262/3262 3271/3271
f 3263/3263 3262/3262 3273/3273
f 3265/3265 3274/3274 3273/3273
f 3276/3276 3274/3274 3275/3275
f 3268/3268 3267/3267 3275/3275
f 3278/3278 3267/3267 3277/3277
f 3279/3279 3264/3264 3277/3277
f 3282/3282 3264/3264 3280/3280
f 3283/3283 3281/3281 3280/3280
f 3284/3284 3269/3269 3283/3283
f 3288/3288 3269/3269 3266/3266
f 3266/3266 221/221 3288/3288
f 3274/3274 3276/3276 203/203
f 3283/3283 218/218 3284/3284
f 204/204 3273/3273 205/205
f 3280/3280 216/216 3283/3283
f 3280/3280 3279/3279 216/216
f 3279/3279 3277/3277 217/217
f 200/200 3270/3270 201/201
f 3267/3267 3278/3278 207/207
f 205/205 3272/3272 199/199
f 3264/3264 3282/3282 211/211
f 202/202 3263/3263 203/203
f 199/199 3271/3271 200/200
f 3268/3268 3275/3275 213/213
f 3269/3269 219/219 3281/3281
f 3265/3265 3273/3273 209/209
f 3282/3282 3281/3281 214/214

g Object_f1_sp_sb.jpg

usemtl mat_26-f1_sp_sb.jpg

f 3302/3302 3303/3303 3304/3304
f 3305/3305 3306/3306 3307/3307
f 3308/3308 3309/3309 3310/3310
f 3311/3311 3312/3312 3313/3313
f 3314/3314 3315/3315 3316/3316
f 3317/3317 3318/3318 3319/3319
f 3320/3320 3321/3321 3322/3322
f 3323/3323 3324/3324 3325/3325
f 3326/3326 3327/3327 3315/3315
f 3328/3328 3329/3329 3330/3330
f 3331/3331 3307/3307 3312/3312
f 3332/3332 3333/3333 3334/3334
f 3335/3335 3336/3336 3337/3337
f 3338/3338 3339/3339 3312/3312
f 3302/3302 3327/3327 3340/3340
f 3324/3324 3341/3341 3325/3325
f 3331/3331 3312/3312 3311/3311
f 3326/3326 3323/3323 3340/3340
f 3342/3342 3343/3343 3344/3344
f 3345/3345 3315/3315 3346/3346
f 3302/3302 3340/3340 3303/3303
f 3347/3347 3309/3309 3308/3308
f 3326/3326 3348/3348 3324/3324
f 3343/3343 3318/3318 3317/3317
f 3349/3349 3350/3350 3351/3351
f 3352/3352 3326/3326 3353/3353
f 3354/3354 3342/3342 3344/3344
f 3354/3354 3355/3355 3342/3342
f 3350/3350 3356/3356 3357/3357
f 3332/3332 3356/3356 3350/3350
f 3328/3328 3330/3330 3306/3306
f 3304/3304 3303/3303 3358/3358
f 3351/3351 3359/3359 3319/3319
f 3326/3326 3315/3315 3314/3314
f 3360/3360 3321/3321 3361/3361
f 3351/3351 3362/3362 3363/3363
f 3328/3328 3306/3306 3305/3305
f 3357/3357 3362/3362 3351/3351
f 3364/3364 3365/3365 3328/3328
f 3321/3321 3360/3360 3366/3366
f 3309/3309 3364/3364 3310/3310
f 3334/3334 3356/3356 3332/3332
f 3345/3345 3346/3346 3364/3364
f 3315/3315 3345/3345 3316/3316
f 3333/3333 3347/3347 3334/3334
f 3318/3318 3335/3335 3337/3337
f 3347/3347 3308/3308 3334/3334
f 3367/3367 3355/3355 3354/3354
f 3337/3337 3336/3336 3332/3332
f 3322/3322 3366/3366 3368/3368
f 3322/3322 3368/3368 3369/3369
f 3370/3370 3320/3320 3322/3322
f 3309/3309 3345/3345 3364/3364
f 3309/3309 3371/3371 3345/3345
f 3366/3366 3360/3360 3372/3372
f 3341/3341 3373/3373 3325/3325
f 3348/3348 3322/3322 3341/3341
f 3318/3318 3349/3349 3319/3319
f 3326/3326 3352/3352 3348/3348
f 3336/3336 3333/3333 3332/3332
f 3344/3344 3343/3343 3317/3317
f 3349/3349 3351/3351 3319/3319
f 3312/3312 3339/3339 3313/3313
f 3350/3350 3357/3357 3351/3351
f 3346/3346 3302/3302 3304/3304
f 3364/3364 3305/3305 3310/3310
f 3364/3364 3328/3328 3305/3305
f 3318/3318 3337/3337 3349/3349
f 3374/3374 3305/3305 3307/3307
f 3370/3370 3322/3322 3348/3348
f 3351/3351 3363/3363 3359/3359
f 3374/3374 3307/3307 3331/3331
f 3327/3327 3326/3326 3340/3340
f 3362/3362 3311/3311 3375/3375
f 3326/3326 3324/3324 3323/3323
f 3376/3376 3311/3311 3362/3362
f 3376/3376 3331/3331 3311/3311
f 3322/3322 3369/3369 3377/3377
f 3315/3315 3327/3327 3302/3302
f 3362/3362 3375/3375 3363/3363
f 3332/3332 3350/3350 3337/3337
f 3353/3353 3326/3326 3314/3314
f 3365/3365 3346/3346 3304/3304
f 3365/3365 3329/3329 3328/3328
f 3346/3346 3315/3315 3302/3302
f 3341/3341 3322/3322 3373/3373
f 3367/3367 3354/3354 3378/3378
f 3349/3349 3337/3337 3350/3350
f 3322/3322 3377/3377 3373/3373
f 3346/3346 3365/3365 3364/3364
f 3374/3374 3310/3310 3305/3305
f 3365/3365 3304/3304 3329/3329
f 3322/3322 3321/3321 3366/3366
f 3324/3324 3348/3348 3341/3341

g Object_default-grey.jpg

usemtl mat_27-default-grey.jpg

f 3379/3379 3260/3260 3235/3235
f 3380/3380 3381/3381 3225/3225
f 3256/3256 3230/3230 3382/3382
f 3383/3383 3235/3235 3261/3261
f 3384/3384 3385/3385 3215/3215
f 3386/3386 3227/3227 3255/3255
f 3230/3230 3231/3231 3387/3387
f 3388/3388 3212/3212 3249/3249
f 3210/3210 3248/3248 3389/3389
f 3209/3209 3210/3210 3390/3390
f 3391/3391 3244/3244 3206/3206
f 3014/3014 2945/2945 2946/2946
f 3014/3014 3392/3392 3013/3013
f 3393/3393 3258/3258 3233/3233
f 3394/3394 3395/3395 3396/3396
f 3207/3207 3246/3246 3397/3397
f 3229/3229 3256/3256 3398/3398
f 3399/3399 3249/3249 3213/3213
f 3246/3246 3208/3208 3400/3400
f 3401/3401 3226/3226 3254/3254
f 3402/3402 3233/3233 3259/3259
f 3403/3403 3255/3255 3228/3228
f 3404/3404 3405/3405 3202/3202
f 3404/3404 3203/3203 3243/3243
f 3405/3405 3406/3406 3242/3242
f 3407/3407 3408/3408 3214/3214
f 3394/3394 3409/3409 3395/3395
f 3410/3410 3228/3228 3229/3229
f 3411/3411 3412/3412 3261/3261
f 3385/3385 3407/3407 3251/3251
f 3413/3413 3250/3250 3214/3214
f 3384/3384 3406/3406 3405/3405
f 3407/3407 3385/3385 3405/3405
f 3407/3407 3404/3404 3414/3414
f 3413/3413 3408/3408 3414/3414
f 3415/3415 3413/3413 3416/3416
f 3415/3415 3391/3391 3417/3417
f 3388/3388 3399/3399 3417/3417
f 3388/3388 3418/3418 3419/3419
f 3420/3420 3419/3419 3397/3397
f 3390/3390 3389/3389 3397/3397
f 3390/3390 3400/3400 3421/3421
f 3422/3422 3423/3423 3424/3424
f 3422/3422 3381/3381 3380/3380
f 3412/3412 3411/3411 3380/3380
f 3383/3383 3412/3412 3401/3401
f 3383/3383 3425/3425 3386/3386
f 3426/3426 3379/3379 3386/3386
f 3426/3426 3403/3403 3410/3410
f 3402/3402 3427/3427 3410/3410
f 3402/3402 3428/3428 3398/3398
f 3429/3429 3393/3393 3398/3398
f 3430/3430 3429/3429 3382/3382
f 3247/3247 3209/3209 3431/3431
f 3232/3232 3258/3258 3393/3393
f 3414/3414 3243/3243 3205/3205
f 3416/3416 3205/3205 3244/3244
f 3418/3418 3245/3245 3207/3207
f 3406/3406 3384/3384 3201/3201
f 3424/3424 3423/3423 3224/3224
f 3389/3389 3248/3248 3211/3211
f 3257/3257 3232/3232 3429/3429
f 3422/3422 3411/3411 3236/3236
f 3423/3423 3422/3422 3237/3237
f 3231/3231 3257/3257 3430/3430
f 3381/3381 3424/3424 3252/3252
f 3208/3208 3247/3247 3421/3421
f 3425/3425 3254/3254 3227/3227
f 3415/3415 3213/3213 3250/3250
f 3426/3426 3234/3234 3260/3260
f 3380/3380 3253/3253 3226/3226
f 3427/3427 3259/3259 3234/3234
f 3417/3417 3206/3206 3245/3245
f 3052/3052 3432/3432 3057/3057
f 3057/3057 3432/3432 3063/3063
f 3067/3067 3065/3065 3062/3062
f 3067/3067 3063/3063 3432/3432
f 3433/3433 3434/3434 3435/3435
f 2961/2961 3013/3013 3392/3392
f 2960/2960 3392/3392 3070/3070
f 3420/3420 3211/3211 3212/3212
f 3435/3435 3434/3434 3436/3436
f 3383/3383 3379/3379 3235/3235
f 3253/3253 3380/3380 3225/3225
f 3398/3398 3256/3256 3382/3382
f 3412/3412 3383/3383 3261/3261
f 3201/3201 3384/3384 3215/3215
f 3403/3403 3386/3386 3255/3255
f 3382/3382 3230/3230 3387/3387
f 3399/3399 3388/3388 3249/3249
f 3390/3390 3210/3210 3389/3389
f 3431/3431 3209/3209 3390/3390
f 3417/3417 3391/3391 3206/3206
f 3392/3392 3014/3014 2946/2946
f 3402/3402 3393/3393 3233/3233
f 3419/3419 3207/3207 3397/3397
f 3428/3428 3229/3229 3398/3398
f 3415/3415 3399/3399 3213/3213
f 3397/3397 3246/3246 3400/3400
f 3425/3425 3401/3401 3254/3254
f 3427/3427 3402/3402 3259/3259
f 3410/3410 3403/3403 3228/3228
f 3203/3203 3404/3404 3202/3202
f 3414/3414 3404/3404 3243/3243
f 3202/3202 3405/3405 3242/3242
f 3251/3251 3407/3407 3214/3214
f 3428/3428 3410/3410 3229/3229
f 3236/3236 3411/3411 3261/3261
f 3215/3215 3385/3385 3251/3251
f 3408/3408 3413/3413 3214/3214
f 3385/3385 3384/3384 3405/3405
f 3404/3404 3407/3407 3405/3405
f 3408/3408 3407/3407 3414/3414
f 3416/3416 3413/3413 3414/3414
f 3391/3391 3415/3415 3416/3416
f 3399/3399 3415/3415 3417/3417
f 3418/3418 3388/3388 3417/3417
f 3420/3420 3388/3388 3419/3419
f 3389/3389 3420/3420 3397/3397
f 3400/3400 3390/3390 3397/3397
f 3431/3431 3390/3390 3421/3421
f 3381/3381 3422/3422 3424/3424
f 3411/3411 3422/3422 3380/3380
f 3401/3401 3412/3412 3380/3380
f 3425/3425 3383/3383 3401/3401
f 3379/3379 3383/3383 3386/3386
f 3403/3403 3426/3426 3386/3386
f 3427/3427 3426/3426 3410/3410
f 3428/3428 3402/3402 3410/3410
f 3393/3393 3402/3402 3398/3398
f 3382/3382 3429/3429 3398/3398
f 3387/3387 3430/3430 3382/3382
f 3421/3421 3247/3247 3431/3431
f 3429/3429 3232/3232 3393/3393
f 3416/3416 3414/3414 3205/3205
f 3391/3391 3416/3416 3244/3244
f 3419/3419 3418/3418 3207/3207
f 3242/3242 3406/3406 3201/3201
f 3252/3252 3424/3424 3224/3224
f 3420/3420 3389/3389 3211/3211
f 3430/3430 3257/3257 3429/3429
f 3237/3237 3422/3422 3236/3236
f 3224/3224 3423/3423 3237/3237
f 3387/3387 3231/3231 3430/3430
f 3225/3225 3381/3381 3252/3252
f 3400/3400 3208/3208 3421/3421
f 3386/3386 3425/3425 3227/3227
f 3413/3413 3415/3415 3250/3250
f 3379/3379 3426/3426 3260/3260
f 3401/3401 3380/3380 3226/3226
f 3426/3426 3427/3427 3234/3234
f 3418/3418 3417/3417 3245/3245
f 3056/3056 3052/3052 3057/3057
f 3063/3063 3067/3067 3062/3062
f 2960/2960 2961/2961 3392/3392
f 3388/3388 3420/3420 3212/3212

g Object_default-grey.jpg

usemtl mat_28-default-grey.jpg

f 3437/3437 3438/3438 3439/3439
f 3440/3440 3441/3441 3442/3442
f 3443/3443 3444/3444 3445/3445
f 3446/3446 3447/3447 3448/3448
f 3449/3449 3450/3450 3451/3451
f 3452/3452 3453/3453 3454/3454
f 3455/3455 3456/3456 3457/3457
f 3458/3458 3459/3459 3460/3460
f 3461/3461 3462/3462 3463/3463
f 3464/3464 3465/3465 3466/3466
f 3467/3467 3455/3455 3468/3468
f 3469/3469 3470/3470 3471/3471
f 3471/3471 3472/3472 3473/3473
f 3474/3474 3475/3475 3476/3476
f 3477/3477 3478/3478 3479/3479
f 3480/3480 3446/3446 3448/3448
f 3481/3481 3482/3482 3483/3483
f 3454/3454 3484/3484 3452/3452
f 3485/3485 3438/3438 3486/3486
f 3487/3487 3488/3488 3489/3489
f 3490/3490 3491/3491 3492/3492
f 3493/3493 3494/3494 3495/3495
f 3496/3496 3497/3497 3498/3498
f 3499/3499 3500/3500 3501/3501
f 3502/3502 3503/3503 3504/3504
f 3505/3505 3506/3506 3507/3507
f 3508/3508 3509/3509 3510/3510
f 3511/3511 3512/3512 3513/3513
f 3514/3514 3515/3515 3516/3516
f 3489/3489 3517/3517 3518/3518
f 3519/3519 3520/3520 3521/3521
f 3522/3522 3523/3523 3524/3524
f 3509/3509 3525/3525 3510/3510
f 3520/3520 3526/3526 3521/3521
f 3527/3527 3528/3528 3453/3453
f 3529/3529 3530/3530 3531/3531
f 3532/3532 3533/3533 3534/3534
f 3535/3535 3536/3536 3537/3537
f 3538/3538 3539/3539 3540/3540
f 3538/3538 3541/3541 3539/3539
f 3542/3542 3543/3543 3544/3544
f 3545/3545 3546/3546 3547/3547
f 3548/3548 3549/3549 3550/3550
f 3551/3551 3552/3552 3553/3553
f 3528/3528 3475/3475 3474/3474
f 3554/3554 3555/3555 3556/3556
f 3557/3557 3558/3558 3559/3559
f 3560/3560 3561/3561 3562/3562
f 3501/3501 3563/3563 3532/3532
f 3564/3564 3565/3565 3566/3566
f 3567/3567 3457/3457 3568/3568
f 3532/3532 3563/3563 3569/3569
f 3570/3570 3571/3571 3572/3572
f 3573/3573 3574/3574 3560/3560
f 3506/3506 3575/3575 3513/3513
f 3576/3576 3577/3577 3578/3578
f 3509/3509 3579/3579 3580/3580
f 3581/3581 3582/3582 3583/3583
f 3584/3584 3560/3560 3585/3585
f 3586/3586 3587/3587 3588/3588
f 3517/3517 3589/3589 3495/3495
f 3590/3590 3444/3444 3443/3443
f 3591/3591 3592/3592 3543/3543
f 3593/3593 3594/3594 3595/3595
f 3596/3596 3597/3597 3598/3598
f 3506/3506 3513/3513 3512/3512
f 3599/3599 3600/3600 3601/3601
f 3602/3602 3447/3447 3603/3603
f 3604/3604 3605/3605 3606/3606
f 3607/3607 3608/3608 3586/3586
f 3609/3609 3610/3610 3567/3567
f 3611/3611 3612/3612 3503/3503
f 3613/3613 3614/3614 3473/3473
f 3525/3525 3615/3615 3608/3608
f 3616/3616 3617/3617 3618/3618
f 3540/3540 3619/3619 3526/3526
f 3620/3620 3621/3621 3555/3555
f 3590/3590 3622/3622 3444/3444
f 3623/3623 3624/3624 3625/3625
f 3626/3626 3627/3627 3628/3628
f 3629/3629 3630/3630 3631/3631
f 3632/3632 3633/3633 3634/3634
f 3484/3484 3635/3635 3618/3618
f 3487/3487 3518/3518 3636/3636
f 3634/3634 3529/3529 3531/3531
f 3637/3637 3638/3638 3639/3639
f 3640/3640 3641/3641 3642/3642
f 3643/3643 3594/3594 3593/3593
f 3644/3644 3484/3484 3618/3618
f 3645/3645 3455/3455 3646/3646
f 3455/3455 3567/3567 3610/3610
f 3612/3612 3647/3647 3503/3503
f 3487/3487 3489/3489 3518/3518
f 3648/3648 3649/3649 3650/3650
f 3455/3455 3523/3523 3651/3651
f 3652/3652 3653/3653 3625/3625
f 3654/3654 3655/3655 3656/3656
f 3657/3657 3658/3658 3565/3565
f 3659/3659 3440/3440 3442/3442
f 3660/3660 3661/3661 3448/3448
f 3598/3598 3662/3662 3596/3596
f 3663/3663 3664/3664 3665/3665
f 3580/3580 3579/3579 3666/3666
f 3667/3667 3668/3668 3669/3669
f 3654/3654 3656/3656 3670/3670
f 3534/3534 3671/3671 3672/3672
f 3649/3649 3578/3578 3673/3673
f 3601/3601 3600/3600 3674/3674
f 3615/3615 3675/3675 3587/3587
f 3615/3615 3587/3587 3586/3586
f 3460/3460 3459/3459 3676/3676
f 3453/3453 3550/3550 3677/3677
f 3671/3671 3678/3678 3563/3563
f 3679/3679 3524/3524 3455/3455
f 3680/3680 3681/3681 3682/3682
f 3626/3626 3628/3628 3683/3683
f 3684/3684 3685/3685 3611/3611
f 3686/3686 3687/3687 3688/3688
f 3684/3684 3689/3689 3685/3685
f 3690/3690 3687/3687 3686/3686
f 3691/3691 3496/3496 3654/3654
f 3683/3683 3628/3628 3692/3692
f 3439/3439 3438/3438 3485/3485
f 3495/3495 3494/3494 3693/3693
f 3551/3551 3553/3553 3694/3694
f 3695/3695 3696/3696 3697/3697
f 3698/3698 3699/3699 3700/3700
f 3628/3628 3627/3627 3701/3701
f 3702/3702 3703/3703 3704/3704
f 3705/3705 3580/3580 3706/3706
f 3707/3707 3708/3708 3709/3709
f 3576/3576 3461/3461 3577/3577
f 3579/3579 3710/3710 3666/3666
f 3612/3612 3708/3708 3647/3647
f 3685/3685 3612/3612 3611/3611
f 3711/3711 3712/3712 3713/3713
f 3617/3617 3714/3714 3618/3618
f 3715/3715 3716/3716 3717/3717
f 3439/3439 3584/3584 3437/3437
f 3560/3560 3562/3562 3718/3718
f 3719/3719 3463/3463 3720/3720
f 3499/3499 3721/3721 3722/3722
f 3723/3723 3704/3704 3724/3724
f 3574/3574 3573/3573 3485/3485
f 3725/3725 3726/3726 3724/3724
f 3498/3498 3681/3681 3727/3727
f 3728/3728 3536/3536 3535/3535
f 3632/3632 3711/3711 3729/3729
f 3730/3730 3511/3511 3450/3450
f 3636/3636 3657/3657 3731/3731
f 3532/3532 3569/3569 3533/3533
f 3732/3732 3733/3733 3674/3674
f 3721/3721 3499/3499 3501/3501
f 3548/3548 3550/3550 3734/3734
f 3655/3655 3498/3498 3735/3735
f 3736/3736 3729/3729 3737/3737
f 3736/3736 3738/3738 3729/3729
f 3724/3724 3726/3726 3739/3739
f 3740/3740 3741/3741 3464/3464
f 3445/3445 3742/3742 3443/3443
f 3488/3488 3743/3743 3489/3489
f 3492/3492 3491/3491 3744/3744
f 3680/3680 3727/3727 3681/3681
f 3745/3745 3746/3746 3747/3747
f 3496/3496 3498/3498 3655/3655
f 3665/3665 3458/3458 3460/3460
f 3485/3485 3573/3573 3439/3439
f 3544/3544 3592/3592 3640/3640
f 3689/3689 3748/3748 3545/3545
f 3604/3604 3749/3749 3750/3750
f 3672/3672 3722/3722 3721/3721
f 3751/3751 3514/3514 3752/3752
f 3717/3717 3716/3716 3753/3753
f 3754/3754 3714/3714 3617/3617
f 3716/3716 3599/3599 3753/3753
f 3496/3496 3655/3655 3654/3654
f 3630/3630 3510/3510 3607/3607
f 3453/3453 3734/3734 3550/3550
f 3755/3755 3735/3735 3727/3727
f 3756/3756 3602/3602 3603/3603
f 3728/3728 3757/3757 3536/3536
f 3758/3758 3759/3759 3760/3760
f 3560/3560 3718/3718 3761/3761
f 3560/3560 3761/3761 3762/3762
f 3763/3763 3514/3514 3751/3751
f 3750/3750 3764/3764 3765/3765
f 3560/3560 3492/3492 3561/3561
f 3457/3457 3456/3456 3766/3766
f 3608/3608 3615/3615 3586/3586
f 3687/3687 3684/3684 3767/3767
f 3768/3768 3602/3602 3756/3756
f 3767/3767 3611/3611 3502/3502
f 3769/3769 3770/3770 3771/3771
f 3452/3452 3644/3644 3772/3772
f 3773/3773 3651/3651 3523/3523
f 3557/3557 3774/3774 3558/3558
f 3750/3750 3765/3765 3775/3775
f 3459/3459 3776/3776 3676/3676
f 3777/3777 3646/3646 3778/3778
f 3779/3779 3780/3780 3591/3591
f 3474/3474 3476/3476 3781/3781
f 3582/3582 3559/3559 3455/3455
f 3782/3782 3709/3709 3783/3783
f 3453/3453 3728/3728 3535/3535
f 3648/3648 3578/3578 3649/3649
f 3650/3650 3784/3784 3576/3576
f 3446/3446 3731/3731 3447/3447
f 3593/3593 3785/3785 3643/3643
f 3707/3707 3709/3709 3782/3782
f 3786/3786 3787/3787 3788/3788
f 3789/3789 3645/3645 3646/3646
f 3772/3772 3453/3453 3452/3452
f 3790/3790 3791/3791 3651/3651
f 3559/3559 3679/3679 3455/3455
f 3789/3789 3646/3646 3777/3777
f 3700/3700 3792/3792 3793/3793
f 3793/3793 3792/3792 3794/3794
f 3763/3763 3795/3795 3530/3530
f 3531/3531 3530/3530 3795/3795
f 3450/3450 3511/3511 3513/3513
f 3450/3450 3513/3513 3796/3796
f 3797/3797 3798/3798 3472/3472
f 3799/3799 3800/3800 3591/3591
f 3558/3558 3679/3679 3559/3559
f 3801/3801 3638/3638 3802/3802
f 3803/3803 3542/3542 3544/3544
f 3804/3804 3544/3544 3640/3640
f 3643/3643 3473/3473 3594/3594
f 3664/3664 3458/3458 3665/3665
f 3769/3769 3771/3771 3805/3805
f 3780/3780 3806/3806 3807/3807
f 3456/3456 3808/3808 3766/3766
f 3684/3684 3611/3611 3767/3767
f 3618/3618 3746/3746 3745/3745
f 3774/3774 3609/3609 3568/3568
f 3480/3480 3488/3488 3487/3487
f 3736/3736 3809/3809 3514/3514
f 3810/3810 3805/3805 3811/3811
f 3812/3812 3813/3813 3814/3814
f 3605/3605 3775/3775 3590/3590
f 3636/3636 3731/3731 3446/3446
f 3815/3815 3816/3816 3678/3678
f 3704/3704 3725/3725 3724/3724
f 3810/3810 3769/3769 3805/3805
f 3817/3817 3755/3755 3497/3497
f 3755/3755 3682/3682 3497/3497
f 3818/3818 3635/3635 3454/3454
f 3819/3819 3820/3820 3821/3821
f 3581/3581 3557/3557 3582/3582
f 3713/3713 3712/3712 3822/3822
f 3820/3820 3823/3823 3821/3821
f 3629/3629 3824/3824 3630/3630
f 3581/3581 3825/3825 3774/3774
f 3438/3438 3787/3787 3826/3826
f 3811/3811 3827/3827 3823/3823
f 3723/3723 3724/3724 3739/3739
f 3828/3828 3829/3829 3762/3762
f 3557/3557 3559/3559 3582/3582
f 3819/3819 3810/3810 3811/3811
f 3830/3830 3759/3759 3758/3758
f 3831/3831 3832/3832 3833/3833
f 3637/3637 3639/3639 3662/3662
f 3659/3659 3834/3834 3440/3440
f 3552/3552 3647/3647 3708/3708
f 3835/3835 3836/3836 3647/3647
f 3530/3530 3514/3514 3763/3763
f 3795/3795 3837/3837 3711/3711
f 3838/3838 3839/3839 3438/3438
f 3840/3840 3467/3467 3468/3468
f 3584/3584 3585/3585 3437/3437
f 3669/3669 3668/3668 3841/3841
f 3841/3841 3668/3668 3816/3816
f 3815/3815 3841/3841 3816/3816
f 3842/3842 3453/3453 3754/3754
f 3840/3840 3468/3468 3843/3843
f 3469/3469 3554/3554 3824/3824
f 3844/3844 3828/3828 3761/3761
f 3549/3549 3677/3677 3550/3550
f 3751/3751 3845/3845 3837/3837
f 3640/3640 3592/3592 3641/3641
f 3799/3799 3796/3796 3800/3800
f 3786/3786 3788/3788 3846/3846
f 3781/3781 3476/3476 3757/3757
f 3545/3545 3847/3847 3685/3685
f 3815/3815 3678/3678 3534/3534
f 3663/3663 3443/3443 3664/3664
f 3602/3602 3448/3448 3447/3447
f 3541/3541 3848/3848 3539/3539
f 3849/3849 3767/3767 3502/3502
f 3685/3685 3847/3847 3612/3612
f 3627/3627 3850/3850 3833/3833
f 3776/3776 3851/3851 3852/3852
f 3618/3618 3548/3548 3537/3537
f 3696/3696 3849/3849 3502/3502
f 3853/3853 3854/3854 3855/3855
f 3821/3821 3823/3823 3827/3827
f 3753/3753 3599/3599 3601/3601
f 3604/3604 3775/3775 3605/3605
f 3604/3604 3750/3750 3775/3775
f 3824/3824 3554/3554 3556/3556
f 3618/3618 3537/3537 3536/3536
f 3591/3591 3800/3800 3592/3592
f 3592/3592 3800/3800 3641/3641
f 3672/3672 3671/3671 3722/3722
f 3789/3789 3825/3825 3645/3645
f 3624/3624 3830/3830 3625/3625
f 3514/3514 3516/3516 3822/3822
f 3471/3471 3473/3473 3614/3614
f 3639/3639 3638/3638 3856/3856
f 3596/3596 3662/3662 3703/3703
f 3438/3438 3828/3828 3844/3844
f 3616/3616 3618/3618 3857/3857
f 3834/3834 3858/3858 3440/3440
f 3781/3781 3757/3757 3728/3728
f 3779/3779 3806/3806 3780/3780
f 3576/3576 3784/3784 3859/3859
f 3860/3860 3731/3731 3565/3565
f 3768/3768 3480/3480 3661/3661
f 3861/3861 3833/3833 3862/3862
f 3583/3583 3582/3582 3455/3455
f 3740/3740 3863/3863 3741/3741
f 3561/3561 3744/3744 3864/3864
f 3454/3454 3453/3453 3818/3818
f 3716/3716 3865/3865 3599/3599
f 3711/3711 3792/3792 3699/3699
f 3722/3722 3671/3671 3500/3500
f 3866/3866 3759/3759 3624/3624
f 3814/3814 3867/3867 3868/3868
f 3869/3869 3467/3467 3840/3840
f 3833/3833 3832/3832 3862/3862
f 3495/3495 3589/3589 3870/3870
f 3717/3717 3445/3445 3444/3444
f 3578/3578 3650/3650 3576/3576
f 3537/3537 3548/3548 3734/3734
f 3514/3514 3812/3812 3814/3814
f 3528/3528 3474/3474 3453/3453
f 3494/3494 3658/3658 3657/3657
f 3871/3871 3872/3872 3490/3490
f 3825/3825 3583/3583 3645/3645
f 3748/3748 3546/3546 3545/3545
f 3873/3873 3831/3831 3701/3701
f 3874/3874 3875/3875 3876/3876
f 3457/3457 3766/3766 3568/3568
f 3552/3552 3835/3835 3647/3647
f 3514/3514 3814/3814 3868/3868
f 3871/3871 3490/3490 3560/3560
f 3877/3877 3713/3713 3516/3516
f 3490/3490 3492/3492 3560/3560
f 3558/3558 3774/3774 3878/3878
f 3688/3688 3767/3767 3849/3849
f 3809/3809 3698/3698 3514/3514
f 3634/3634 3711/3711 3632/3632
f 3711/3711 3794/3794 3792/3792
f 3701/3701 3627/3627 3861/3861
f 3879/3879 3880/3880 3876/3876
f 3533/3533 3569/3569 3667/3667
f 3504/3504 3503/3503 3836/3836
f 3881/3881 3882/3882 3732/3732
f 3883/3883 3577/3577 3884/3884
f 3597/3597 3848/3848 3598/3598
f 3466/3466 3885/3885 3886/3886
f 3553/3553 3882/3882 3881/3881
f 3715/3715 3444/3444 3622/3622
f 3774/3774 3840/3840 3843/3843
f 3534/3534 3678/3678 3671/3671
f 3643/3643 3886/3886 3613/3613
f 3835/3835 3552/3552 3551/3551
f 3785/3785 3464/3464 3466/3466
f 3620/3620 3477/3477 3621/3621
f 3887/3887 3451/3451 3888/3888
f 3631/3631 3630/3630 3607/3607
f 3776/3776 3783/3783 3676/3676
f 3774/3774 3568/3568 3766/3766
f 3889/3889 3687/3687 3690/3690
f 3604/3604 3606/3606 3748/3748
f 3524/3524 3523/3523 3455/3455
f 3553/3553 3881/3881 3694/3694
f 3544/3544 3543/3543 3592/3592
f 3878/3878 3774/3774 3522/3522
f 3561/3561 3864/3864 3562/3562
f 3799/3799 3451/3451 3796/3796
f 3803/3803 3890/3890 3542/3542
f 3533/3533 3667/3667 3669/3669
f 3560/3560 3891/3891 3786/3786
f 3892/3892 3462/3462 3859/3859
f 3555/3555 3479/3479 3556/3556
f 3495/3495 3693/3693 3517/3517
f 3466/3466 3465/3465 3893/3893
f 3603/3603 3447/3447 3860/3860
f 3519/3519 3702/3702 3723/3723
f 3894/3894 3587/3587 3895/3895
f 3805/3805 3896/3896 3827/3827
f 3894/3894 3897/3897 3898/3898
f 3605/3605 3665/3665 3606/3606
f 3503/3503 3647/3647 3836/3836
f 3613/3613 3899/3899 3620/3620
f 3815/3815 3533/3533 3669/3669
f 3816/3816 3668/3668 3667/3667
f 3519/3519 3540/3540 3520/3520
f 3542/3542 3890/3890 3543/3543
f 3456/3456 3900/3900 3808/3808
f 3901/3901 3788/3788 3438/3438
f 3696/3696 3504/3504 3697/3697
f 3611/3611 3503/3503 3502/3502
f 3889/3889 3684/3684 3687/3687
f 3902/3902 3903/3903 3458/3458
f 3904/3904 3836/3836 3835/3835
f 3578/3578 3648/3648 3650/3650
f 3664/3664 3902/3902 3458/3458
f 3500/3500 3671/3671 3563/3563
f 3789/3789 3777/3777 3774/3774
f 3847/3847 3708/3708 3612/3612
f 3846/3846 3788/3788 3901/3901
f 3886/3886 3899/3899 3613/3613
f 3580/3580 3666/3666 3706/3706
f 3512/3512 3511/3511 3730/3730
f 3688/3688 3849/3849 3905/3905
f 3607/3607 3586/3586 3866/3866
f 3856/3856 3906/3906 3907/3907
f 3519/3519 3538/3538 3540/3540
f 3504/3504 3836/3836 3904/3904
f 3563/3563 3678/3678 3569/3569
f 3908/3908 3653/3653 3652/3652
f 3479/3479 3478/3478 3909/3909
f 3900/3900 3910/3910 3808/3808
f 3738/3738 3736/3736 3514/3514
f 3588/3588 3587/3587 3894/3894
f 3762/3762 3829/3829 3911/3911
f 3837/3837 3845/3845 3711/3711
f 3909/3909 3579/3579 3509/3509
f 3455/3455 3651/3651 3791/3791
f 3455/3455 3457/3457 3567/3567
f 3628/3628 3912/3912 3692/3692
f 3785/3785 3466/3466 3886/3886
f 3470/3470 3797/3797 3472/3472
f 3874/3874 3896/3896 3875/3875
f 3848/3848 3802/3802 3637/3637
f 3891/3891 3826/3826 3787/3787
f 3878/3878 3679/3679 3558/3558
f 3774/3774 3808/3808 3910/3910
f 3891/3891 3787/3787 3786/3786
f 3842/3842 3754/3754 3617/3617
f 3848/3848 3637/3637 3598/3598
f 3878/3878 3524/3524 3679/3679
f 3754/3754 3453/3453 3772/3772
f 3802/3802 3638/3638 3637/3637
f 3768/3768 3756/3756 3488/3488
f 3498/3498 3727/3727 3735/3735
f 3832/3832 3913/3913 3862/3862
f 3595/3595 3863/3863 3740/3740
f 3525/3525 3705/3705 3615/3615
f 3618/3618 3536/3536 3757/3757
f 3673/3673 3577/3577 3883/3883
f 3774/3774 3766/3766 3808/3808
f 3817/3817 3735/3735 3755/3755
f 3488/3488 3756/3756 3743/3743
f 3595/3595 3798/3798 3863/3863
f 3583/3583 3455/3455 3645/3645
f 3711/3711 3813/3813 3712/3712
f 3469/3469 3471/3471 3554/3554
f 3914/3914 3652/3652 3758/3758
f 3562/3562 3915/3915 3718/3718
f 3618/3618 3549/3549 3548/3548
f 3896/3896 3771/3771 3875/3875
f 3752/3752 3916/3916 3845/3845
f 3497/3497 3681/3681 3498/3498
f 3751/3751 3752/3752 3845/3845
f 3857/3857 3618/3618 3917/3917
f 3598/3598 3637/3637 3662/3662
f 3466/3466 3893/3893 3885/3885
f 3704/3704 3703/3703 3918/3918
f 3884/3884 3461/3461 3463/3463
f 3842/3842 3617/3617 3616/3616
f 3863/3863 3919/3919 3741/3741
f 3715/3715 3905/3905 3716/3716
f 3497/3497 3682/3682 3681/3681
f 3501/3501 3532/3532 3672/3672
f 3873/3873 3832/3832 3831/3831
f 3516/3516 3713/3713 3822/3822
f 3909/3909 3509/3509 3508/3508
f 3618/3618 3745/3745 3549/3549
f 3469/3469 3824/3824 3629/3629
f 3549/3549 3745/3745 3677/3677
f 3652/3652 3625/3625 3758/3758
f 3920/3920 3905/3905 3715/3715
f 3438/3438 3864/3864 3744/3744
f 3798/3798 3797/3797 3921/3921
f 3799/3799 3888/3888 3451/3451
f 3834/3834 3922/3922 3858/3858
f 3859/3859 3461/3461 3576/3576
f 3721/3721 3501/3501 3672/3672
f 3438/3438 3744/3744 3491/3491
f 3797/3797 3908/3908 3923/3923
f 3924/3924 3616/3616 3857/3857
f 3774/3774 3910/3910 3790/3790
f 3756/3756 3925/3925 3743/3743
f 3499/3499 3722/3722 3926/3926
f 3845/3845 3916/3916 3711/3711
f 3921/3921 3797/3797 3923/3923
f 3605/3605 3590/3590 3663/3663
f 3825/3825 3581/3581 3583/3583
f 3779/3779 3591/3591 3543/3543
f 3584/3584 3573/3573 3560/3560
f 3771/3771 3879/3879 3875/3875
f 3472/3472 3594/3594 3473/3473
f 3540/3540 3539/3539 3619/3619
f 3581/3581 3774/3774 3557/3557
f 3886/3886 3885/3885 3899/3899
f 3659/3659 3570/3570 3834/3834
f 3641/3641 3575/3575 3642/3642
f 3697/3697 3504/3504 3904/3904
f 3634/3634 3531/3531 3711/3711
f 3631/3631 3866/3866 3624/3624
f 3858/3858 3441/3441 3440/3440
f 3455/3455 3610/3610 3468/3468
f 3731/3731 3657/3657 3565/3565
f 3529/3529 3514/3514 3530/3530
f 3798/3798 3595/3595 3594/3594
f 3455/3455 3791/3791 3900/3900
f 3873/3873 3927/3927 3832/3832
f 3623/3623 3625/3625 3653/3653
f 3527/3527 3857/3857 3917/3917
f 3843/3843 3610/3610 3609/3609
f 3455/3455 3900/3900 3456/3456
f 3900/3900 3791/3791 3910/3910
f 3554/3554 3614/3614 3555/3555
f 3472/3472 3798/3798 3594/3594
f 3843/3843 3468/3468 3610/3610
f 3579/3579 3478/3478 3710/3710
f 3790/3790 3651/3651 3773/3773
f 3706/3706 3666/3666 3928/3928
f 3850/3850 3831/3831 3833/3833
f 3659/3659 3442/3442 3810/3810
f 3636/3636 3693/3693 3657/3657
f 3760/3760 3914/3914 3758/3758
f 3481/3481 3862/3862 3482/3482
f 3907/3907 3801/3801 3725/3725
f 3824/3824 3508/3508 3630/3630
f 3437/3437 3585/3585 3838/3838
f 3606/3606 3665/3665 3460/3460
f 3770/3770 3855/3855 3879/3879
f 3879/3879 3855/3855 3880/3880
f 3743/3743 3925/3925 3589/3589
f 3871/3871 3486/3486 3872/3872
f 3441/3441 3853/3853 3770/3770
f 3912/3912 3831/3831 3850/3850
f 3929/3929 3854/3854 3930/3930
f 3861/3861 3862/3862 3481/3481
f 3847/3847 3547/3547 3709/3709
f 3545/3545 3547/3547 3847/3847
f 3768/3768 3488/3488 3480/3480
f 3769/3769 3441/3441 3770/3770
f 3782/3782 3783/3783 3852/3852
f 3925/3925 3564/3564 3566/3566
f 3776/3776 3852/3852 3783/3783
f 3885/3885 3893/3893 3710/3710
f 3927/3927 3931/3931 3913/3913
f 3715/3715 3717/3717 3444/3444
f 3691/3691 3932/3932 3933/3933
f 3725/3725 3918/3918 3907/3907
f 3522/3522 3774/3774 3773/3773
f 3443/3443 3742/3742 3664/3664
f 3742/3742 3902/3902 3664/3664
f 3895/3895 3675/3675 3705/3705
f 3743/3743 3589/3589 3517/3517
f 3471/3471 3614/3614 3554/3554
f 3934/3934 3935/3935 3892/3892
f 3741/3741 3919/3919 3464/3464
f 3718/3718 3844/3844 3761/3761
f 3539/3539 3848/3848 3597/3597
f 3723/3723 3702/3702 3704/3704
f 3705/3705 3675/3675 3615/3615
f 3453/3453 3677/3677 3747/3747
f 3703/3703 3662/3662 3918/3918
f 3555/3555 3621/3621 3479/3479
f 3753/3753 3601/3601 3902/3902
f 3859/3859 3936/3936 3892/3892
f 3797/3797 3470/3470 3908/3908
f 3777/3777 3869/3869 3774/3774
f 3618/3618 3635/3635 3937/3937
f 3470/3470 3469/3469 3938/3938
f 3477/3477 3939/3939 3478/3478
f 3521/3521 3526/3526 3619/3619
f 3537/3537 3734/3734 3535/3535
f 3770/3770 3879/3879 3771/3771
f 3846/3846 3901/3901 3940/3940
f 3940/3940 3901/3901 3839/3839
f 3539/3539 3597/3597 3619/3619
f 3534/3534 3533/3533 3815/3815
f 3452/3452 3484/3484 3644/3644
f 3620/3620 3555/3555 3614/3614
f 3904/3904 3835/3835 3551/3551
f 3509/3509 3580/3580 3525/3525
f 3621/3621 3477/3477 3479/3479
f 3859/3859 3462/3462 3461/3461
f 3941/3941 3596/3596 3703/3703
f 3720/3720 3935/3935 3934/3934
f 3470/3470 3472/3472 3471/3471
f 3707/3707 3552/3552 3708/3708
f 3698/3698 3700/3700 3514/3514
f 3678/3678 3816/3816 3569/3569
f 3940/3940 3560/3560 3846/3846
f 3672/3672 3532/3532 3534/3534
f 3740/3740 3785/3785 3593/3593
f 3775/3775 3622/3622 3590/3590
f 3775/3775 3765/3765 3622/3622
f 3895/3895 3706/3706 3897/3897
f 3480/3480 3487/3487 3446/3446
f 3690/3690 3764/3764 3750/3750
f 3663/3663 3590/3590 3443/3443
f 3633/3633 3529/3529 3634/3634
f 3838/3838 3942/3942 3839/3839
f 3907/3907 3918/3918 3639/3639
f 3449/3449 3512/3512 3730/3730
f 3505/3505 3642/3642 3506/3506
f 3806/3806 3804/3804 3943/3943
f 3803/3803 3544/3544 3804/3804
f 3624/3624 3759/3759 3830/3830
f 3936/3936 3884/3884 3463/3463
f 3819/3819 3659/3659 3810/3810
f 3924/3924 3842/3842 3616/3616
f 3803/3803 3804/3804 3806/3806
f 3821/3821 3827/3827 3571/3571
f 3640/3640 3642/3642 3505/3505
f 3712/3712 3813/3813 3812/3812
f 3704/3704 3918/3918 3725/3725
f 3711/3711 3916/3916 3867/3867
f 3809/3809 3737/3737 3944/3944
f 3809/3809 3944/3944 3698/3698
f 3474/3474 3781/3781 3453/3453
f 3807/3807 3943/3943 3887/3887
f 3580/3580 3705/3705 3525/3525
f 3650/3650 3883/3883 3784/3784
f 3700/3700 3699/3699 3792/3792
f 3773/3773 3523/3523 3522/3522
f 3437/3437 3838/3838 3438/3438
f 3702/3702 3941/3941 3703/3703
f 3749/3749 3889/3889 3690/3690
f 3868/3868 3916/3916 3752/3752
f 3798/3798 3921/3921 3863/3863
f 3573/3573 3584/3584 3439/3439
f 3711/3711 3713/3713 3877/3877
f 3819/3819 3570/3570 3659/3659
f 3842/3842 3924/3924 3453/3453
f 3881/3881 3674/3674 3600/3600
f 3694/3694 3600/3600 3945/3945
f 3755/3755 3680/3680 3682/3682
f 3527/3527 3924/3924 3857/3857
f 3514/3514 3868/3868 3752/3752
f 3476/3476 3618/3618 3757/3757
f 3606/3606 3460/3460 3546/3546
f 3636/3636 3518/3518 3693/3693
f 3846/3846 3560/3560 3786/3786
f 3904/3904 3551/3551 3695/3695
f 3480/3480 3448/3448 3661/3661
f 3869/3869 3840/3840 3774/3774
f 3938/3938 3469/3469 3629/3629
f 3928/3928 3465/3465 3946/3946
f 3944/3944 3711/3711 3699/3699
f 3943/3943 3507/3507 3887/3887
f 3737/3737 3711/3711 3944/3944
f 3705/3705 3706/3706 3895/3895
f 3706/3706 3928/3928 3897/3897
f 3571/3571 3827/3827 3896/3896
f 3887/3887 3507/3507 3449/3449
f 3908/3908 3470/3470 3938/3938
f 3915/3915 3844/3844 3718/3718
f 3627/3627 3626/3626 3850/3850
f 3864/3864 3915/3915 3562/3562
f 3522/3522 3524/3524 3878/3878
f 3601/3601 3674/3674 3903/3903
f 3939/3939 3710/3710 3478/3478
f 3698/3698 3944/3944 3699/3699
f 3911/3911 3826/3826 3891/3891
f 3881/3881 3600/3600 3694/3694
f 3585/3585 3942/3942 3838/3838
f 3574/3574 3485/3485 3486/3486
f 3894/3894 3898/3898 3760/3760
f 3578/3578 3577/3577 3673/3673
f 3897/3897 3928/3928 3946/3946
f 3660/3660 3768/3768 3661/3661
f 3946/3946 3465/3465 3919/3919
f 3547/3547 3783/3783 3709/3709
f 3927/3927 3913/3913 3832/3832
f 3438/3438 3915/3915 3864/3864
f 3784/3784 3883/3883 3884/3884
f 3892/3892 3935/3935 3462/3462
f 3586/3586 3588/3588 3866/3866
f 3462/3462 3720/3720 3463/3463
f 3784/3784 3884/3884 3936/3936
f 3720/3720 3934/3934 3719/3719
f 3865/3865 3945/3945 3599/3599
f 3865/3865 3696/3696 3945/3945
f 3694/3694 3945/3945 3695/3695
f 3695/3695 3945/3945 3696/3696
f 3696/3696 3502/3502 3504/3504
f 3936/3936 3463/3463 3719/3719
f 3577/3577 3461/3461 3884/3884
f 3650/3650 3649/3649 3883/3883
f 3932/3932 3947/3947 3948/3948
f 3909/3909 3478/3478 3579/3579
f 3932/3932 3670/3670 3947/3947
f 3758/3758 3625/3625 3830/3830
f 3885/3885 3710/3710 3939/3939
f 3932/3932 3654/3654 3670/3670
f 3656/3656 3949/3949 3933/3933
f 3904/3904 3695/3695 3697/3697
f 3519/3519 3723/3723 3538/3538
f 3749/3749 3690/3690 3750/3750
f 3551/3551 3694/3694 3695/3695
f 3541/3541 3726/3726 3802/3802
f 3751/3751 3837/3837 3763/3763
f 3814/3814 3813/3813 3867/3867
f 3774/3774 3843/3843 3609/3609
f 3481/3481 3483/3483 3927/3927
f 3911/3911 3829/3829 3826/3826
f 3784/3784 3936/3936 3859/3859
f 3462/3462 3935/3935 3720/3720
f 3673/3673 3883/3883 3649/3649
f 3774/3774 3790/3790 3773/3773
f 3690/3690 3686/3686 3764/3764
f 3892/3892 3719/3719 3934/3934
f 3873/3873 3481/3481 3927/3927
f 3866/3866 3588/3588 3759/3759
f 3739/3739 3726/3726 3541/3541
f 3556/3556 3479/3479 3909/3909
f 3574/3574 3871/3871 3560/3560
f 3570/3570 3821/3821 3571/3571
f 3538/3538 3739/3739 3541/3541
f 3907/3907 3639/3639 3856/3856
f 3556/3556 3909/3909 3508/3508
f 3623/3623 3629/3629 3631/3631
f 3882/3882 3851/3851 3732/3732
f 3666/3666 3893/3893 3928/3928
f 3920/3920 3622/3622 3765/3765
f 3666/3666 3710/3710 3893/3893
f 3691/3691 3933/3933 3949/3949
f 3918/3918 3662/3662 3639/3639
f 3895/3895 3897/3897 3894/3894
f 3595/3595 3740/3740 3593/3593
f 3897/3897 3946/3946 3898/3898
f 3772/3772 3644/3644 3714/3714
f 3760/3760 3588/3588 3894/3894
f 3817/3817 3691/3691 3949/3949
f 3714/3714 3644/3644 3618/3618
f 3759/3759 3588/3588 3760/3760
f 3932/3932 3948/3948 3933/3933
f 3454/3454 3635/3635 3484/3484
f 3947/3947 3933/3933 3948/3948
f 3641/3641 3800/3800 3575/3575
f 3796/3796 3575/3575 3800/3800
f 3811/3811 3805/3805 3827/3827
f 3686/3686 3688/3688 3920/3920
f 3687/3687 3767/3767 3688/3688
f 3930/3930 3922/3922 3880/3880
f 3927/3927 3483/3483 3931/3931
f 3510/3510 3525/3525 3608/3608
f 3729/3729 3711/3711 3737/3737
f 3817/3817 3497/3497 3496/3496
f 3920/3920 3688/3688 3905/3905
f 3892/3892 3936/3936 3719/3719
f 3778/3778 3455/3455 3467/3467
f 3928/3928 3893/3893 3465/3465
f 3816/3816 3667/3667 3569/3569
f 3701/3701 3861/3861 3873/3873
f 3811/3811 3823/3823 3820/3820
f 3930/3930 3880/3880 3929/3929
f 3541/3541 3802/3802 3848/3848
f 3730/3730 3450/3450 3449/3449
f 3782/3782 3851/3851 3882/3882
f 3849/3849 3696/3696 3865/3865
f 3905/3905 3849/3849 3865/3865
f 3514/3514 3700/3700 3793/3793
f 3803/3803 3806/3806 3779/3779
f 3902/3902 3601/3601 3903/3903
f 3868/3868 3867/3867 3916/3916
f 3863/3863 3921/3921 3919/3919
f 3869/3869 3778/3778 3467/3467
f 3777/3777 3778/3778 3869/3869
f 3754/3754 3772/3772 3714/3714
f 3760/3760 3898/3898 3914/3914
f 3587/3587 3675/3675 3895/3895
f 3689/3689 3545/3545 3685/3685
f 3438/3438 3826/3826 3829/3829
f 3732/3732 3674/3674 3881/3881
f 3819/3819 3811/3811 3820/3820
f 3853/3853 3855/3855 3770/3770
f 3686/3686 3765/3765 3764/3764
f 3572/3572 3876/3876 3922/3922
f 3546/3546 3460/3460 3676/3676
f 3585/3585 3560/3560 3942/3942
f 3547/3547 3676/3676 3783/3783
f 3438/3438 3829/3829 3828/3828
f 3917/3917 3618/3618 3475/3475
f 3526/3526 3520/3520 3540/3540
f 3494/3494 3950/3950 3658/3658
f 3824/3824 3556/3556 3508/3508
f 3567/3567 3568/3568 3609/3609
f 3702/3702 3521/3521 3941/3941
f 3921/3921 3951/3951 3919/3919
f 3571/3571 3896/3896 3874/3874
f 3922/3922 3876/3876 3880/3880
f 3796/3796 3513/3513 3575/3575
f 3546/3546 3676/3676 3547/3547
f 3870/3870 3950/3950 3493/3493
f 3613/3613 3620/3620 3614/3614
f 3711/3711 3877/3877 3794/3794
f 3519/3519 3521/3521 3702/3702
f 3521/3521 3619/3619 3941/3941
f 3952/3952 3746/3746 3937/3937
f 3941/3941 3619/3619 3597/3597
f 3952/3952 3937/3937 3818/3818
f 3726/3726 3801/3801 3802/3802
f 3560/3560 3762/3762 3911/3911
f 3872/3872 3438/3438 3491/3491
f 3438/3438 3844/3844 3915/3915
f 3788/3788 3787/3787 3438/3438
f 3453/3453 3747/3747 3952/3952
f 3923/3923 3908/3908 3652/3652
f 3810/3810 3442/3442 3769/3769
f 3747/3747 3746/3746 3952/3952
f 3733/3733 3732/3732 3851/3851
f 3887/3887 3449/3449 3451/3451
f 3780/3780 3888/3888 3799/3799
f 3692/3692 3912/3912 3683/3683
f 3780/3780 3799/3799 3591/3591
f 3701/3701 3912/3912 3628/3628
f 3804/3804 3640/3640 3505/3505
f 3589/3589 3566/3566 3870/3870
f 3925/3925 3566/3566 3589/3589
f 3605/3605 3663/3663 3665/3665
f 3660/3660 3448/3448 3602/3602
f 3618/3618 3937/3937 3746/3746
f 3756/3756 3603/3603 3925/3925
f 3818/3818 3937/3937 3635/3635
f 3453/3453 3781/3781 3728/3728
f 3876/3876 3875/3875 3879/3879
f 3686/3686 3920/3920 3765/3765
f 3711/3711 3867/3867 3813/3813
f 3722/3722 3500/3500 3926/3926
f 3858/3858 3853/3853 3441/3441
f 3740/3740 3464/3464 3785/3785
f 3723/3723 3739/3739 3538/3538
f 3855/3855 3854/3854 3929/3929
f 3782/3782 3852/3852 3851/3851
f 3930/3930 3854/3854 3853/3853
f 3804/3804 3505/3505 3943/3943
f 3453/3453 3952/3952 3818/3818
f 3930/3930 3853/3853 3858/3858
f 3793/3793 3794/3794 3515/3515
f 3822/3822 3712/3712 3812/3812
f 3560/3560 3911/3911 3891/3891
f 3570/3570 3572/3572 3834/3834
f 3507/3507 3506/3506 3512/3512
f 3646/3646 3455/3455 3778/3778
f 3487/3487 3636/3636 3446/3446
f 3514/3514 3793/3793 3515/3515
f 3564/3564 3860/3860 3565/3565
f 3941/3941 3597/3597 3596/3596
f 3815/3815 3669/3669 3841/3841
f 3449/3449 3507/3507 3512/3512
f 3490/3490 3872/3872 3491/3491
f 3447/3447 3731/3731 3860/3860
f 3482/3482 3931/3931 3483/3483
f 3658/3658 3950/3950 3870/3870
f 3923/3923 3652/3652 3914/3914
f 3566/3566 3658/3658 3870/3870
f 3670/3670 3656/3656 3947/3947
f 3947/3947 3656/3656 3933/3933
f 3607/3607 3510/3510 3608/3608
f 3638/3638 3906/3906 3856/3856
f 3749/3749 3748/3748 3689/3689
f 3889/3889 3749/3749 3689/3689
f 3655/3655 3735/3735 3949/3949
f 3817/3817 3949/3949 3735/3735
f 3907/3907 3906/3906 3801/3801
f 3942/3942 3560/3560 3940/3940
f 3514/3514 3822/3822 3812/3812
f 3693/3693 3494/3494 3657/3657
f 3736/3736 3737/3737 3809/3809
f 3768/3768 3660/3660 3602/3602
f 3566/3566 3565/3565 3658/3658
f 3482/3482 3913/3913 3931/3931
f 3801/3801 3906/3906 3638/3638
f 3691/3691 3817/3817 3496/3496
f 3725/3725 3801/3801 3726/3726
f 3763/3763 3837/3837 3795/3795
f 3858/3858 3922/3922 3930/3930
f 3492/3492 3744/3744 3561/3561
f 3779/3779 3543/3543 3890/3890
f 3603/3603 3860/3860 3564/3564
f 3531/3531 3795/3795 3711/3711
f 3805/3805 3771/3771 3896/3896
f 3861/3861 3627/3627 3833/3833
f 3493/3493 3950/3950 3494/3494
f 3861/3861 3481/3481 3873/3873
f 3921/3921 3923/3923 3951/3951
f 3885/3885 3939/3939 3899/3899
f 3923/3923 3914/3914 3951/3951
f 3630/3630 3508/3508 3510/3510
f 3517/3517 3693/3693 3518/3518
f 3527/3527 3917/3917 3528/3528
f 3653/3653 3938/3938 3623/3623
f 3929/3929 3880/3880 3855/3855
f 3908/3908 3938/3938 3653/3653
f 3780/3780 3807/3807 3888/3888
f 3834/3834 3572/3572 3922/3922
f 3943/3943 3505/3505 3507/3507
f 3794/3794 3877/3877 3515/3515
f 3898/3898 3946/3946 3951/3951
f 3631/3631 3624/3624 3623/3623
f 3887/3887 3888/3888 3807/3807
f 3451/3451 3450/3450 3796/3796
f 3733/3733 3776/3776 3459/3459
f 3920/3920 3715/3715 3622/3622
f 3733/3733 3459/3459 3903/3903
f 3803/3803 3779/3779 3890/3890
f 3745/3745 3747/3747 3677/3677
f 3806/3806 3943/3943 3807/3807
f 3733/3733 3851/3851 3776/3776
f 3656/3656 3655/3655 3949/3949
f 3932/3932 3691/3691 3654/3654
f 3755/3755 3727/3727 3680/3680
f 3603/3603 3564/3564 3925/3925
f 3486/3486 3438/3438 3872/3872
f 3938/3938 3629/3629 3623/3623
f 3946/3946 3919/3919 3951/3951
f 3613/3613 3473/3473 3643/3643
f 3738/3738 3633/3633 3632/3632
f 3515/3515 3877/3877 3516/3516
f 3903/3903 3459/3459 3458/3458
f 3742/3742 3753/3753 3902/3902
f 3924/3924 3527/3527 3453/3453
f 3898/3898 3951/3951 3914/3914
f 3575/3575 3506/3506 3642/3642
f 3495/3495 3870/3870 3493/3493
f 3847/3847 3709/3709 3708/3708
f 3571/3571 3874/3874 3572/3572
f 3874/3874 3876/3876 3572/3572
f 3499/3499 3926/3926 3500/3500
f 3748/3748 3606/3606 3546/3546
f 3899/3899 3939/3939 3477/3477
f 3620/3620 3899/3899 3477/3477
f 3475/3475 3618/3618 3476/3476
f 3528/3528 3917/3917 3475/3475
f 3785/3785 3886/3886 3643/3643
f 3707/3707 3882/3882 3553/3553
f 3903/3903 3674/3674 3733/3733
f 3707/3707 3782/3782 3882/3882
f 3717/3717 3753/3753 3742/3742
f 3442/3442 3441/3441 3769/3769
f 3552/3552 3707/3707 3553/3553
f 3453/3453 3535/3535 3734/3734
f 3633/3633 3738/3738 3514/3514
f 3464/3464 3919/3919 3465/3465
f 3489/3489 3743/3743 3517/3517
f 3940/3940 3839/3839 3942/3942
f 3839/3839 3901/3901 3438/3438
f 3599/3599 3945/3945 3600/3600
f 3729/3729 3738/3738 3632/3632
f 3862/3862 3913/3913 3482/3482
f 3626/3626 3683/3683 3850/3850
f 3683/3683 3912/3912 3850/3850
f 3819/3819 3821/3821 3570/3570
f 3701/3701 3831/3831 3912/3912
f 3889/3889 3689/3689 3684/3684
f 3717/3717 3742/3742 3445/3445
f 3631/3631 3607/3607 3866/3866
f 3574/3574 3486/3486 3871/3871
f 3910/3910 3791/3791 3790/3790
f 3825/3825 3789/3789 3774/3774
f 3905/3905 3865/3865 3716/3716
f 3761/3761 3828/3828 3762/3762
f 3501/3501 3500/3500 3563/3563
f 3633/3633 3514/3514 3529/3529
f 3749/3749 3604/3604 3748/3748

g Object_default-grey.jpg

usemtl mat_29-default-grey.jpg

f 3953/3953 3954/3954 3955/3955
f 3956/3956 3957/3957 3146/3146
f 3958/3958 3959/3959 3123/3123
f 3960/3960 3961/3961 3962/3962
f 3138/3138 3963/3963 3964/3964
f 3965/3965 3958/3958 3966/3966
f 3967/3967 3098/3098 3968/3968
f 3969/3969 3970/3970 3971/3971
f 3169/3169 3972/3972 3191/3191
f 3957/3957 3973/3973 3974/3974
f 3157/3157 3975/3975 3176/3176
f 3114/3114 3973/3973 3963/3963
f 3974/3974 3976/3976 3975/3975
f 3977/3977 3978/3978 3979/3979
f 3134/3134 3980/3980 3135/3135
f 3969/3969 3981/3981 3982/3982
f 3179/3179 3976/3976 3973/3973
f 3955/3955 3983/3983 3984/3984
f 3985/3985 3986/3986 3987/3987
f 3988/3988 3989/3989 3990/3990
f 3991/3991 3992/3992 3103/3103
f 3966/3966 3167/3167 3965/3965
f 3993/3993 3994/3994 3995/3995
f 3985/3985 3996/3996 3986/3986
f 3973/3973 3976/3976 3974/3974
f 3997/3997 3998/3998 3999/3999
f 3956/3956 4000/4000 3964/3964
f 4001/4001 3993/3993 4002/4002
f 3134/3134 4003/4003 3980/3980
f 3147/3147 3964/3964 4000/4000
f 3988/3988 4004/4004 3989/3989
f 3976/3976 4005/4005 4006/4006
f 3114/3114 3963/3963 3139/3139
f 3985/3985 3096/3096 3088/3088
f 4007/4007 4008/4008 4009/4009
f 3961/3961 4010/4010 3962/3962
f 4011/4011 4012/4012 3977/3977
f 4013/4013 3985/3985 4014/4014
f 4015/4015 4016/4016 4017/4017
f 4018/4018 4019/4019 4020/4020
f 4021/4021 4022/4022 3999/3999
f 4023/4023 3998/3998 3997/3997
f 3979/3979 3978/3978 3983/3983
f 4010/4010 3993/3993 4001/4001
f 4024/4024 3981/3981 4025/4025
f 3241/3241 4026/4026 3221/3221
f 4027/4027 4028/4028 4007/4007
f 4029/4029 4030/4030 4031/4031
f 4032/4032 4033/4033 4034/4034
f 3969/3969 3982/3982 3970/3970
f 3153/3153 3217/3217 3985/3985
f 4035/4035 3989/3989 4004/4004
f 4036/4036 3982/3982 4037/4037
f 4038/4038 3970/3970 4036/4036
f 3970/3970 3982/3982 4036/4036
f 4039/4039 4004/4004 3988/3988
f 3983/3983 3978/3978 4012/4012
f 3098/3098 3150/3150 3968/3968
f 4040/4040 4041/4041 4042/4042
f 4043/4043 3958/3958 3122/3122
f 4010/4010 4008/4008 3993/3993
f 4036/4036 4037/4037 4044/4044
f 4045/4045 4046/4046 4047/4047
f 3130/3130 3161/3161 3160/3160
f 4048/4048 4049/4049 3085/3085
f 4050/4050 4051/4051 3200/3200
f 4017/4017 4052/4052 4053/4053
f 4052/4052 4054/4054 4053/4053
f 4042/4042 4041/4041 4030/4030
f 3964/3964 3963/3963 3957/3957
f 3131/3131 4055/4055 3132/3132
f 4056/4056 4053/4053 4057/4057
f 4030/4030 4058/4058 4059/4059
f 3962/3962 4010/4010 4001/4001
f 3962/3962 4001/4001 3989/3989
f 4050/4050 3200/3200 3111/3111
f 3221/3221 4060/4060 3218/3218
f 4038/4038 3955/3955 3970/3970
f 3966/3966 4043/4043 4061/4061
f 3171/3171 4062/4062 4005/4005
f 3222/3222 4063/4063 3101/3101
f 4028/4028 4016/4016 4064/4064
f 4008/4008 4064/4064 3993/3993
f 3993/3993 4064/4064 3994/3994
f 4048/4048 4062/4062 4065/4065
f 4019/4019 3953/3953 4020/4020
f 4066/4066 4067/4067 4068/4068
f 4048/4048 4065/4065 4049/4049
f 3985/3985 3987/3987 3980/3980
f 3985/3985 4069/4069 3996/3996
f 4034/4034 4070/4070 4071/4071
f 4064/4064 4015/4015 3994/3994
f 4072/4072 3961/3961 3960/3960
f 3099/3099 3991/3991 3103/3103
f 4055/4055 3166/3166 3985/3985
f 4006/4006 3085/3085 3176/3176
f 3131/3131 3166/3166 4055/4055
f 4073/4073 3984/3984 4012/4012
f 3982/3982 4024/4024 4037/4037
f 3985/3985 3194/3194 3239/3239
f 4047/4047 4046/4046 4074/4074
f 3125/3125 4013/4013 4075/4075
f 3241/3241 4014/4014 4026/4026
f 3098/3098 3159/3159 3150/3150
f 4029/4029 4042/4042 4030/4030
f 3983/3983 4012/4012 3984/3984
f 3975/3975 4006/4006 3176/3176
f 3085/3085 4049/4049 3169/3169
f 3090/3090 3098/3098 3186/3186
f 3112/3112 4067/4067 4066/4066
f 4006/4006 4005/4005 4048/4048
f 3985/3985 3195/3195 3194/3194
f 3967/3967 3968/3968 4076/4076
f 3968/3968 3150/3150 3149/3149
f 3092/3092 4076/4076 3968/3968
f 3167/3167 3125/3125 3965/3965
f 4077/4077 4000/4000 3956/3956
f 4016/4016 4052/4052 4017/4017
f 3179/3179 3171/3171 4005/4005
f 3985/3985 3165/3165 4069/4069
f 4029/4029 4040/4040 4042/4042
f 3239/3239 3143/3143 3142/3142
f 3964/3964 3957/3957 3956/3956
f 4075/4075 4014/4014 3959/3959
f 3130/3130 3160/3160 3128/3128
f 4030/4030 4059/4059 4031/4031
f 3971/3971 3970/3970 3955/3955
f 3954/3954 3979/3979 3983/3983
f 3959/3959 4014/4014 3168/3168
f 3123/3123 3959/3959 3168/3168
f 3985/3985 3088/3088 3120/3120
f 4006/4006 4048/4048 3085/3085
f 4078/4078 4021/4021 4079/4079
f 3966/3966 3958/3958 4043/4043
f 4019/4019 3998/3998 3953/3953
f 4079/4079 3998/3998 4019/4019
f 3985/3985 3120/3120 3195/3195
f 4075/4075 4013/4013 4014/4014
f 4078/4078 4079/4079 4080/4080
f 4020/4020 3953/3953 4038/4038
f 4067/4067 4081/4081 4068/4068
f 4014/4014 3985/3985 4026/4026
f 3154/3154 3986/3986 3996/3996
f 4082/4082 4024/4024 4025/4025
f 3110/3110 3112/3112 4066/4066
f 3995/3995 4041/4041 4040/4040
f 3122/3122 3958/3958 3123/3123
f 4037/4037 4046/4046 4045/4045
f 4083/4083 4036/4036 4044/4044
f 4071/4071 4070/4070 4084/4084
f 3996/3996 4069/4069 3158/3158
f 3166/3166 3153/3153 3985/3985
f 3132/3132 4055/4055 4085/4085
f 3961/3961 4009/4009 4010/4010
f 4034/4034 4033/4033 4070/4070
f 3221/3221 4026/4026 4060/4060
f 3168/3168 4014/4014 3126/3126
f 3975/3975 3976/3976 4006/4006
f 3103/3103 3992/3992 3184/3184
f 4050/4050 4086/4086 3985/3985
f 3239/3239 3142/3142 3240/3240
f 3154/3154 3996/3996 3158/3158
f 4086/4086 4085/4085 3985/3985
f 3171/3171 3115/3115 4062/4062
f 4079/4079 3999/3999 3998/3998
f 4021/4021 3999/3999 4079/4079
f 3187/3187 3189/3189 4087/4087
f 4030/4030 4041/4041 4058/4058
f 4064/4064 4016/4016 4015/4015
f 3971/3971 3955/3955 3984/3984
f 4033/4033 4054/4054 4070/4070
f 3982/3982 3981/3981 4024/4024
f 3128/3128 3160/3160 3159/3159
f 3138/3138 3964/3964 3147/3147
f 4084/4084 4016/4016 4028/4028
f 3135/3135 3987/3987 3136/3136
f 4080/4080 4019/4019 4018/4018
f 4018/4018 4020/4020 4088/4088
f 4083/4083 4038/4038 4036/4036
f 3135/3135 3980/3980 3987/3987
f 4080/4080 4079/4079 4019/4019
f 3217/3217 3096/3096 3985/3985
f 3218/3218 4060/4060 4089/4089
f 3199/3199 3992/3992 3222/3222
f 4088/4088 4020/4020 4038/4038
f 3091/3091 4076/4076 3092/3092
f 3965/3965 3125/3125 4075/4075
f 4085/4085 4055/4055 3985/3985
f 3960/3960 3962/3962 4035/4035
f 3179/3179 3973/3973 3114/3114
f 3990/3990 4001/4001 4002/4002
f 3186/3186 3098/3098 3967/3967
f 4090/4090 4053/4053 4056/4056
f 3954/3954 3983/3983 3955/3955
f 3136/3136 3987/3987 3986/3986
f 4007/4007 4064/4064 4008/4008
f 4028/4028 4064/4064 4007/4007
f 4071/4071 4084/4084 4091/4091
f 3177/3177 3167/3167 3966/3966
f 4091/4091 4028/4028 4027/4027
f 3953/3953 3955/3955 4038/4038
f 4052/4052 4070/4070 4054/4054
f 3183/3183 4077/4077 3956/3956
f 4091/4091 4084/4084 4028/4028
f 3198/3198 3985/3985 4003/4003
f 3164/3164 4069/4069 3165/3165
f 4054/4054 4033/4033 4032/4032
f 3146/3146 3957/3957 3974/3974
f 3197/3197 3985/3985 3198/3198
f 3183/3183 3956/3956 3146/3146
f 3133/3133 4003/4003 3134/3134
f 3182/3182 4077/4077 3183/3183
f 3184/3184 3992/3992 3199/3199
f 3997/3997 3999/3999 4092/4092
f 4073/4073 4012/4012 4011/4011
f 3985/3985 3130/3130 3165/3165
f 4051/4051 4068/4068 3188/3188
f 3125/3125 3127/3127 4013/4013
f 3110/3110 4066/4066 4093/4093
f 3991/3991 4063/4063 3992/3992
f 4049/4049 4094/4094 3972/3972
f 4061/4061 3177/3177 3966/3966
f 4049/4049 4065/4065 4094/4094
f 3115/3115 3117/3117 4062/4062
f 4026/4026 3985/3985 4060/4060
f 4068/4068 4081/4081 3238/3238
f 3112/3112 3187/3187 4067/4067
f 4084/4084 4070/4070 4052/4052
f 4066/4066 4068/4068 4051/4051
f 3121/3121 3177/3177 4061/4061
f 3985/3985 3240/3240 3130/3130
f 3200/3200 4051/4051 3188/3188
f 3965/3965 3959/3959 3958/3958
f 3178/3178 4094/4094 4065/4065
f 3239/3239 3124/3124 3173/3173
f 4044/4044 4037/4037 4045/4045
f 3239/3239 3173/3173 3143/3143
f 3999/3999 4022/4022 4092/4092
f 3998/3998 4023/4023 3953/3953
f 3179/3179 4005/4005 3976/3976
f 4060/4060 3985/3985 4089/4089
f 3995/3995 3994/3994 4041/4041
f 4088/4088 4038/4038 4083/4083
f 4046/4046 4024/4024 4082/4082
f 4074/4074 4046/4046 4082/4082
f 4009/4009 4008/4008 4010/4010
f 4037/4037 4024/4024 4046/4046
f 4058/4058 4041/4041 3994/3994
f 4013/4013 4050/4050 3985/3985
f 4013/4013 3110/3110 4093/4093
f 4027/4027 4007/4007 4095/4095
f 4095/4095 4007/4007 4009/4009
f 4095/4095 4009/4009 4096/4096
f 4075/4075 3959/3959 3965/3965
f 4035/4035 3962/3962 3989/3989
f 3127/3127 3110/3110 4013/4013
f 4093/4093 4066/4066 4051/4051
f 3158/3158 4069/4069 3164/3164
f 4067/4067 4087/4087 4081/4081
f 4097/4097 3977/3977 3979/3979
f 4093/4093 4050/4050 4013/4013
f 4089/4089 3985/3985 3223/3223
f 3963/3963 3973/3973 3957/3957
f 4093/4093 4051/4051 4050/4050
f 3140/3140 4050/4050 3111/3111
f 4053/4053 4054/4054 4057/4057
f 3985/3985 3239/3239 3240/3240
f 4005/4005 4062/4062 4048/4048
f 3140/3140 4086/4086 4050/4050
f 3124/3124 3174/3174 3173/3173
f 3141/3141 4086/4086 3140/3140
f 3117/3117 4065/4065 4062/4062
f 3117/3117 3178/3178 4065/4065
f 3169/3169 4049/4049 3972/3972
f 3223/3223 3985/3985 3197/3197
f 3222/3222 3992/3992 4063/4063
f 3132/3132 4085/4085 3141/3141
f 3156/3156 3975/3975 3157/3157
f 4057/4057 4054/4054 4032/4032
f 4092/4092 4022/4022 4098/4098
f 3156/3156 3974/3974 3975/3975
f 3146/3146 3974/3974 3156/3156
f 3990/3990 3989/3989 4001/4001
f 4096/4096 3961/3961 4072/4072
f 4012/4012 3978/3978 3977/3977
f 4016/4016 4084/4084 4052/4052
f 3139/3139 3963/3963 3138/3138
f 4096/4096 4009/4009 3961/3961
f 3985/3985 3980/3980 4003/4003
f 3188/3188 4068/4068 3238/3238
f 3141/3141 4085/4085 4086/4086
f 3126/3126 4014/4014 3241/3241
f 3218/3218 4089/4089 3204/3204
f 3124/3124 3103/3103 3174/3174
f 3204/3204 4089/4089 3223/3223
f 3128/3128 3159/3159 3098/3098
f 3092/3092 3968/3968 3149/3149
f 3136/3136 3986/3986 3154/3154
f 3130/3130 3219/3219 3161/3161
f 3130/3130 3240/3240 3219/3219
f 3187/3187 4087/4087 4067/4067
f 3103/3103 3184/3184 3174/3174
f 4099/4099 4040/4040 4029/4029
f 3099/3099 3103/3103 3100/3100

g Object_default-grey.jpg

usemtl mat_30-default-grey.jpg

f 4022/4022 4100/4100 4098/4098
f 4101/4101 4097/4097 4102/4102
f 4103/4103 4104/4104 4105/4105
f 4106/4106 4098/4098 4100/4100
f 4107/4107 4078/4078 4080/4080
f 4106/4106 4092/4092 4098/4098
f 4073/4073 4108/4108 4109/4109
f 4109/4109 4108/4108 4110/4110
f 4111/4111 4101/4101 4023/4023
f 4112/4112 4113/4113 4114/4114
f 4115/4115 4088/4088 4116/4116
f 4025/4025 3981/3981 3969/3969
f 4023/4023 4101/4101 4102/4102
f 507/507 501/501 4117/4117
f 2246/2246 508/508 2250/2250
f 4118/4118 4119/4119 4120/4120
f 4111/4111 4011/4011 4101/4101
f 4121/4121 4110/4110 4082/4082
f 2248/2248 2246/2246 2250/2250
f 4004/4004 4122/4122 4035/4035
f 463/463 4123/4123 4124/4124
f 4116/4116 4125/4125 4126/4126
f 4117/4117 4127/4127 507/507
f 4128/4128 4129/4129 4130/4130
f 4131/4131 4127/4127 4113/4113
f 463/463 4132/4132 4133/4133
f 4111/4111 3997/3997 4134/4134
f 4123/4123 4105/4105 4135/4135
f 4119/4119 4136/4136 4137/4137
f 4138/4138 4139/4139 4140/4140
f 4141/4141 4113/4113 4112/4112
f 4125/4125 4142/4142 4143/4143
f 4144/4144 4132/4132 4145/4145
f 4146/4146 4147/4147 4148/4148
f 4096/4096 4120/4120 4095/4095
f 4146/4146 4149/4149 4147/4147
f 4121/4121 4025/4025 3969/3969
f 4150/4150 4058/4058 4151/4151
f 4118/4118 4122/4122 4004/4004
f 4152/4152 4153/4153 4154/4154
f 4155/4155 482/482 4156/4156
f 4157/4157 4158/4158 4129/4129
f 4159/4159 4152/4152 475/475
f 4160/4160 4161/4161 4071/4071
f 4162/4162 4163/4163 4164/4164
f 4122/4122 4072/4072 4035/4035
f 4165/4165 4166/4166 4141/4141
f 4116/4116 4083/4083 4125/4125
f 4167/4167 4168/4168 484/484
f 480/480 482/482 486/486
f 4169/4169 4022/4022 4021/4021
f 4120/4120 4119/4119 4137/4137
f 4106/4106 4170/4170 4134/4134
f 500/500 468/468 4171/4171
f 4172/4172 4173/4173 4144/4144
f 4167/4167 484/484 508/508
f 474/474 475/475 4152/4152
f 4174/4174 4152/4152 4159/4159
f 4175/4175 4176/4176 4177/4177
f 4178/4178 4165/4165 4179/4179
f 4101/4101 3977/3977 4097/4097
f 4165/4165 4180/4180 4166/4166
f 4172/4172 4181/4181 4182/4182
f 4112/4112 4114/4114 4148/4148
f 461/461 462/462 458/458
f 4183/4183 4128/4128 489/489
f 442/442 444/444 4175/4175
f 4184/4184 4047/4047 4074/4074
f 4185/4185 4186/4186 4187/4187
f 4178/4178 4179/4179 4149/4149
f 463/463 4145/4145 4132/4132
f 4131/4131 4113/4113 4166/4166
f 4112/4112 4148/4148 4147/4147
f 4165/4165 4141/4141 4179/4179
f 4100/4100 4188/4188 4106/4106
f 4110/4110 4184/4184 4074/4074
f 4161/4161 4189/4189 4034/4034
f 4059/4059 4058/4058 4150/4150
f 4059/4059 4150/4150 4161/4161
f 4115/4115 4018/4018 4088/4088
f 470/470 4190/4190 4191/4191
f 4192/4192 4193/4193 4158/4158
f 471/471 470/470 4191/4191
f 4166/4166 4113/4113 4141/4141
f 4194/4194 479/479 4154/4154
f 4125/4125 4083/4083 4044/4044
f 4111/4111 4143/4143 4073/4073
f 4150/4150 4189/4189 4161/4161
f 4195/4195 4193/4193 4192/4192
f 4154/4154 479/479 474/474
f 4195/4195 4183/4183 489/489
f 4140/4140 4196/4196 4176/4176
f 4195/4195 489/489 4197/4197
f 4149/4149 4179/4179 4147/4147
f 4198/4198 4199/4199 4200/4200
f 4201/4201 4202/4202 4203/4203
f 4144/4144 4173/4173 4132/4132
f 4040/4040 4204/4204 3995/3995
f 4205/4205 4196/4196 4140/4140
f 4133/4133 4105/4105 4123/4123
f 4206/4206 473/473 4131/4131
f 465/465 4127/4127 4131/4131
f 4207/4207 4208/4208 4176/4176
f 4209/4209 4186/4186 4185/4185
f 4210/4210 4211/4211 4056/4056
f 4056/4056 4211/4211 4090/4090
f 4212/4212 4199/4199 4198/4198
f 4205/4205 4140/4140 4139/4139
f 4148/4148 4114/4114 4117/4117
f 4201/4201 4203/4203 4213/4213
f 484/484 4168/4168 483/483
f 4125/4125 4044/4044 4142/4142
f 4169/4169 4188/4188 4100/4100
f 4099/4099 4204/4204 4040/4040
f 4204/4204 4002/4002 3993/3993
f 4110/4110 4074/4074 4082/4082
f 4182/4182 4214/4214 4181/4181
f 4215/4215 4216/4216 4217/4217
f 4218/4218 4215/4215 4217/4217
f 4188/4188 4115/4115 4170/4170
f 480/480 4156/4156 482/482
f 4206/4206 4180/4180 4178/4178
f 2248/2248 2250/2250 2243/2243
f 472/472 473/473 4206/4206
f 4204/4204 3993/3993 3995/3995
f 4134/4134 3997/3997 4092/4092
f 4183/4183 4187/4187 4219/4219
f 4210/4210 4057/4057 4189/4189
f 472/472 4206/4206 4178/4178
f 4155/4155 4156/4156 480/480
f 4109/4109 3984/3984 4073/4073
f 4220/4220 4059/4059 4160/4160
f 4120/4120 4137/4137 4095/4095
f 4126/4126 4125/4125 4143/4143
f 4111/4111 4023/4023 3997/3997
f 4221/4221 4018/4018 4115/4115
f 4157/4157 4209/4209 4158/4158
f 4209/4209 4157/4157 4185/4185
f 4115/4115 4116/4116 4170/4170
f 448/448 472/472 4149/4149
f 4182/4182 4105/4105 4214/4214
f 4095/4095 4137/4137 4027/4027
f 4189/4189 4032/4032 4034/4034
f 4222/4222 4223/4223 4163/4163
f 472/472 4178/4178 4149/4149
f 3953/3953 4023/4023 4102/4102
f 4102/4102 4097/4097 3979/3979
f 4121/4121 4082/4082 4025/4025
f 4161/4161 4034/4034 4071/4071
f 4170/4170 4116/4116 4126/4126
f 4133/4133 4103/4103 4105/4105
f 4210/4210 4151/4151 4211/4211
f 4146/4146 4148/4148 4171/4171
f 4171/4171 4117/4117 501/501
f 4142/4142 4044/4044 4045/4045
f 3953/3953 4102/4102 3954/3954
f 4128/4128 4157/4157 4129/4129
f 4224/4224 4208/4208 4174/4174
f 4225/4225 4029/4029 4031/4031
f 4171/4171 4148/4148 4117/4117
f 463/463 4133/4133 4123/4123
f 4184/4184 4045/4045 4047/4047
f 4196/4196 4207/4207 4176/4176
f 4226/4226 4123/4123 4135/4135
f 2246/2246 4167/4167 508/508
f 4181/4181 4227/4227 4105/4105
f 4160/4160 4059/4059 4161/4161
f 4221/4221 4080/4080 4018/4018
f 4195/4195 4192/4192 4187/4187
f 465/465 4131/4131 473/473
f 444/444 4138/4138 4175/4175
f 4220/4220 4225/4225 4031/4031
f 4220/4220 4031/4031 4059/4059
f 4204/4204 4225/4225 4002/4002
f 4122/4122 4120/4120 4096/4096
f 4228/4228 4153/4153 4207/4207
f 4150/4150 4210/4210 4189/4189
f 4178/4178 4180/4180 4165/4165
f 4107/4107 4080/4080 4221/4221
f 4206/4206 4131/4131 4166/4166
f 4206/4206 4166/4166 4180/4180
f 4194/4194 4228/4228 4205/4205
f 4179/4179 4112/4112 4147/4147
f 4177/4177 4208/4208 4224/4224
f 4154/4154 4153/4153 4228/4228
f 4104/4104 4181/4181 4105/4105
f 4035/4035 4072/4072 3960/3960
f 4107/4107 4169/4169 4021/4021
f 4109/4109 3971/3971 3984/3984
f 4181/4181 4214/4214 4227/4227
f 4118/4118 4039/4039 4119/4119
f 4229/4229 4230/4230 4231/4231
f 4138/4138 4140/4140 4175/4175
f 4179/4179 4141/4141 4112/4112
f 448/448 4149/4149 4146/4146
f 500/500 4171/4171 501/501
f 4121/4121 3971/3971 4109/4109
f 4194/4194 4154/4154 4228/4228
f 4134/4134 4092/4092 4106/4106
f 4221/4221 4115/4115 4188/4188
f 4107/4107 4221/4221 4169/4169
f 4232/4232 4199/4199 4212/4212
f 4111/4111 4073/4073 4011/4011
f 4189/4189 4057/4057 4032/4032
f 4207/4207 4174/4174 4208/4208
f 4116/4116 4088/4088 4083/4083
f 4109/4109 4110/4110 4121/4121
f 4135/4135 4105/4105 4182/4182
f 4039/4039 4118/4118 4004/4004
f 4233/4233 4220/4220 4160/4160
f 438/438 4159/4159 476/476
f 4078/4078 4107/4107 4021/4021
f 438/438 4224/4224 4159/4159
f 4224/4224 4174/4174 4159/4159
f 4209/4209 4187/4187 4234/4234
f 4142/4142 4045/4045 4184/4184
f 4211/4211 4015/4015 4017/4017
f 4219/4219 4187/4187 4235/4235
f 4232/4232 4198/4198 4200/4200
f 4220/4220 3990/3990 4002/4002
f 4175/4175 4140/4140 4176/4176
f 4017/4017 4053/4053 4090/4090
f 480/480 482/482 4155/4155
f 4236/4236 4222/4222 4163/4163
f 4211/4211 4017/4017 4090/4090
f 4113/4113 4127/4127 4114/4114
f 482/482 481/481 486/486
f 507/507 4127/4127 465/465
f 506/506 4177/4177 4224/4224
f 4170/4170 4126/4126 4134/4134
f 4176/4176 4208/4208 4177/4177
f 4139/4139 4194/4194 4205/4205
f 4195/4195 4197/4197 4193/4193
f 4137/4137 4136/4136 4233/4233
f 4138/4138 4194/4194 4139/4139
f 4099/4099 4225/4225 4204/4204
f 4134/4134 4126/4126 4111/4111
f 4108/4108 4142/4142 4184/4184
f 4143/4143 4142/4142 4108/4108
f 4232/4232 4212/4212 4198/4198
f 442/442 4175/4175 4177/4177
f 506/506 442/442 4177/4177
f 506/506 4224/4224 438/438
f 444/444 479/479 4138/4138
f 4143/4143 4108/4108 4073/4073
f 4174/4174 4153/4153 4152/4152
f 476/476 4159/4159 475/475
f 4225/4225 4220/4220 4002/4002
f 468/468 4146/4146 4171/4171
f 4205/4205 4228/4228 4196/4196
f 4228/4228 4207/4207 4196/4196
f 4138/4138 479/479 4194/4194
f 4151/4151 3994/3994 4015/4015
f 4124/4124 4123/4123 4226/4226
f 4127/4127 4117/4117 4114/4114
f 4137/4137 4233/4233 4027/4027
f 4058/4058 3994/3994 4151/4151
f 448/448 4146/4146 468/468
f 4101/4101 4011/4011 3977/3977
f 4237/4237 4238/4238 4218/4218
f 4238/4238 4215/4215 4218/4218
f 4238/4238 4217/4217 4216/4216
f 4226/4226 4135/4135 4172/4172
f 4183/4183 4195/4195 4187/4187
f 474/474 4152/4152 4154/4154
f 4169/4169 4221/4221 4188/4188
f 4126/4126 4143/4143 4111/4111
f 4230/4230 4229/4229 4239/4239
f 4100/4100 4022/4022 4169/4169
f 4027/4027 4233/4233 4091/4091
f 4233/4233 4160/4160 4091/4091
f 4122/4122 4118/4118 4120/4120
f 4188/4188 4170/4170 4106/4106
f 4207/4207 4153/4153 4174/4174
f 4119/4119 4039/4039 3988/3988
f 4192/4192 4185/4185 4187/4187
f 4136/4136 3990/3990 4220/4220
f 4210/4210 4056/4056 4057/4057
f 4150/4150 4151/4151 4210/4210
f 4237/4237 4217/4217 4238/4238
f 4128/4128 4130/4130 489/489
f 4121/4121 3969/3969 3971/3971
f 4235/4235 4187/4187 4209/4209
f 4136/4136 4220/4220 4233/4233
f 4182/4182 4181/4181 4172/4172
f 4225/4225 4099/4099 4029/4029
f 4222/4222 4162/4162 4164/4164
f 4072/4072 4122/4122 4096/4096
f 4119/4119 3988/3988 4136/4136
f 3954/3954 4102/4102 3979/3979
f 4136/4136 3988/3988 3990/3990
f 4108/4108 4184/4184 4110/4110
f 4151/4151 4015/4015 4211/4211
f 4185/4185 4192/4192 4158/4158
f 4236/4236 4162/4162 4222/4222
f 4091/4091 4160/4160 4071/4071
f 4209/4209 4234/4234 4186/4186
f 4164/4164 4163/4163 4223/4223
f 4231/4231 4239/4239 4229/4229
f 4173/4173 4172/4172 4182/4182
f 4135/4135 4182/4182 4172/4172
f 4209/4209 4185/4185 4158/4158

g Object_f1_t_bs3.jpg

usemtl mat_31-f1_t_bs3.jpg

f 4240/4240 4241/4241 4242/4242
f 4243/4243 4244/4244 4245/4245
f 4246/4246 4247/4247 4248/4248
f 4249/4249 4250/4250 4251/4251
f 4252/4252 4253/4253 4254/4254
f 4255/4255 4256/4256 4257/4257
f 4258/4258 4259/4259 4256/4256
f 4241/4241 4260/4260 4261/4261
f 4262/4262 4263/4263 4264/4264
f 4265/4265 4266/4266 4247/4247
f 4267/4267 4264/4264 4259/4259
f 4268/4268 4269/4269 4270/4270
f 4271/4271 4272/4272 4273/4273
f 4274/4274 4275/4275 4276/4276
f 4277/4277 4278/4278 4279/4279
f 4280/4280 4281/4281 4282/4282
f 4283/4283 4284/4284 4285/4285
f 4281/4281 4285/4285 4286/4286
f 4287/4287 4282/4282 4286/4286
f 4287/4287 4288/4288 4265/4265
f 4264/4264 4263/4263 4265/4265
f 4264/4264 4289/4289 4290/4290
f 4259/4259 4290/4290 4291/4291
f 4257/4257 4256/4256 4291/4291
f 4257/4257 4292/4292 4293/4293
f 4294/4294 4293/4293 4295/4295
f 4278/4278 4296/4296 4295/4295
f 4278/4278 4297/4297 4279/4279
f 4298/4298 4251/4251 4299/4299
f 4300/4300 4301/4301 4250/4250
f 4302/4302 4294/4294 4296/4296
f 4303/4303 4261/4261 4301/4301
f 4304/4304 4305/4305 4306/4306
f 4307/4307 4308/4308 4309/4309
f 4310/4310 4311/4311 4312/4312
f 4311/4311 4313/4313 4314/4314
f 4315/4315 4310/4310 4316/4316
f 4317/4317 4296/4296 4278/4278
f 4283/4283 4318/4318 4319/4319
f 4277/4277 4307/4307 4320/4320
f 4321/4321 4242/4242 4266/4266
f 4322/4322 4323/4323 4318/4318
f 4324/4324 4316/4316 4312/4312
f 4325/4325 4306/4306 4316/4316
f 4326/4326 4327/4327 4328/4328
f 4314/4314 4276/4276 4329/4329
f 4330/4330 4245/4245 4275/4275
f 4331/4331 4326/4326 4332/4332
f 4242/4242 4248/4248 4247/4247
f 4317/4317 4277/4277 4333/4333
f 4334/4334 4331/4331 4335/4335
f 4336/4336 4322/4322 4280/4280
f 4337/4337 4336/4336 4338/4338
f 4339/4339 4253/4253 4252/4252
f 4340/4340 4341/4341 4342/4342
f 4342/4342 4341/4341 4323/4323
f 4297/4297 4308/4308 4307/4307
f 4284/4284 4319/4319 4343/4343
f 4253/4253 4268/4268 4344/4344
f 4327/4327 4246/4246 4345/4345
f 4309/4309 4346/4346 4347/4347
f 4323/4323 4348/4348 4319/4319
f 4333/4333 4320/4320 4330/4330
f 4293/4293 4331/4331 4334/4334
f 4349/4349 4337/4337 4350/4350
f 4348/4348 4254/4254 4343/4343
f 4351/4351 4252/4252 4341/4341
f 4341/4341 4252/4252 4348/4348
f 4313/4313 4333/4333 4274/4274
f 4272/4272 4342/4342 4322/4322
f 4240/4240 4270/4270 4260/4260
f 4269/4269 4268/4268 4253/4253
f 4332/4332 4328/4328 4249/4249
f 4286/4286 4352/4352 4353/4353
f 4354/4354 4355/4355 4305/4305
f 4335/4335 4332/4332 4298/4298
f 4356/4356 4273/4273 4337/4337
f 4295/4295 4334/4334 4308/4308
f 4357/4357 4302/4302 4311/4311
f 4320/4320 4309/4309 4243/4243
f 4345/4345 4248/4248 4303/4303
f 4288/4288 4353/4353 4266/4266
f 4358/4358 4315/4315 4306/4306
f 4359/4359 4356/4356 4355/4355
f 4346/4346 4335/4335 4360/4360
f 4267/4267 4258/4258 4358/4358
f 4361/4361 4349/4349 4262/4262
f 4289/4289 4247/4247 4246/4246
f 4328/4328 4345/4345 4300/4300
f 4347/4347 4362/4362 4244/4244
f 4357/4357 4257/4257 4294/4294
f 4290/4290 4246/4246 4327/4327
f 4318/4318 4283/4283 4281/4281
f 4361/4361 4358/4358 4305/4305
f 4273/4273 4272/4272 4336/4336
f 4285/4285 4343/4343 4352/4352
f 4292/4292 4326/4326 4331/4331
f 4291/4291 4327/4327 4326/4326
f 4360/4360 4299/4299 4362/4362
f 4255/4255 4357/4357 4310/4310
f 4363/4363 4273/4273 4356/4356
f 4308/4308 4334/4334 4346/4346
f 4321/4321 4344/4344 4268/4268
f 4241/4241 4303/4303 4248/4248
f 4302/4302 4317/4317 4313/4313
f 4258/4258 4255/4255 4315/4315
f 4338/4338 4282/4282 4287/4287
f 4350/4350 4287/4287 4263/4263
f 4364/4364 4342/4342 4272/4272
f 4353/4353 4352/4352 4344/4344
f 4254/4254 4344/4344 4352/4352
f 4355/4355 4356/4356 4349/4349
f 4321/4321 4240/4240 4242/4242
f 4330/4330 4243/4243 4245/4245
f 4345/4345 4246/4246 4248/4248
f 4298/4298 4249/4249 4251/4251
f 4348/4348 4252/4252 4254/4254
f 4357/4357 4255/4255 4257/4257
f 4255/4255 4258/4258 4256/4256
f 4303/4303 4241/4241 4261/4261
f 4267/4267 4262/4262 4264/4264
f 4289/4289 4265/4265 4247/4247
f 4258/4258 4267/4267 4259/4259
f 4240/4240 4268/4268 4270/4270
f 4363/4363 4271/4271 4273/4273
f 4314/4314 4274/4274 4276/4276
f 4307/4307 4277/4277 4279/4279
f 4338/4338 4280/4280 4282/4282
f 4281/4281 4283/4283 4285/4285
f 4282/4282 4281/4281 4286/4286
f 4288/4288 4287/4287 4286/4286
f 4263/4263 4287/4287 4265/4265
f 4289/4289 4264/4264 4265/4265
f 4259/4259 4264/4264 4290/4290
f 4256/4256 4259/4259 4291/4291
f 4292/4292 4257/4257 4291/4291
f 4294/4294 4257/4257 4293/4293
f 4296/4296 4294/4294 4295/4295
f 4297/4297 4278/4278 4295/4295
f 4360/4360 4298/4298 4299/4299
f 4249/4249 4300/4300 4250/4250
f 4317/4317 4302/4302 4296/4296
f 4300/4300 4303/4303 4301/4301
f 4325/4325 4304/4304 4306/4306
f 4320/4320 4307/4307 4309/4309
f 4316/4316 4310/4310 4312/4312
f 4312/4312 4311/4311 4314/4314
f 4306/4306 4315/4315 4316/4316
f 4277/4277 4317/4317 4278/4278
f 4284/4284 4283/4283 4319/4319
f 4333/4333 4277/4277 4320/4320
f 4353/4353 4321/4321 4266/4266
f 4280/4280 4322/4322 4318/4318
f 4329/4329 4324/4324 4312/4312
f 4324/4324 4325/4325 4316/4316
f 4332/4332 4326/4326 4328/4328
f 4312/4312 4314/4314 4329/4329
f 4274/4274 4330/4330 4275/4275
f 4335/4335 4331/4331 4332/4332
f 4266/4266 4242/4242 4247/4247
f 4313/4313 4317/4317 4333/4333
f 4346/4346 4334/4334 4335/4335
f 4338/4338 4336/4336 4280/4280
f 4350/4350 4337/4337 4338/4338
f 4351/4351 4339/4339 4252/4252
f 4364/4364 4340/4340 4342/4342
f 4322/4322 4342/4342 4323/4323
f 4279/4279 4297/4297 4307/4307
f 4285/4285 4284/4284 4343/4343
f 4254/4254 4253/4253 4344/4344
f 4328/4328 4327/4327 4345/4345
f 4243/4243 4309/4309 4347/4347
f 4318/4318 4323/4323 4319/4319
f 4274/4274 4333/4333 4330/4330
f 4295/4295 4293/4293 4334/4334
f 4262/4262 4349/4349 4350/4350
f 4319/4319 4348/4348 4343/4343
f 4340/4340 4351/4351 4341/4341
f 4323/4323 4341/4341 4348/4348
f 4314/4314 4313/4313 4274/4274
f 4336/4336 4272/4272 4322/4322
f 4241/4241 4240/4240 4260/4260
f 4339/4339 4269/4269 4253/4253
f 4298/4298 4332/4332 4249/4249
f 4288/4288 4286/4286 4353/4353
f 4304/4304 4354/4354 4305/4305
f 4360/4360 4335/4335 4298/4298
f 4349/4349 4356/4356 4337/4337
f 4297/4297 4295/4295 4308/4308
f 4310/4310 4357/4357 4311/4311
f 4330/4330 4320/4320 4243/4243
f 4300/4300 4345/4345 4303/4303
f 4265/4265 4288/4288 4266/4266
f 4305/4305 4358/4358 4306/4306
f 4354/4354 4359/4359 4355/4355
f 4347/4347 4346/4346 4360/4360
f 4361/4361 4267/4267 4358/4358
f 4267/4267 4361/4361 4262/4262
f 4290/4290 4289/4289 4246/4246
f 4249/4249 4328/4328 4300/4300
f 4243/4243 4347/4347 4244/4244
f 4302/4302 4357/4357 4294/4294
f 4291/4291 4290/4290 4327/4327
f 4280/4280 4318/4318 4281/4281
f 4355/4355 4361/4361 4305/4305
f 4337/4337 4273/4273 4336/4336
f 4286/4286 4285/4285 4352/4352
f 4293/4293 4292/4292 4331/4331
f 4292/4292 4291/4291 4326/4326
f 4347/4347 4360/4360 4362/4362
f 4315/4315 4255/4255 4310/4310
f 4359/4359 4363/4363 4356/4356
f 4309/4309 4308/4308 4346/4346
f 4240/4240 4321/4321 4268/4268
f 4242/4242 4241/4241 4248/4248
f 4311/4311 4302/4302 4313/4313
f 4358/4358 4258/4258 4315/4315
f 4350/4350 4338/4338 4287/4287
f 4262/4262 4350/4350 4263/4263
f 4271/4271 4364/4364 4272/4272
f 4321/4321 4353/4353 4344/4344
f 4343/4343 4254/4254 4352/4352
f 4361/4361 4355/4355 4349/4349
f 4565/4565 4566/4566 4567/4567
f 4568/4568 4569/4569 4570/4570
f 4571/4571 4572/4572 4573/4573
f 4574/4574 4575/4575 4576/4576
f 4577/4577 4578/4578 4579/4579
f 4580/4580 4581/4581 4582/4582
f 4583/4583 4584/4584 4581/4581
f 4566/4566 4585/4585 4586/4586
f 4587/4587 4588/4588 4589/4589
f 4590/4590 4591/4591 4572/4572
f 4592/4592 4589/4589 4584/4584
f 4593/4593 4594/4594 4595/4595
f 4596/4596 4597/4597 4598/4598
f 4599/4599 4600/4600 4601/4601
f 4602/4602 4603/4603 4604/4604
f 4605/4605 4606/4606 4607/4607
f 4606/4606 4608/4608 4609/4609
f 4606/4606 4610/4610 4611/4611
f 4612/4612 4607/4607 4611/4611
f 4588/4588 4612/4612 4613/4613
f 4588/4588 4590/4590 4614/4614
f 4589/4589 4614/4614 4615/4615
f 4581/4581 4584/4584 4615/4615
f 4581/4581 4616/4616 4617/4617
f 4582/4582 4617/4617 4618/4618
f 4619/4619 4620/4620 4618/4618
f 4619/4619 4621/4621 4622/4622
f 4603/4603 4622/4622 4604/4604
f 4623/4623 4576/4576 4624/4624
f 4625/4625 4626/4626 4575/4575
f 4627/4627 4620/4620 4619/4619
f 4628/4628 4586/4586 4626/4626
f 4629/4629 4630/4630 4631/4631
f 4632/4632 4633/4633 4634/4634
f 4635/4635 4636/4636 4637/4637
f 4636/4636 4638/4638 4639/4639
f 4640/4640 4635/4635 4641/4641
f 4642/4642 4619/4619 4603/4603
f 4608/4608 4643/4643 4644/4644
f 4602/4602 4632/4632 4645/4645
f 4646/4646 4567/4567 4591/4591
f 4647/4647 4648/4648 4643/4643
f 4649/4649 4641/4641 4637/4637
f 4650/4650 4631/4631 4641/4641
f 4651/4651 4652/4652 4653/4653
f 4639/4639 4601/4601 4654/4654
f 4655/4655 4570/4570 4600/4600
f 4656/4656 4651/4651 4657/4657
f 4567/4567 4573/4573 4572/4572
f 4642/4642 4602/4602 4658/4658
f 4659/4659 4656/4656 4660/4660
f 4661/4661 4647/4647 4605/4605
f 4662/4662 4661/4661 4663/4663
f 4664/4664 4578/4578 4577/4577
f 4665/4665 4666/4666 4667/4667
f 4667/4667 4666/4666 4648/4648
f 4622/4622 4633/4633 4632/4632
f 4609/4609 4644/4644 4668/4668
f 4578/4578 4593/4593 4669/4669
f 4652/4652 4571/4571 4670/4670
f 4634/4634 4671/4671 4672/4672
f 4648/4648 4673/4673 4644/4644
f 4658/4658 4645/4645 4655/4655
f 4618/4618 4656/4656 4659/4659
f 4674/4674 4662/4662 4675/4675
f 4673/4673 4579/4579 4668/4668
f 4676/4676 4577/4577 4666/4666
f 4666/4666 4577/4577 4673/4673
f 4638/4638 4658/4658 4599/4599
f 4597/4597 4667/4667 4647/4647
f 4565/4565 4595/4595 4585/4585
f 4594/4594 4593/4593 4578/4578
f 4657/4657 4653/4653 4574/4574
f 4611/4611 4677/4677 4678/4678
f 4679/4679 4680/4680 4630/4630
f 4660/4660 4657/4657 4623/4623
f 4681/4681 4598/4598 4662/4662
f 4621/4621 4659/4659 4633/4633
f 4682/4682 4627/4627 4636/4636
f 4645/4645 4634/4634 4568/4568
f 4670/4670 4573/4573 4628/4628
f 4613/4613 4678/4678 4591/4591
f 4683/4683 4640/4640 4631/4631
f 4684/4684 4681/4681 4680/4680
f 4671/4671 4660/4660 4685/4685
f 4592/4592 4583/4583 4683/4683
f 4686/4686 4674/4674 4587/4587
f 4614/4614 4572/4572 4571/4571
f 4653/4653 4670/4670 4625/4625
f 4672/4672 4687/4687 4569/4569
f 4682/4682 4582/4582 4620/4620
f 4615/4615 4571/4571 4652/4652
f 4643/4643 4608/4608 4606/4606
f 4686/4686 4683/4683 4630/4630
f 4598/4598 4597/4597 4661/4661
f 4610/4610 4668/4668 4677/4677
f 4617/4617 4651/4651 4656/4656
f 4616/4616 4652/4652 4651/4651
f 4685/4685 4624/4624 4687/4687
f 4580/4580 4682/4682 4635/4635
f 4688/4688 4598/4598 4681/4681
f 4633/4633 4659/4659 4671/4671
f 4646/4646 4669/4669 4593/4593
f 4566/4566 4628/4628 4573/4573
f 4627/4627 4642/4642 4638/4638
f 4583/4583 4580/4580 4640/4640
f 4663/4663 4607/4607 4612/4612
f 4675/4675 4612/4612 4588/4588
f 4689/4689 4667/4667 4597/4597
f 4678/4678 4677/4677 4669/4669
f 4579/4579 4669/4669 4677/4677
f 4680/4680 4681/4681 4674/4674
f 4646/4646 4565/4565 4567/4567
f 4655/4655 4568/4568 4570/4570
f 4670/4670 4571/4571 4573/4573
f 4623/4623 4574/4574 4576/4576
f 4673/4673 4577/4577 4579/4579
f 4682/4682 4580/4580 4582/4582
f 4580/4580 4583/4583 4581/4581
f 4628/4628 4566/4566 4586/4586
f 4592/4592 4587/4587 4589/4589
f 4614/4614 4590/4590 4572/4572
f 4583/4583 4592/4592 4584/4584
f 4565/4565 4593/4593 4595/4595
f 4688/4688 4596/4596 4598/4598
f 4639/4639 4599/4599 4601/4601
f 4632/4632 4602/4602 4604/4604
f 4663/4663 4605/4605 4607/4607
f 4610/4610 4606/4606 4609/4609
f 4607/4607 4606/4606 4611/4611
f 4613/4613 4612/4612 4611/4611
f 4590/4590 4588/4588 4613/4613
f 4589/4589 4588/4588 4614/4614
f 4584/4584 4589/4589 4615/4615
f 4616/4616 4581/4581 4615/4615
f 4582/4582 4581/4581 4617/4617
f 4620/4620 4582/4582 4618/4618
f 4621/4621 4619/4619 4618/4618
f 4603/4603 4619/4619 4622/4622
f 4685/4685 4623/4623 4624/4624
f 4574/4574 4625/4625 4575/4575
f 4642/4642 4627/4627 4619/4619
f 4625/4625 4628/4628 4626/4626
f 4650/4650 4629/4629 4631/4631
f 4645/4645 4632/4632 4634/4634
f 4641/4641 4635/4635 4637/4637
f 4637/4637 4636/4636 4639/4639
f 4631/4631 4640/4640 4641/4641
f 4602/4602 4642/4642 4603/4603
f 4609/4609 4608/4608 4644/4644
f 4658/4658 4602/4602 4645/4645
f 4678/4678 4646/4646 4591/4591
f 4605/4605 4647/4647 4643/4643
f 4654/4654 4649/4649 4637/4637
f 4649/4649 4650/4650 4641/4641
f 4657/4657 4651/4651 4653/4653
f 4637/4637 4639/4639 4654/4654
f 4599/4599 4655/4655 4600/4600
f 4660/4660 4656/4656 4657/4657
f 4591/4591 4567/4567 4572/4572
f 4638/4638 4642/4642 4658/4658
f 4671/4671 4659/4659 4660/4660
f 4663/4663 4661/4661 4605/4605
f 4675/4675 4662/4662 4663/4663
f 4676/4676 4664/4664 4577/4577
f 4689/4689 4665/4665 4667/4667
f 4647/4647 4667/4667 4648/4648
f 4604/4604 4622/4622 4632/4632
f 4610/4610 4609/4609 4668/4668
f 4579/4579 4578/4578 4669/4669
f 4653/4653 4652/4652 4670/4670
f 4568/4568 4634/4634 4672/4672
f 4643/4643 4648/4648 4644/4644
f 4599/4599 4658/4658 4655/4655
f 4621/4621 4618/4618 4659/4659
f 4587/4587 4674/4674 4675/4675
f 4644/4644 4673/4673 4668/4668
f 4665/4665 4676/4676 4666/4666
f 4648/4648 4666/4666 4673/4673
f 4639/4639 4638/4638 4599/4599
f 4661/4661 4597/4597 4647/4647
f 4566/4566 4565/4565 4585/4585
f 4664/4664 4594/4594 4578/4578
f 4623/4623 4657/4657 4574/4574
f 4613/4613 4611/4611 4678/4678
f 4629/4629 4679/4679 4630/4630
f 4685/4685 4660/4660 4623/4623
f 4674/4674 4681/4681 4662/4662
f 4622/4622 4621/4621 4633/4633
f 4635/4635 4682/4682 4636/4636
f 4655/4655 4645/4645 4568/4568
f 4625/4625 4670/4670 4628/4628
f 4590/4590 4613/4613 4591/4591
f 4630/4630 4683/4683 4631/4631
f 4679/4679 4684/4684 4680/4680
f 4672/4672 4671/4671 4685/4685
f 4686/4686 4592/4592 4683/4683
f 4592/4592 4686/4686 4587/4587
f 4615/4615 4614/4614 4571/4571
f 4574/4574 4653/4653 4625/4625
f 4568/4568 4672/4672 4569/4569
f 4627/4627 4682/4682 4620/4620
f 4616/4616 4615/4615 4652/4652
f 4605/4605 4643/4643 4606/4606
f 4680/4680 4686/4686 4630/4630
f 4662/4662 4598/4598 4661/4661
f 4611/4611 4610/4610 4677/4677
f 4618/4618 4617/4617 4656/4656
f 4617/4617 4616/4616 4651/4651
f 4672/4672 4685/4685 4687/4687
f 4640/4640 4580/4580 4635/4635
f 4684/4684 4688/4688 4681/4681
f 4634/4634 4633/4633 4671/4671
f 4565/4565 4646/4646 4593/4593
f 4567/4567 4566/4566 4573/4573
f 4636/4636 4627/4627 4638/4638
f 4683/4683 4583/4583 4640/4640
f 4675/4675 4663/4663 4612/4612
f 4587/4587 4675/4675 4588/4588
f 4596/4596 4689/4689 4597/4597
f 4646/4646 4678/4678 4669/4669
f 4668/4668 4579/4579 4677/4677
f 4686/4686 4680/4680 4674/4674
f 5090/5090 5091/5091 5092/5092
f 5093/5093 5094/5094 5095/5095
f 5096/5096 5097/5097 5098/5098
f 5099/5099 5100/5100 5101/5101
f 5102/5102 5103/5103 5104/5104
f 5105/5105 5106/5106 5107/5107
f 5108/5108 5109/5109 5106/5106
f 5091/5091 5110/5110 5111/5111
f 5112/5112 5113/5113 5114/5114
f 5115/5115 5116/5116 5097/5097
f 5117/5117 5114/5114 5109/5109
f 5118/5118 5119/5119 5120/5120
f 5121/5121 5122/5122 5123/5123
f 5124/5124 5125/5125 5126/5126
f 5127/5127 5128/5128 5129/5129
f 5130/5130 5131/5131 5132/5132
f 5133/5133 5134/5134 5135/5135
f 5132/5132 5131/5131 5135/5135
f 5136/5136 5132/5132 5137/5137
f 5136/5136 5138/5138 5115/5115
f 5114/5114 5113/5113 5115/5115
f 5114/5114 5139/5139 5140/5140
f 5106/5106 5109/5109 5140/5140
f 5106/5106 5141/5141 5142/5142
f 5143/5143 5107/5107 5142/5142
f 5143/5143 5144/5144 5145/5145
f 5128/5128 5146/5146 5145/5145
f 5128/5128 5147/5147 5129/5129
f 5148/5148 5101/5101 5149/5149
f 5150/5150 5151/5151 5100/5100
f 5152/5152 5143/5143 5146/5146
f 5153/5153 5111/5111 5151/5151
f 5154/5154 5155/5155 5156/5156
f 5157/5157 5158/5158 5159/5159
f 5160/5160 5161/5161 5162/5162
f 5161/5161 5163/5163 5164/5164
f 5165/5165 5160/5160 5166/5166
f 5167/5167 5146/5146 5128/5128
f 5133/5133 5168/5168 5169/5169
f 5127/5127 5157/5157 5170/5170
f 5171/5171 5092/5092 5116/5116
f 5172/5172 5173/5173 5168/5168
f 5174/5174 5166/5166 5162/5162
f 5175/5175 5156/5156 5166/5166
f 5176/5176 5177/5177 5178/5178
f 5164/5164 5126/5126 5179/5179
f 5180/5180 5095/5095 5125/5125
f 5181/5181 5176/5176 5182/5182
f 5092/5092 5098/5098 5097/5097
f 5167/5167 5127/5127 5183/5183
f 5184/5184 5181/5181 5185/5185
f 5186/5186 5172/5172 5130/5130
f 5187/5187 5186/5186 5188/5188
f 5189/5189 5103/5103 5102/5102
f 5190/5190 5191/5191 5192/5192
f 5192/5192 5191/5191 5173/5173
f 5147/5147 5158/5158 5157/5157
f 5134/5134 5169/5169 5193/5193
f 5103/5103 5118/5118 5194/5194
f 5177/5177 5096/5096 5195/5195
f 5159/5159 5196/5196 5197/5197
f 5173/5173 5198/5198 5169/5169
f 5183/5183 5170/5170 5180/5180
f 5144/5144 5181/5181 5184/5184
f 5199/5199 5187/5187 5200/5200
f 5198/5198 5104/5104 5193/5193
f 5201/5201 5102/5102 5191/5191
f 5191/5191 5102/5102 5198/5198
f 5163/5163 5183/5183 5124/5124
f 5122/5122 5192/5192 5172/5172
f 5090/5090 5120/5120 5110/5110
f 5119/5119 5118/5118 5103/5103
f 5182/5182 5178/5178 5099/5099
f 5137/5137 5202/5202 5203/5203
f 5204/5204 5205/5205 5155/5155
f 5185/5185 5182/5182 5148/5148
f 5206/5206 5123/5123 5187/5187
f 5145/5145 5184/5184 5158/5158
f 5207/5207 5152/5152 5161/5161
f 5170/5170 5159/5159 5093/5093
f 5195/5195 5098/5098 5153/5153
f 5138/5138 5203/5203 5116/5116
f 5208/5208 5165/5165 5156/5156
f 5209/5209 5206/5206 5205/5205
f 5196/5196 5185/5185 5210/5210
f 5117/5117 5108/5108 5208/5208
f 5211/5211 5199/5199 5112/5112
f 5139/5139 5097/5097 5096/5096
f 5178/5178 5195/5195 5150/5150
f 5197/5197 5212/5212 5094/5094
f 5207/5207 5107/5107 5143/5143
f 5140/5140 5096/5096 5177/5177
f 5168/5168 5133/5133 5131/5131
f 5211/5211 5208/5208 5155/5155
f 5123/5123 5122/5122 5186/5186
f 5135/5135 5193/5193 5202/5202
f 5142/5142 5176/5176 5181/5181
f 5141/5141 5177/5177 5176/5176
f 5210/5210 5149/5149 5212/5212
f 5105/5105 5207/5207 5160/5160
f 5213/5213 5123/5123 5206/5206
f 5158/5158 5184/5184 5196/5196
f 5171/5171 5194/5194 5118/5118
f 5091/5091 5153/5153 5098/5098
f 5152/5152 5167/5167 5163/5163
f 5108/5108 5105/5105 5165/5165
f 5188/5188 5132/5132 5136/5136
f 5200/5200 5136/5136 5113/5113
f 5214/5214 5192/5192 5122/5122
f 5203/5203 5202/5202 5194/5194
f 5104/5104 5194/5194 5202/5202
f 5205/5205 5206/5206 5199/5199
f 5171/5171 5090/5090 5092/5092
f 5180/5180 5093/5093 5095/5095
f 5195/5195 5096/5096 5098/5098
f 5148/5148 5099/5099 5101/5101
f 5198/5198 5102/5102 5104/5104
f 5207/5207 5105/5105 5107/5107
f 5105/5105 5108/5108 5106/5106
f 5153/5153 5091/5091 5111/5111
f 5117/5117 5112/5112 5114/5114
f 5139/5139 5115/5115 5097/5097
f 5108/5108 5117/5117 5109/5109
f 5090/5090 5118/5118 5120/5120
f 5213/5213 5121/5121 5123/5123
f 5164/5164 5124/5124 5126/5126
f 5157/5157 5127/5127 5129/5129
f 5188/5188 5130/5130 5132/5132
f 5131/5131 5133/5133 5135/5135
f 5137/5137 5132/5132 5135/5135
f 5138/5138 5136/5136 5137/5137
f 5113/5113 5136/5136 5115/5115
f 5139/5139 5114/5114 5115/5115
f 5109/5109 5114/5114 5140/5140
f 5141/5141 5106/5106 5140/5140
f 5107/5107 5106/5106 5142/5142
f 5144/5144 5143/5143 5142/5142
f 5146/5146 5143/5143 5145/5145
f 5147/5147 5128/5128 5145/5145
f 5210/5210 5148/5148 5149/5149
f 5099/5099 5150/5150 5100/5100
f 5167/5167 5152/5152 5146/5146
f 5150/5150 5153/5153 5151/5151
f 5175/5175 5154/5154 5156/5156
f 5170/5170 5157/5157 5159/5159
f 5166/5166 5160/5160 5162/5162
f 5162/5162 5161/5161 5164/5164
f 5156/5156 5165/5165 5166/5166
f 5127/5127 5167/5167 5128/5128
f 5134/5134 5133/5133 5169/5169
f 5183/5183 5127/5127 5170/5170
f 5203/5203 5171/5171 5116/5116
f 5130/5130 5172/5172 5168/5168
f 5179/5179 5174/5174 5162/5162
f 5174/5174 5175/5175 5166/5166
f 5182/5182 5176/5176 5178/5178
f 5162/5162 5164/5164 5179/5179
f 5124/5124 5180/5180 5125/5125
f 5185/5185 5181/5181 5182/5182
f 5116/5116 5092/5092 5097/5097
f 5163/5163 5167/5167 5183/5183
f 5196/5196 5184/5184 5185/5185
f 5188/5188 5186/5186 5130/5130
f 5200/5200 5187/5187 5188/5188
f 5201/5201 5189/5189 5102/5102
f 5214/5214 5190/5190 5192/5192
f 5172/5172 5192/5192 5173/5173
f 5129/5129 5147/5147 5157/5157
f 5135/5135 5134/5134 5193/5193
f 5104/5104 5103/5103 5194/5194
f 5178/5178 5177/5177 5195/5195
f 5093/5093 5159/5159 5197/5197
f 5168/5168 5173/5173 5169/5169
f 5124/5124 5183/5183 5180/5180
f 5145/5145 5144/5144 5184/5184
f 5112/5112 5199/5199 5200/5200
f 5169/5169 5198/5198 5193/5193
f 5190/5190 5201/5201 5191/5191
f 5173/5173 5191/5191 5198/5198
f 5164/5164 5163/5163 5124/5124
f 5186/5186 5122/5122 5172/5172
f 5091/5091 5090/5090 5110/5110
f 5189/5189 5119/5119 5103/5103
f 5148/5148 5182/5182 5099/5099
f 5138/5138 5137/5137 5203/5203
f 5154/5154 5204/5204 5155/5155
f 5210/5210 5185/5185 5148/5148
f 5199/5199 5206/5206 5187/5187
f 5147/5147 5145/5145 5158/5158
f 5160/5160 5207/5207 5161/5161
f 5180/5180 5170/5170 5093/5093
f 5150/5150 5195/5195 5153/5153
f 5115/5115 5138/5138 5116/5116
f 5155/5155 5208/5208 5156/5156
f 5204/5204 5209/5209 5205/5205
f 5197/5197 5196/5196 5210/5210
f 5211/5211 5117/5117 5208/5208
f 5117/5117 5211/5211 5112/5112
f 5140/5140 5139/5139 5096/5096
f 5099/5099 5178/5178 5150/5150
f 5093/5093 5197/5197 5094/5094
f 5152/5152 5207/5207 5143/5143
f 5141/5141 5140/5140 5177/5177
f 5130/5130 5168/5168 5131/5131
f 5205/5205 5211/5211 5155/5155
f 5187/5187 5123/5123 5186/5186
f 5137/5137 5135/5135 5202/5202
f 5144/5144 5142/5142 5181/5181
f 5142/5142 5141/5141 5176/5176
f 5197/5197 5210/5210 5212/5212
f 5165/5165 5105/5105 5160/5160
f 5209/5209 5213/5213 5206/5206
f 5159/5159 5158/5158 5196/5196
f 5090/5090 5171/5171 5118/5118
f 5092/5092 5091/5091 5098/5098
f 5161/5161 5152/5152 5163/5163
f 5208/5208 5108/5108 5165/5165
f 5200/5200 5188/5188 5136/5136
f 5112/5112 5200/5200 5113/5113
f 5121/5121 5214/5214 5122/5122
f 5171/5171 5203/5203 5194/5194
f 5193/5193 5104/5104 5202/5202
f 5211/5211 5205/5205 5199/5199
f 5415/5415 5416/5416 5417/5417
f 5418/5418 5419/5419 5420/5420
f 5421/5421 5422/5422 5423/5423
f 5424/5424 5425/5425 5426/5426
f 5427/5427 5428/5428 5429/5429
f 5430/5430 5431/5431 5432/5432
f 5433/5433 5434/5434 5431/5431
f 5416/5416 5435/5435 5436/5436
f 5437/5437 5438/5438 5439/5439
f 5440/5440 5441/5441 5422/5422
f 5442/5442 5439/5439 5434/5434
f 5443/5443 5444/5444 5445/5445
f 5446/5446 5447/5447 5448/5448
f 5449/5449 5450/5450 5451/5451
f 5452/5452 5453/5453 5454/5454
f 5455/5455 5456/5456 5457/5457
f 5456/5456 5458/5458 5459/5459
f 5456/5456 5460/5460 5461/5461
f 5462/5462 5457/5457 5461/5461
f 5462/5462 5463/5463 5440/5440
f 5439/5439 5438/5438 5440/5440
f 5439/5439 5464/5464 5465/5465
f 5434/5434 5465/5465 5466/5466
f 5432/5432 5431/5431 5466/5466
f 5432/5432 5467/5467 5468/5468
f 5469/5469 5470/5470 5468/5468
f 5469/5469 5471/5471 5472/5472
f 5453/5453 5472/5472 5454/5454
f 5473/5473 5426/5426 5474/5474
f 5475/5475 5476/5476 5425/5425
f 5477/5477 5470/5470 5469/5469
f 5478/5478 5436/5436 5476/5476
f 5479/5479 5480/5480 5481/5481
f 5482/5482 5483/5483 5484/5484
f 5485/5485 5486/5486 5487/5487
f 5486/5486 5488/5488 5489/5489
f 5490/5490 5485/5485 5491/5491
f 5492/5492 5469/5469 5453/5453
f 5458/5458 5493/5493 5494/5494
f 5452/5452 5482/5482 5495/5495
f 5496/5496 5417/5417 5441/5441
f 5497/5497 5498/5498 5493/5493
f 5499/5499 5491/5491 5487/5487
f 5500/5500 5481/5481 5491/5491
f 5501/5501 5502/5502 5503/5503
f 5489/5489 5451/5451 5504/5504
f 5505/5505 5420/5420 5450/5450
f 5506/5506 5501/5501 5507/5507
f 5417/5417 5423/5423 5422/5422
f 5492/5492 5452/5452 5508/5508
f 5509/5509 5506/5506 5510/5510
f 5511/5511 5497/5497 5455/5455
f 5512/5512 5511/5511 5513/5513
f 5514/5514 5428/5428 5427/5427
f 5515/5515 5516/5516 5517/5517
f 5517/5517 5516/5516 5498/5498
f 5472/5472 5483/5483 5482/5482
f 5459/5459 5494/5494 5518/5518
f 5428/5428 5443/5443 5519/5519
f 5502/5502 5421/5421 5520/5520
f 5484/5484 5521/5521 5522/5522
f 5498/5498 5523/5523 5494/5494
f 5508/5508 5495/5495 5505/5505
f 5468/5468 5506/5506 5509/5509
f 5524/5524 5512/5512 5525/5525
f 5523/5523 5429/5429 5518/5518
f 5526/5526 5427/5427 5516/5516
f 5516/5516 5427/5427 5523/5523
f 5488/5488 5508/5508 5449/5449
f 5447/5447 5517/5517 5497/5497
f 5415/5415 5445/5445 5435/5435
f 5444/5444 5443/5443 5428/5428
f 5507/5507 5503/5503 5424/5424
f 5461/5461 5527/5527 5528/5528
f 5529/5529 5530/5530 5480/5480
f 5510/5510 5507/5507 5473/5473
f 5531/5531 5448/5448 5512/5512
f 5471/5471 5509/5509 5483/5483
f 5532/5532 5477/5477 5486/5486
f 5495/5495 5484/5484 5418/5418
f 5520/5520 5423/5423 5478/5478
f 5463/5463 5528/5528 5441/5441
f 5533/5533 5490/5490 5481/5481
f 5534/5534 5531/5531 5530/5530
f 5521/5521 5510/5510 5535/5535
f 5442/5442 5433/5433 5533/5533
f 5536/5536 5524/5524 5437/5437
f 5464/5464 5422/5422 5421/5421
f 5503/5503 5520/5520 5475/5475
f 5522/5522 5537/5537 5419/5419
f 5532/5532 5432/5432 5470/5470
f 5465/5465 5421/5421 5502/5502
f 5493/5493 5458/5458 5456/5456
f 5536/5536 5533/5533 5480/5480
f 5448/5448 5447/5447 5511/5511
f 5460/5460 5518/5518 5527/5527
f 5467/5467 5501/5501 5506/5506
f 5466/5466 5502/5502 5501/5501
f 5535/5535 5474/5474 5537/5537
f 5430/5430 5532/5532 5485/5485
f 5538/5538 5448/5448 5531/5531
f 5483/5483 5509/5509 5521/5521
f 5496/5496 5519/5519 5443/5443
f 5416/5416 5478/5478 5423/5423
f 5477/5477 5492/5492 5488/5488
f 5433/5433 5430/5430 5490/5490
f 5513/5513 5457/5457 5462/5462
f 5525/5525 5462/5462 5438/5438
f 5539/5539 5517/5517 5447/5447
f 5528/5528 5527/5527 5519/5519
f 5429/5429 5519/5519 5527/5527
f 5530/5530 5531/5531 5524/5524
f 5496/5496 5415/5415 5417/5417
f 5505/5505 5418/5418 5420/5420
f 5520/5520 5421/5421 5423/5423
f 5473/5473 5424/5424 5426/5426
f 5523/5523 5427/5427 5429/5429
f 5532/5532 5430/5430 5432/5432
f 5430/5430 5433/5433 5431/5431
f 5478/5478 5416/5416 5436/5436
f 5442/5442 5437/5437 5439/5439
f 5464/5464 5440/5440 5422/5422
f 5433/5433 5442/5442 5434/5434
f 5415/5415 5443/5443 5445/5445
f 5538/5538 5446/5446 5448/5448
f 5489/5489 5449/5449 5451/5451
f 5482/5482 5452/5452 5454/5454
f 5513/5513 5455/5455 5457/5457
f 5460/5460 5456/5456 5459/5459
f 5457/5457 5456/5456 5461/5461
f 5463/5463 5462/5462 5461/5461
f 5438/5438 5462/5462 5440/5440
f 5464/5464 5439/5439 5440/5440
f 5434/5434 5439/5439 5465/5465
f 5431/5431 5434/5434 5466/5466
f 5467/5467 5432/5432 5466/5466
f 5470/5470 5432/5432 5468/5468
f 5471/5471 5469/5469 5468/5468
f 5453/5453 5469/5469 5472/5472
f 5535/5535 5473/5473 5474/5474
f 5424/5424 5475/5475 5425/5425
f 5492/5492 5477/5477 5469/5469
f 5475/5475 5478/5478 5476/5476
f 5500/5500 5479/5479 5481/5481
f 5495/5495 5482/5482 5484/5484
f 5491/5491 5485/5485 5487/5487
f 5487/5487 5486/5486 5489/5489
f 5481/5481 5490/5490 5491/5491
f 5452/5452 5492/5492 5453/5453
f 5459/5459 5458/5458 5494/5494
f 5508/5508 5452/5452 5495/5495
f 5528/5528 5496/5496 5441/5441
f 5455/5455 5497/5497 5493/5493
f 5504/5504 5499/5499 5487/5487
f 5499/5499 5500/5500 5491/5491
f 5507/5507 5501/5501 5503/5503
f 5487/5487 5489/5489 5504/5504
f 5449/5449 5505/5505 5450/5450
f 5510/5510 5506/5506 5507/5507
f 5441/5441 5417/5417 5422/5422
f 5488/5488 5492/5492 5508/5508
f 5521/5521 5509/5509 5510/5510
f 5513/5513 5511/5511 5455/5455
f 5525/5525 5512/5512 5513/5513
f 5526/5526 5514/5514 5427/5427
f 5539/5539 5515/5515 5517/5517
f 5497/5497 5517/5517 5498/5498
f 5454/5454 5472/5472 5482/5482
f 5460/5460 5459/5459 5518/5518
f 5429/5429 5428/5428 5519/5519
f 5503/5503 5502/5502 5520/5520
f 5418/5418 5484/5484 5522/5522
f 5493/5493 5498/5498 5494/5494
f 5449/5449 5508/5508 5505/5505
f 5471/5471 5468/5468 5509/5509
f 5437/5437 5524/5524 5525/5525
f 5494/5494 5523/5523 5518/5518
f 5515/5515 5526/5526 5516/5516
f 5498/5498 5516/5516 5523/5523
f 5489/5489 5488/5488 5449/5449
f 5511/5511 5447/5447 5497/5497
f 5416/5416 5415/5415 5435/5435
f 5514/5514 5444/5444 5428/5428
f 5473/5473 5507/5507 5424/5424
f 5463/5463 5461/5461 5528/5528
f 5479/5479 5529/5529 5480/5480
f 5535/5535 5510/5510 5473/5473
f 5524/5524 5531/5531 5512/5512
f 5472/5472 5471/5471 5483/5483
f 5485/5485 5532/5532 5486/5486
f 5505/5505 5495/5495 5418/5418
f 5475/5475 5520/5520 5478/5478
f 5440/5440 5463/5463 5441/5441
f 5480/5480 5533/5533 5481/5481
f 5529/5529 5534/5534 5530/5530
f 5522/5522 5521/5521 5535/5535
f 5536/5536 5442/5442 5533/5533
f 5442/5442 5536/5536 5437/5437
f 5465/5465 5464/5464 5421/5421
f 5424/5424 5503/5503 5475/5475
f 5418/5418 5522/5522 5419/5419
f 5477/5477 5532/5532 5470/5470
f 5466/5466 5465/5465 5502/5502
f 5455/5455 5493/5493 5456/5456
f 5530/5530 5536/5536 5480/5480
f 5512/5512 5448/5448 5511/5511
f 5461/5461 5460/5460 5527/5527
f 5468/5468 5467/5467 5506/5506
f 5467/5467 5466/5466 5501/5501
f 5522/5522 5535/5535 5537/5537
f 5490/5490 5430/5430 5485/5485
f 5534/5534 5538/5538 5531/5531
f 5484/5484 5483/5483 5521/5521
f 5415/5415 5496/5496 5443/5443
f 5417/5417 5416/5416 5423/5423
f 5486/5486 5477/5477 5488/5488
f 5533/5533 5433/5433 5490/5490
f 5525/5525 5513/5513 5462/5462
f 5437/5437 5525/5525 5438/5438
f 5446/5446 5539/5539 5447/5447
f 5496/5496 5528/5528 5519/5519
f 5518/5518 5429/5429 5527/5527
f 5536/5536 5530/5530 5524/5524

g Object_f1_t_t.jpg

usemtl mat_32-f1_t_t.jpg

f 4365/4365 4366/4366 4367/4367
f 4367/4367 4368/4368 4369/4369
f 4369/4369 4368/4368 4370/4370
f 4371/4371 4370/4370 4372/4372
f 4372/4372 4373/4373 4374/4374
f 4373/4373 4375/4375 4376/4376
f 4376/4376 4375/4375 4377/4377
f 4377/4377 4378/4378 4379/4379
f 4379/4379 4378/4378 4380/4380
f 4380/4380 4381/4381 4382/4382
f 4381/4381 4383/4383 4384/4384
f 4384/4384 4383/4383 4385/4385
f 4386/4386 4387/4387 4388/4388
f 4375/4375 4389/4389 4390/4390
f 4391/4391 4392/4392 4393/4393
f 4394/4394 4379/4379 4395/4395
f 4396/4396 4397/4397 4398/4398
f 4399/4399 4400/4400 4392/4392
f 4401/4401 4402/4402 4387/4387
f 4403/4403 4404/4404 4405/4405
f 4406/4406 4407/4407 4408/4408
f 4409/4409 4403/4403 4410/4410
f 4411/4411 4412/4412 4413/4413
f 4414/4414 4415/4415 4416/4416
f 4417/4417 4418/4418 4402/4402
f 4419/4419 4420/4420 4402/4402
f 4421/4421 4414/4414 4422/4422
f 4423/4423 4424/4424 4409/4409
f 4425/4425 4426/4426 4427/4427
f 4423/4423 4374/4374 4376/4376
f 4428/4428 4429/4429 4430/4430
f 4398/4398 4431/4431 4369/4369
f 4426/4426 4425/4425 4432/4432
f 4433/4433 4434/4434 4435/4435
f 4366/4366 4436/4436 4437/4437
f 4438/4438 4439/4439 4389/4389
f 4440/4440 4441/4441 4437/4437
f 4421/4421 4442/4442 4443/4443
f 4444/4444 4394/4394 4404/4404
f 4445/4445 4428/4428 4413/4413
f 4446/4446 4447/4447 4410/4410
f 4367/4367 4437/4437 4448/4448
f 4449/4449 4395/4395 4382/4382
f 4450/4450 4451/4451 4429/4429
f 4394/4394 4449/4449 4445/4445
f 4378/4378 4452/4452 4453/4453
f 4368/4368 4448/4448 4454/4454
f 4420/4420 4455/4455 4387/4387
f 4451/4451 4384/4384 4385/4385
f 4451/4451 4456/4456 4419/4419
f 4457/4457 4458/4458 4447/4447
f 4370/4370 4454/4454 4459/4459
f 4460/4460 4461/4461 4458/4458
f 4426/4426 4462/4462 4397/4397
f 4463/4463 4399/4399 4439/4439
f 4464/4464 4465/4465 4391/4391
f 4462/4462 4432/4432 4407/4407
f 4466/4466 4467/4467 4374/4374
f 4468/4468 4408/4408 4442/4442
f 4449/4449 4450/4450 4428/4428
f 4377/4377 4390/4390 4452/4452
f 4468/4468 4421/4421 4441/4441
f 4429/4429 4419/4419 4418/4418
f 4462/4462 4406/4406 4469/4469
f 4415/4415 4470/4470 4471/4471
f 4472/4472 4430/4430 4418/4418
f 4455/4455 4473/4473 4388/4388
f 4470/4470 4474/4474 4475/4475
f 4476/4476 4477/4477 4478/4478
f 4380/4380 4453/4453 4479/4479
f 4473/4473 4464/4464 4480/4480
f 4481/4481 4365/4365 4431/4431
f 4441/4441 4422/4422 4448/4448
f 4436/4436 4366/4366 4365/4365
f 4456/4456 4482/4482 4420/4420
f 4463/4463 4475/4475 4400/4400
f 4406/4406 4468/4468 4440/4440
f 4415/4415 4483/4483 4474/4474
f 4424/4424 4444/4444 4403/4403
f 4482/4482 4479/4479 4455/4455
f 4373/4373 4484/4484 4389/4389
f 4397/4397 4469/4469 4481/4481
f 4471/4471 4438/4438 4484/4484
f 4404/4404 4445/4445 4412/4412
f 4444/4444 4485/4485 4379/4379
f 4450/4450 4382/4382 4384/4384
f 4461/4461 4427/4427 4477/4477
f 4427/4427 4426/4426 4396/4396
f 4477/4477 4396/4396 4486/4486
f 4479/4479 4453/4453 4473/4473
f 4487/4487 4427/4427 4461/4461
f 4488/4488 4476/4476 4466/4466
f 4486/4486 4369/4369 4371/4371
f 4422/4422 4416/4416 4454/4454
f 4424/4424 4376/4376 4485/4485
f 4416/4416 4471/4471 4459/4459
f 4390/4390 4389/4389 4439/4439
f 4452/4452 4390/4390 4465/4465
f 4489/4489 4405/4405 4412/4412
f 4478/4478 4371/4371 4467/4467
f 4381/4381 4479/4479 4482/4482
f 4465/4465 4439/4439 4399/4399
f 4458/4458 4461/4461 4476/4476
f 4469/4469 4440/4440 4436/4436
f 4490/4490 4410/4410 4405/4405
f 4491/4491 4492/4492 4493/4493
f 4494/4494 4495/4495 4496/4496
f 4492/4492 4497/4497 4498/4498
f 4497/4497 4499/4499 4500/4500
f 4501/4501 4502/4502 4503/4503
f 4504/4504 4496/4496 4505/4505
f 4506/4506 4507/4507 4508/4508
f 4372/4372 4459/4459 4484/4484
f 4509/4509 4510/4510 4511/4511
f 4507/4507 4512/4512 4513/4513
f 4470/4470 4463/4463 4438/4438
f 4514/4514 4413/4413 4430/4430
f 4488/4488 4409/4409 4447/4447
f 4480/4480 4393/4393 4515/4515
f 4383/4383 4482/4482 4456/4456
f 4414/4414 4443/4443 4483/4483
f 4506/4506 4516/4516 4495/4495
f 4517/4517 4518/4518 4519/4519
f 4517/4517 4520/4520 4521/4521
f 4522/4522 4521/4521 4523/4523
f 4524/4524 4525/4525 4523/4523
f 4524/4524 4526/4526 4527/4527
f 4528/4528 4527/4527 4529/4529
f 4530/4530 4531/4531 4529/4529
f 4530/4530 4532/4532 4533/4533
f 4534/4534 4535/4535 4533/4533
f 4534/4534 4536/4536 4537/4537
f 4538/4538 4539/4539 4537/4537
f 4538/4538 4540/4540 4541/4541
f 4542/4542 4501/4501 4543/4543
f 4544/4544 4545/4545 4546/4546
f 4547/4547 4548/4548 4549/4549
f 4550/4550 4435/4435 4434/4434
f 4453/4453 4452/4452 4464/4464
f 4548/4548 4551/4551 4552/4552
f 4551/4551 4550/4550 4553/4553
f 4545/4545 4554/4554 4555/4555
f 4502/4502 4556/4556 4557/4557
f 4554/4554 4547/4547 4558/4558
f 4512/4512 4491/4491 4559/4559
f 4560/4560 4505/4505 4510/4510
f 4511/4511 4542/4542 4561/4561
f 4499/4499 4544/4544 4562/4562
f 4556/4556 4433/4433 4563/4563
f 4431/4431 4365/4365 4367/4367
f 4431/4431 4367/4367 4369/4369
f 4371/4371 4369/4369 4370/4370
f 4467/4467 4371/4371 4372/4372
f 4467/4467 4372/4372 4374/4374
f 4374/4374 4373/4373 4376/4376
f 4485/4485 4376/4376 4377/4377
f 4485/4485 4377/4377 4379/4379
f 4395/4395 4379/4379 4380/4380
f 4395/4395 4380/4380 4382/4382
f 4382/4382 4381/4381 4384/4384
f 4515/4515 4386/4386 4388/4388
f 4377/4377 4375/4375 4390/4390
f 4480/4480 4391/4391 4393/4393
f 4449/4449 4394/4394 4395/4395
f 4486/4486 4396/4396 4398/4398
f 4391/4391 4399/4399 4392/4392
f 4386/4386 4401/4401 4387/4387
f 4410/4410 4403/4403 4405/4405
f 4468/4468 4406/4406 4408/4408
f 4447/4447 4409/4409 4410/4410
f 4514/4514 4411/4411 4413/4413
f 4422/4422 4414/4414 4416/4416
f 4401/4401 4417/4417 4402/4402
f 4418/4418 4419/4419 4402/4402
f 4441/4441 4421/4421 4422/4422
f 4488/4488 4423/4423 4409/4409
f 4487/4487 4425/4425 4427/4427
f 4424/4424 4423/4423 4376/4376
f 4413/4413 4428/4428 4430/4430
f 4486/4486 4398/4398 4369/4369
f 4462/4462 4426/4426 4432/4432
f 4563/4563 4433/4433 4435/4435
f 4367/4367 4366/4366 4437/4437
f 4484/4484 4438/4438 4389/4389
f 4436/4436 4440/4440 4437/4437
f 4414/4414 4421/4421 4443/4443
f 4403/4403 4444/4444 4404/4404
f 4412/4412 4445/4445 4413/4413
f 4490/4490 4446/4446 4410/4410
f 4368/4368 4367/4367 4448/4448
f 4450/4450 4449/4449 4382/4382
f 4428/4428 4450/4450 4429/4429
f 4404/4404 4394/4394 4445/4445
f 4380/4380 4378/4378 4453/4453
f 4370/4370 4368/4368 4454/4454
f 4402/4402 4420/4420 4387/4387
f 4456/4456 4451/4451 4385/4385
f 4429/4429 4451/4451 4419/4419
f 4446/4446 4457/4457 4447/4447
f 4372/4372 4370/4370 4459/4459
f 4457/4457 4460/4460 4458/4458
f 4396/4396 4426/4426 4397/4397
f 4438/4438 4463/4463 4439/4439
f 4480/4480 4464/4464 4391/4391
f 4406/4406 4462/4462 4407/4407
f 4423/4423 4466/4466 4374/4374
f 4421/4421 4468/4468 4442/4442
f 4445/4445 4449/4449 4428/4428
f 4378/4378 4377/4377 4452/4452
f 4440/4440 4468/4468 4441/4441
f 4430/4430 4429/4429 4418/4418
f 4397/4397 4462/4462 4469/4469
f 4416/4416 4415/4415 4471/4471
f 4417/4417 4472/4472 4418/4418
f 4387/4387 4455/4455 4388/4388
f 4463/4463 4470/4470 4475/4475
f 4466/4466 4476/4476 4478/4478
f 4381/4381 4380/4380 4479/4479
f 4388/4388 4473/4473 4480/4480
f 4398/4398 4481/4481 4431/4431
f 4437/4437 4441/4441 4448/4448
f 4481/4481 4436/4436 4365/4365
f 4419/4419 4456/4456 4420/4420
f 4399/4399 4463/4463 4400/4400
f 4469/4469 4406/4406 4440/4440
f 4470/4470 4415/4415 4474/4474
f 4409/4409 4424/4424 4403/4403
f 4420/4420 4482/4482 4455/4455
f 4375/4375 4373/4373 4389/4389
f 4398/4398 4397/4397 4481/4481
f 4459/4459 4471/4471 4484/4484
f 4405/4405 4404/4404 4412/4412
f 4394/4394 4444/4444 4379/4379
f 4451/4451 4450/4450 4384/4384
f 4476/4476 4461/4461 4477/4477
f 4477/4477 4427/4427 4396/4396
f 4478/4478 4477/4477 4486/4486
f 4455/4455 4479/4479 4473/4473
f 4460/4460 4487/4487 4461/4461
f 4423/4423 4488/4488 4466/4466
f 4478/4478 4486/4486 4371/4371
f 4448/4448 4422/4422 4454/4454
f 4444/4444 4424/4424 4485/4485
f 4454/4454 4416/4416 4459/4459
f 4465/4465 4390/4390 4439/4439
f 4464/4464 4452/4452 4465/4465
f 4411/4411 4489/4489 4412/4412
f 4466/4466 4478/4478 4467/4467
f 4383/4383 4381/4381 4482/4482
f 4391/4391 4465/4465 4399/4399
f 4488/4488 4458/4458 4476/4476
f 4481/4481 4469/4469 4436/4436
f 4489/4489 4490/4490 4405/4405
f 4559/4559 4491/4491 4493/4493
f 4504/4504 4494/4494 4496/4496
f 4493/4493 4492/4492 4498/4498
f 4498/4498 4497/4497 4500/4500
f 4543/4543 4501/4501 4503/4503
f 4560/4560 4504/4504 4505/4505
f 4516/4516 4506/4506 4508/4508
f 4373/4373 4372/4372 4484/4484
f 4564/4564 4509/4509 4511/4511
f 4508/4508 4507/4507 4513/4513
f 4471/4471 4470/4470 4438/4438
f 4472/4472 4514/4514 4430/4430
f 4458/4458 4488/4488 4447/4447
f 4388/4388 4480/4480 4515/4515
f 4385/4385 4383/4383 4456/4456
f 4415/4415 4414/4414 4483/4483
f 4494/4494 4506/4506 4495/4495
f 4520/4520 4517/4517 4519/4519
f 4522/4522 4517/4517 4521/4521
f 4525/4525 4522/4522 4523/4523
f 4526/4526 4524/4524 4523/4523
f 4528/4528 4524/4524 4527/4527
f 4531/4531 4528/4528 4529/4529
f 4532/4532 4530/4530 4529/4529
f 4535/4535 4530/4530 4533/4533
f 4536/4536 4534/4534 4533/4533
f 4539/4539 4534/4534 4537/4537
f 4540/4540 4538/4538 4537/4537
f 4561/4561 4542/4542 4543/4543
f 4562/4562 4544/4544 4546/4546
f 4558/4558 4547/4547 4549/4549
f 4553/4553 4550/4550 4434/4434
f 4473/4473 4453/4453 4464/4464
f 4549/4549 4548/4548 4552/4552
f 4552/4552 4551/4551 4553/4553
f 4546/4546 4545/4545 4555/4555
f 4503/4503 4502/4502 4557/4557
f 4555/4555 4554/4554 4558/4558
f 4513/4513 4512/4512 4559/4559
f 4509/4509 4560/4560 4510/4510
f 4564/4564 4511/4511 4561/4561
f 4500/4500 4499/4499 4562/4562
f 4557/4557 4556/4556 4563/4563
f 4690/4690 4691/4691 4692/4692
f 4692/4692 4691/4691 4693/4693
f 4694/4694 4693/4693 4695/4695
f 4695/4695 4696/4696 4697/4697
f 4697/4697 4696/4696 4698/4698
f 4698/4698 4699/4699 4700/4700
f 4699/4699 4701/4701 4702/4702
f 4702/4702 4701/4701 4703/4703
f 4703/4703 4704/4704 4705/4705
f 4704/4704 4706/4706 4707/4707
f 4707/4707 4706/4706 4708/4708
f 4709/4709 4708/4708 4710/4710
f 4711/4711 4712/4712 4713/4713
f 4699/4699 4714/4714 4715/4715
f 4716/4716 4717/4717 4718/4718
f 4719/4719 4720/4720 4705/4705
f 4721/4721 4722/4722 4723/4723
f 4724/4724 4725/4725 4717/4717
f 4726/4726 4727/4727 4712/4712
f 4728/4728 4729/4729 4730/4730
f 4731/4731 4732/4732 4733/4733
f 4734/4734 4728/4728 4735/4735
f 4736/4736 4737/4737 4738/4738
f 4739/4739 4740/4740 4741/4741
f 4742/4742 4743/4743 4727/4727
f 4744/4744 4745/4745 4727/4727
f 4746/4746 4739/4739 4747/4747
f 4748/4748 4749/4749 4734/4734
f 4750/4750 4751/4751 4752/4752
f 4748/4748 4753/4753 4700/4700
f 4754/4754 4755/4755 4756/4756
f 4723/4723 4692/4692 4694/4694
f 4751/4751 4750/4750 4757/4757
f 4758/4758 4759/4759 4760/4760
f 4690/4690 4761/4761 4762/4762
f 4763/4763 4764/4764 4714/4714
f 4765/4765 4766/4766 4762/4762
f 4746/4746 4767/4767 4768/4768
f 4769/4769 4719/4719 4729/4729
f 4770/4770 4754/4754 4738/4738
f 4771/4771 4772/4772 4735/4735
f 4691/4691 4762/4762 4773/4773
f 4774/4774 4705/4705 4707/4707
f 4775/4775 4776/4776 4755/4755
f 4719/4719 4774/4774 4770/4770
f 4703/4703 4777/4777 4778/4778
f 4693/4693 4773/4773 4779/4779
f 4745/4745 4780/4780 4712/4712
f 4776/4776 4709/4709 4710/4710
f 4776/4776 4781/4781 4744/4744
f 4782/4782 4783/4783 4772/4772
f 4695/4695 4779/4779 4784/4784
f 4785/4785 4786/4786 4783/4783
f 4751/4751 4787/4787 4722/4722
f 4788/4788 4724/4724 4764/4764
f 4789/4789 4790/4790 4716/4716
f 4787/4787 4757/4757 4732/4732
f 4791/4791 4697/4697 4753/4753
f 4792/4792 4733/4733 4767/4767
f 4774/4774 4775/4775 4754/4754
f 4701/4701 4715/4715 4777/4777
f 4792/4792 4746/4746 4766/4766
f 4755/4755 4744/4744 4743/4743
f 4787/4787 4731/4731 4793/4793
f 4740/4740 4794/4794 4795/4795
f 4796/4796 4756/4756 4743/4743
f 4780/4780 4797/4797 4713/4713
f 4794/4794 4798/4798 4799/4799
f 4800/4800 4801/4801 4802/4802
f 4704/4704 4778/4778 4803/4803
f 4797/4797 4789/4789 4804/4804
f 4805/4805 4806/4806 4692/4692
f 4766/4766 4747/4747 4773/4773
f 4761/4761 4690/4690 4806/4806
f 4781/4781 4807/4807 4745/4745
f 4788/4788 4799/4799 4725/4725
f 4731/4731 4792/4792 4765/4765
f 4740/4740 4808/4808 4798/4798
f 4749/4749 4769/4769 4728/4728
f 4807/4807 4803/4803 4780/4780
f 4698/4698 4809/4809 4714/4714
f 4722/4722 4793/4793 4805/4805
f 4795/4795 4763/4763 4809/4809
f 4729/4729 4770/4770 4737/4737
f 4769/4769 4702/4702 4720/4720
f 4775/4775 4707/4707 4709/4709
f 4786/4786 4752/4752 4801/4801
f 4752/4752 4751/4751 4721/4721
f 4801/4801 4721/4721 4810/4810
f 4803/4803 4778/4778 4797/4797
f 4811/4811 4752/4752 4786/4786
f 4812/4812 4800/4800 4791/4791
f 4810/4810 4694/4694 4813/4813
f 4747/4747 4741/4741 4779/4779
f 4749/4749 4700/4700 4702/4702
f 4741/4741 4795/4795 4784/4784
f 4715/4715 4714/4714 4764/4764
f 4777/4777 4715/4715 4790/4790
f 4814/4814 4730/4730 4737/4737
f 4802/4802 4813/4813 4697/4697
f 4706/4706 4803/4803 4807/4807
f 4790/4790 4764/4764 4724/4724
f 4783/4783 4786/4786 4800/4800
f 4793/4793 4765/4765 4761/4761
f 4815/4815 4735/4735 4730/4730
f 4816/4816 4817/4817 4818/4818
f 4819/4819 4820/4820 4821/4821
f 4817/4817 4822/4822 4823/4823
f 4822/4822 4824/4824 4825/4825
f 4826/4826 4827/4827 4828/4828
f 4829/4829 4821/4821 4830/4830
f 4831/4831 4832/4832 4833/4833
f 4696/4696 4784/4784 4809/4809
f 4834/4834 4835/4835 4836/4836
f 4837/4837 4838/4838 4832/4832
f 4794/4794 4788/4788 4763/4763
f 4839/4839 4738/4738 4756/4756
f 4812/4812 4734/4734 4772/4772
f 4804/4804 4718/4718 4840/4840
f 4708/4708 4807/4807 4781/4781
f 4739/4739 4768/4768 4808/4808
f 4841/4841 4833/4833 4820/4820
f 4842/4842 4843/4843 4844/4844
f 4845/4845 4846/4846 4844/4844
f 4847/4847 4845/4845 4848/4848
f 4847/4847 4849/4849 4850/4850
f 4851/4851 4850/4850 4852/4852
f 4853/4853 4852/4852 4854/4854
f 4855/4855 4856/4856 4854/4854
f 4857/4857 4855/4855 4858/4858
f 4857/4857 4859/4859 4860/4860
f 4861/4861 4862/4862 4860/4860
f 4861/4861 4863/4863 4864/4864
f 4865/4865 4864/4864 4866/4866
f 4867/4867 4826/4826 4868/4868
f 4869/4869 4870/4870 4871/4871
f 4872/4872 4873/4873 4874/4874
f 4875/4875 4760/4760 4759/4759
f 4778/4778 4777/4777 4789/4789
f 4873/4873 4876/4876 4877/4877
f 4876/4876 4875/4875 4878/4878
f 4870/4870 4879/4879 4880/4880
f 4827/4827 4881/4881 4882/4882
f 4879/4879 4872/4872 4883/4883
f 4837/4837 4816/4816 4884/4884
f 4885/4885 4830/4830 4835/4835
f 4836/4836 4867/4867 4886/4886
f 4824/4824 4869/4869 4887/4887
f 4881/4881 4758/4758 4888/4888
f 4806/4806 4690/4690 4692/4692
f 4694/4694 4692/4692 4693/4693
f 4813/4813 4694/4694 4695/4695
f 4813/4813 4695/4695 4697/4697
f 4753/4753 4697/4697 4698/4698
f 4753/4753 4698/4698 4700/4700
f 4700/4700 4699/4699 4702/4702
f 4720/4720 4702/4702 4703/4703
f 4720/4720 4703/4703 4705/4705
f 4705/4705 4704/4704 4707/4707
f 4709/4709 4707/4707 4708/4708
f 4840/4840 4711/4711 4713/4713
f 4701/4701 4699/4699 4715/4715
f 4804/4804 4716/4716 4718/4718
f 4774/4774 4719/4719 4705/4705
f 4810/4810 4721/4721 4723/4723
f 4716/4716 4724/4724 4717/4717
f 4711/4711 4726/4726 4712/4712
f 4735/4735 4728/4728 4730/4730
f 4792/4792 4731/4731 4733/4733
f 4772/4772 4734/4734 4735/4735
f 4839/4839 4736/4736 4738/4738
f 4747/4747 4739/4739 4741/4741
f 4726/4726 4742/4742 4727/4727
f 4743/4743 4744/4744 4727/4727
f 4766/4766 4746/4746 4747/4747
f 4812/4812 4748/4748 4734/4734
f 4811/4811 4750/4750 4752/4752
f 4749/4749 4748/4748 4700/4700
f 4738/4738 4754/4754 4756/4756
f 4810/4810 4723/4723 4694/4694
f 4787/4787 4751/4751 4757/4757
f 4888/4888 4758/4758 4760/4760
f 4691/4691 4690/4690 4762/4762
f 4809/4809 4763/4763 4714/4714
f 4761/4761 4765/4765 4762/4762
f 4739/4739 4746/4746 4768/4768
f 4728/4728 4769/4769 4729/4729
f 4737/4737 4770/4770 4738/4738
f 4815/4815 4771/4771 4735/4735
f 4693/4693 4691/4691 4773/4773
f 4775/4775 4774/4774 4707/4707
f 4754/4754 4775/4775 4755/4755
f 4729/4729 4719/4719 4770/4770
f 4704/4704 4703/4703 4778/4778
f 4695/4695 4693/4693 4779/4779
f 4727/4727 4745/4745 4712/4712
f 4781/4781 4776/4776 4710/4710
f 4755/4755 4776/4776 4744/4744
f 4771/4771 4782/4782 4772/4772
f 4696/4696 4695/4695 4784/4784
f 4782/4782 4785/4785 4783/4783
f 4721/4721 4751/4751 4722/4722
f 4763/4763 4788/4788 4764/4764
f 4804/4804 4789/4789 4716/4716
f 4731/4731 4787/4787 4732/4732
f 4748/4748 4791/4791 4753/4753
f 4746/4746 4792/4792 4767/4767
f 4770/4770 4774/4774 4754/4754
f 4703/4703 4701/4701 4777/4777
f 4765/4765 4792/4792 4766/4766
f 4756/4756 4755/4755 4743/4743
f 4722/4722 4787/4787 4793/4793
f 4741/4741 4740/4740 4795/4795
f 4742/4742 4796/4796 4743/4743
f 4712/4712 4780/4780 4713/4713
f 4788/4788 4794/4794 4799/4799
f 4791/4791 4800/4800 4802/4802
f 4706/4706 4704/4704 4803/4803
f 4713/4713 4797/4797 4804/4804
f 4723/4723 4805/4805 4692/4692
f 4762/4762 4766/4766 4773/4773
f 4805/4805 4761/4761 4806/4806
f 4744/4744 4781/4781 4745/4745
f 4724/4724 4788/4788 4725/4725
f 4793/4793 4731/4731 4765/4765
f 4794/4794 4740/4740 4798/4798
f 4734/4734 4749/4749 4728/4728
f 4745/4745 4807/4807 4780/4780
f 4699/4699 4698/4698 4714/4714
f 4723/4723 4722/4722 4805/4805
f 4784/4784 4795/4795 4809/4809
f 4730/4730 4729/4729 4737/4737
f 4719/4719 4769/4769 4720/4720
f 4776/4776 4775/4775 4709/4709
f 4800/4800 4786/4786 4801/4801
f 4801/4801 4752/4752 4721/4721
f 4802/4802 4801/4801 4810/4810
f 4780/4780 4803/4803 4797/4797
f 4785/4785 4811/4811 4786/4786
f 4748/4748 4812/4812 4791/4791
f 4802/4802 4810/4810 4813/4813
f 4773/4773 4747/4747 4779/4779
f 4769/4769 4749/4749 4702/4702
f 4779/4779 4741/4741 4784/4784
f 4790/4790 4715/4715 4764/4764
f 4789/4789 4777/4777 4790/4790
f 4736/4736 4814/4814 4737/4737
f 4791/4791 4802/4802 4697/4697
f 4708/4708 4706/4706 4807/4807
f 4716/4716 4790/4790 4724/4724
f 4812/4812 4783/4783 4800/4800
f 4805/4805 4793/4793 4761/4761
f 4814/4814 4815/4815 4730/4730
f 4884/4884 4816/4816 4818/4818
f 4829/4829 4819/4819 4821/4821
f 4818/4818 4817/4817 4823/4823
f 4823/4823 4822/4822 4825/4825
f 4868/4868 4826/4826 4828/4828
f 4885/4885 4829/4829 4830/4830
f 4841/4841 4831/4831 4833/4833
f 4698/4698 4696/4696 4809/4809
f 4889/4889 4834/4834 4836/4836
f 4831/4831 4837/4837 4832/4832
f 4795/4795 4794/4794 4763/4763
f 4796/4796 4839/4839 4756/4756
f 4783/4783 4812/4812 4772/4772
f 4713/4713 4804/4804 4840/4840
f 4710/4710 4708/4708 4781/4781
f 4740/4740 4739/4739 4808/4808
f 4819/4819 4841/4841 4820/4820
f 4846/4846 4842/4842 4844/4844
f 4848/4848 4845/4845 4844/4844
f 4849/4849 4847/4847 4848/4848
f 4851/4851 4847/4847 4850/4850
f 4853/4853 4851/4851 4852/4852
f 4856/4856 4853/4853 4854/4854
f 4858/4858 4855/4855 4854/4854
f 4859/4859 4857/4857 4858/4858
f 4862/4862 4857/4857 4860/4860
f 4863/4863 4861/4861 4860/4860
f 4865/4865 4861/4861 4864/4864
f 4886/4886 4867/4867 4868/4868
f 4887/4887 4869/4869 4871/4871
f 4883/4883 4872/4872 4874/4874
f 4878/4878 4875/4875 4759/4759
f 4797/4797 4778/4778 4789/4789
f 4874/4874 4873/4873 4877/4877
f 4877/4877 4876/4876 4878/4878
f 4871/4871 4870/4870 4880/4880
f 4828/4828 4827/4827 4882/4882
f 4880/4880 4879/4879 4883/4883
f 4838/4838 4837/4837 4884/4884
f 4834/4834 4885/4885 4835/4835
f 4889/4889 4836/4836 4886/4886
f 4825/4825 4824/4824 4887/4887
f 4882/4882 4881/4881 4888/4888
f 4890/4890 4891/4891 4892/4892
f 4892/4892 4891/4891 4893/4893
f 4894/4894 4893/4893 4895/4895
f 4895/4895 4896/4896 4897/4897
f 4897/4897 4896/4896 4898/4898
f 4898/4898 4899/4899 4900/4900
f 4900/4900 4899/4899 4901/4901
f 4901/4901 4902/4902 4903/4903
f 4903/4903 4902/4902 4904/4904
f 4904/4904 4905/4905 4906/4906
f 4906/4906 4905/4905 4907/4907
f 4908/4908 4907/4907 4909/4909
f 4910/4910 4911/4911 4912/4912
f 4899/4899 4913/4913 4914/4914
f 4915/4915 4916/4916 4917/4917
f 4918/4918 4903/4903 4919/4919
f 4920/4920 4921/4921 4922/4922
f 4923/4923 4924/4924 4916/4916
f 4925/4925 4926/4926 4911/4911
f 4927/4927 4928/4928 4929/4929
f 4930/4930 4931/4931 4932/4932
f 4933/4933 4927/4927 4934/4934
f 4935/4935 4936/4936 4937/4937
f 4938/4938 4939/4939 4940/4940
f 4941/4941 4942/4942 4926/4926
f 4943/4943 4944/4944 4926/4926
f 4945/4945 4938/4938 4946/4946
f 4947/4947 4948/4948 4933/4933
f 4949/4949 4950/4950 4951/4951
f 4947/4947 4952/4952 4900/4900
f 4953/4953 4954/4954 4955/4955
f 4922/4922 4892/4892 4894/4894
f 4950/4950 4949/4949 4956/4956
f 4957/4957 4958/4958 4959/4959
f 4890/4890 4960/4960 4961/4961
f 4962/4962 4963/4963 4913/4913
f 4964/4964 4965/4965 4961/4961
f 4945/4945 4966/4966 4967/4967
f 4968/4968 4918/4918 4928/4928
f 4969/4969 4953/4953 4937/4937
f 4970/4970 4971/4971 4934/4934
f 4891/4891 4961/4961 4972/4972
f 4973/4973 4919/4919 4906/4906
f 4974/4974 4975/4975 4954/4954
f 4918/4918 4973/4973 4969/4969
f 4902/4902 4976/4976 4977/4977
f 4893/4893 4972/4972 4978/4978
f 4944/4944 4979/4979 4911/4911
f 4975/4975 4908/4908 4909/4909
f 4975/4975 4980/4980 4943/4943
f 4981/4981 4982/4982 4971/4971
f 4895/4895 4978/4978 4983/4983
f 4984/4984 4985/4985 4982/4982
f 4950/4950 4986/4986 4921/4921
f 4987/4987 4923/4923 4963/4963
f 4988/4988 4989/4989 4915/4915
f 4986/4986 4956/4956 4931/4931
f 4990/4990 4897/4897 4952/4952
f 4991/4991 4932/4932 4966/4966
f 4973/4973 4974/4974 4953/4953
f 4901/4901 4914/4914 4976/4976
f 4991/4991 4945/4945 4965/4965
f 4954/4954 4943/4943 4942/4942
f 4986/4986 4930/4930 4992/4992
f 4939/4939 4993/4993 4994/4994
f 4995/4995 4955/4955 4942/4942
f 4979/4979 4996/4996 4912/4912
f 4993/4993 4997/4997 4998/4998
f 4999/4999 5000/5000 5001/5001
f 4904/4904 4977/4977 5002/5002
f 4996/4996 4988/4988 5003/5003
f 5004/5004 5005/5005 4892/4892
f 4965/4965 4946/4946 4972/4972
f 4960/4960 4890/4890 5005/5005
f 4980/4980 5006/5006 4944/4944
f 4987/4987 4998/4998 4924/4924
f 4930/4930 4991/4991 4964/4964
f 4939/4939 5007/5007 4997/4997
f 4948/4948 4968/4968 4927/4927
f 5006/5006 5002/5002 4979/4979
f 4898/4898 5008/5008 4913/4913
f 4921/4921 4992/4992 5004/5004
f 4994/4994 4962/4962 5008/5008
f 4928/4928 4969/4969 4936/4936
f 4968/4968 5009/5009 4903/4903
f 4974/4974 4906/4906 4908/4908
f 4985/4985 4951/4951 5000/5000
f 4951/4951 4950/4950 4920/4920
f 5000/5000 4920/4920 5010/5010
f 5002/5002 4977/4977 4996/4996
f 5011/5011 4951/4951 4985/4985
f 5012/5012 4999/4999 4990/4990
f 5010/5010 4894/4894 5013/5013
f 4946/4946 4940/4940 4978/4978
f 4948/4948 4900/4900 5009/5009
f 4940/4940 4994/4994 4983/4983
f 4914/4914 4913/4913 4963/4963
f 4976/4976 4914/4914 4989/4989
f 5014/5014 4929/4929 4936/4936
f 5001/5001 5013/5013 4897/4897
f 4905/4905 5002/5002 5006/5006
f 4989/4989 4963/4963 4923/4923
f 4982/4982 4985/4985 4999/4999
f 4992/4992 4964/4964 4960/4960
f 5015/5015 4934/4934 4929/4929
f 5016/5016 5017/5017 5018/5018
f 5019/5019 5020/5020 5021/5021
f 5017/5017 5022/5022 5023/5023
f 5022/5022 5024/5024 5025/5025
f 5026/5026 5027/5027 5028/5028
f 5029/5029 5021/5021 5030/5030
f 5031/5031 5032/5032 5033/5033
f 4896/4896 4983/4983 5008/5008
f 5034/5034 5035/5035 5036/5036
f 5037/5037 5038/5038 5033/5033
f 4993/4993 4987/4987 4962/4962
f 5039/5039 4937/4937 4955/4955
f 5012/5012 4933/4933 4971/4971
f 5003/5003 4917/4917 5040/5040
f 4907/4907 5006/5006 4980/4980
f 4938/4938 4967/4967 5007/5007
f 5019/5019 5031/5031 5041/5041
f 5042/5042 5043/5043 5044/5044
f 5045/5045 5046/5046 5044/5044
f 5047/5047 5045/5045 5048/5048
f 5047/5047 5049/5049 5050/5050
f 5051/5051 5052/5052 5050/5050
f 5053/5053 5051/5051 5054/5054
f 5053/5053 5055/5055 5056/5056
f 5057/5057 5058/5058 5056/5056
f 5057/5057 5059/5059 5060/5060
f 5061/5061 5062/5062 5060/5060
f 5061/5061 5063/5063 5064/5064
f 5065/5065 5064/5064 5066/5066
f 5067/5067 5026/5026 5068/5068
f 5069/5069 5070/5070 5071/5071
f 5072/5072 5073/5073 5074/5074
f 5075/5075 4959/4959 4958/4958
f 4977/4977 4976/4976 4988/4988
f 5074/5074 5073/5073 5076/5076
f 5077/5077 5076/5076 5075/5075
f 5070/5070 5078/5078 5079/5079
f 5027/5027 5080/5080 5081/5081
f 5078/5078 5072/5072 5082/5082
f 5037/5037 5016/5016 5083/5083
f 5084/5084 5030/5030 5035/5035
f 5085/5085 5036/5036 5067/5067
f 5024/5024 5069/5069 5086/5086
f 5080/5080 4957/4957 5087/5087
f 5005/5005 4890/4890 4892/4892
f 4894/4894 4892/4892 4893/4893
f 5013/5013 4894/4894 4895/4895
f 5013/5013 4895/4895 4897/4897
f 4952/4952 4897/4897 4898/4898
f 4952/4952 4898/4898 4900/4900
f 5009/5009 4900/4900 4901/4901
f 5009/5009 4901/4901 4903/4903
f 4919/4919 4903/4903 4904/4904
f 4919/4919 4904/4904 4906/4906
f 4908/4908 4906/4906 4907/4907
f 5040/5040 4910/4910 4912/4912
f 4901/4901 4899/4899 4914/4914
f 5003/5003 4915/4915 4917/4917
f 4973/4973 4918/4918 4919/4919
f 5010/5010 4920/4920 4922/4922
f 4915/4915 4923/4923 4916/4916
f 4910/4910 4925/4925 4911/4911
f 4934/4934 4927/4927 4929/4929
f 4991/4991 4930/4930 4932/4932
f 4971/4971 4933/4933 4934/4934
f 5039/5039 4935/4935 4937/4937
f 4946/4946 4938/4938 4940/4940
f 4925/4925 4941/4941 4926/4926
f 4942/4942 4943/4943 4926/4926
f 4965/4965 4945/4945 4946/4946
f 5012/5012 4947/4947 4933/4933
f 5011/5011 4949/4949 4951/4951
f 4948/4948 4947/4947 4900/4900
f 4937/4937 4953/4953 4955/4955
f 5010/5010 4922/4922 4894/4894
f 4986/4986 4950/4950 4956/4956
f 5087/5087 4957/4957 4959/4959
f 4891/4891 4890/4890 4961/4961
f 5008/5008 4962/4962 4913/4913
f 4960/4960 4964/4964 4961/4961
f 4938/4938 4945/4945 4967/4967
f 4927/4927 4968/4968 4928/4928
f 4936/4936 4969/4969 4937/4937
f 5015/5015 4970/4970 4934/4934
f 4893/4893 4891/4891 4972/4972
f 4974/4974 4973/4973 4906/4906
f 4953/4953 4974/4974 4954/4954
f 4928/4928 4918/4918 4969/4969
f 4904/4904 4902/4902 4977/4977
f 4895/4895 4893/4893 4978/4978
f 4926/4926 4944/4944 4911/4911
f 4980/4980 4975/4975 4909/4909
f 4954/4954 4975/4975 4943/4943
f 4970/4970 4981/4981 4971/4971
f 4896/4896 4895/4895 4983/4983
f 4981/4981 4984/4984 4982/4982
f 4920/4920 4950/4950 4921/4921
f 4962/4962 4987/4987 4963/4963
f 5003/5003 4988/4988 4915/4915
f 4930/4930 4986/4986 4931/4931
f 4947/4947 4990/4990 4952/4952
f 4945/4945 4991/4991 4966/4966
f 4969/4969 4973/4973 4953/4953
f 4902/4902 4901/4901 4976/4976
f 4964/4964 4991/4991 4965/4965
f 4955/4955 4954/4954 4942/4942
f 4921/4921 4986/4986 4992/4992
f 4940/4940 4939/4939 4994/4994
f 4941/4941 4995/4995 4942/4942
f 4911/4911 4979/4979 4912/4912
f 4987/4987 4993/4993 4998/4998
f 4990/4990 4999/4999 5001/5001
f 4905/4905 4904/4904 5002/5002
f 4912/4912 4996/4996 5003/5003
f 4922/4922 5004/5004 4892/4892
f 4961/4961 4965/4965 4972/4972
f 5004/5004 4960/4960 5005/5005
f 4943/4943 4980/4980 4944/4944
f 4923/4923 4987/4987 4924/4924
f 4992/4992 4930/4930 4964/4964
f 4993/4993 4939/4939 4997/4997
f 4933/4933 4948/4948 4927/4927
f 4944/4944 5006/5006 4979/4979
f 4899/4899 4898/4898 4913/4913
f 4922/4922 4921/4921 5004/5004
f 4983/4983 4994/4994 5008/5008
f 4929/4929 4928/4928 4936/4936
f 4918/4918 4968/4968 4903/4903
f 4975/4975 4974/4974 4908/4908
f 4999/4999 4985/4985 5000/5000
f 5000/5000 4951/4951 4920/4920
f 5001/5001 5000/5000 5010/5010
f 4979/4979 5002/5002 4996/4996
f 4984/4984 5011/5011 4985/4985
f 4947/4947 5012/5012 4990/4990
f 5001/5001 5010/5010 5013/5013
f 4972/4972 4946/4946 4978/4978
f 4968/4968 4948/4948 5009/5009
f 4978/4978 4940/4940 4983/4983
f 4989/4989 4914/4914 4963/4963
f 4988/4988 4976/4976 4989/4989
f 4935/4935 5014/5014 4936/4936
f 4990/4990 5001/5001 4897/4897
f 4907/4907 4905/4905 5006/5006
f 4915/4915 4989/4989 4923/4923
f 5012/5012 4982/4982 4999/4999
f 5004/5004 4992/4992 4960/4960
f 5014/5014 5015/5015 4929/4929
f 5083/5083 5016/5016 5018/5018
f 5029/5029 5019/5019 5021/5021
f 5018/5018 5017/5017 5023/5023
f 5023/5023 5022/5022 5025/5025
f 5068/5068 5026/5026 5028/5028
f 5084/5084 5029/5029 5030/5030
f 5041/5041 5031/5031 5033/5033
f 4898/4898 4896/4896 5008/5008
f 5085/5085 5034/5034 5036/5036
f 5032/5032 5037/5037 5033/5033
f 4994/4994 4993/4993 4962/4962
f 4995/4995 5039/5039 4955/4955
f 4982/4982 5012/5012 4971/4971
f 4912/4912 5003/5003 5040/5040
f 4909/4909 4907/4907 4980/4980
f 4939/4939 4938/4938 5007/5007
f 5020/5020 5019/5019 5041/5041
f 5046/5046 5042/5042 5044/5044
f 5048/5048 5045/5045 5044/5044
f 5049/5049 5047/5047 5048/5048
f 5052/5052 5047/5047 5050/5050
f 5054/5054 5051/5051 5050/5050
f 5055/5055 5053/5053 5054/5054
f 5058/5058 5053/5053 5056/5056
f 5059/5059 5057/5057 5056/5056
f 5062/5062 5057/5057 5060/5060
f 5063/5063 5061/5061 5060/5060
f 5065/5065 5061/5061 5064/5064
f 5088/5088 5067/5067 5068/5068
f 5086/5086 5069/5069 5071/5071
f 5082/5082 5072/5072 5074/5074
f 5089/5089 5075/5075 4958/4958
f 4996/4996 4977/4977 4988/4988
f 5077/5077 5074/5074 5076/5076
f 5089/5089 5077/5077 5075/5075
f 5071/5071 5070/5070 5079/5079
f 5028/5028 5027/5027 5081/5081
f 5079/5079 5078/5078 5082/5082
f 5038/5038 5037/5037 5083/5083
f 5034/5034 5084/5084 5035/5035
f 5088/5088 5085/5085 5067/5067
f 5025/5025 5024/5024 5086/5086
f 5081/5081 5080/5080 5087/5087
f 5215/5215 5216/5216 5217/5217
f 5216/5216 5218/5218 5219/5219
f 5219/5219 5218/5218 5220/5220
f 5220/5220 5221/5221 5222/5222
f 5222/5222 5221/5221 5223/5223
f 5223/5223 5224/5224 5225/5225
f 5224/5224 5226/5226 5227/5227
f 5227/5227 5226/5226 5228/5228
f 5229/5229 5228/5228 5230/5230
f 5230/5230 5231/5231 5232/5232
f 5231/5231 5233/5233 5234/5234
f 5234/5234 5233/5233 5235/5235
f 5236/5236 5237/5237 5238/5238
f 5224/5224 5239/5239 5240/5240
f 5241/5241 5242/5242 5243/5243
f 5244/5244 5229/5229 5245/5245
f 5246/5246 5247/5247 5248/5248
f 5249/5249 5250/5250 5242/5242
f 5251/5251 5252/5252 5237/5237
f 5253/5253 5254/5254 5255/5255
f 5256/5256 5257/5257 5258/5258
f 5259/5259 5253/5253 5260/5260
f 5261/5261 5262/5262 5263/5263
f 5264/5264 5265/5265 5266/5266
f 5267/5267 5268/5268 5252/5252
f 5269/5269 5270/5270 5252/5252
f 5271/5271 5264/5264 5272/5272
f 5273/5273 5274/5274 5259/5259
f 5275/5275 5276/5276 5277/5277
f 5273/5273 5278/5278 5225/5225
f 5279/5279 5280/5280 5281/5281
f 5248/5248 5217/5217 5219/5219
f 5276/5276 5275/5275 5282/5282
f 5283/5283 5284/5284 5285/5285
f 5215/5215 5286/5286 5287/5287
f 5288/5288 5289/5289 5239/5239
f 5290/5290 5291/5291 5287/5287
f 5271/5271 5292/5292 5293/5293
f 5294/5294 5244/5244 5254/5254
f 5295/5295 5279/5279 5263/5263
f 5296/5296 5297/5297 5260/5260
f 5216/5216 5287/5287 5298/5298
f 5299/5299 5245/5245 5232/5232
f 5300/5300 5301/5301 5280/5280
f 5244/5244 5299/5299 5295/5295
f 5228/5228 5302/5302 5303/5303
f 5218/5218 5298/5298 5304/5304
f 5270/5270 5305/5305 5237/5237
f 5301/5301 5234/5234 5235/5235
f 5301/5301 5306/5306 5269/5269
f 5307/5307 5308/5308 5297/5297
f 5220/5220 5304/5304 5309/5309
f 5310/5310 5311/5311 5308/5308
f 5276/5276 5312/5312 5247/5247
f 5313/5313 5249/5249 5289/5289
f 5314/5314 5315/5315 5241/5241
f 5312/5312 5282/5282 5257/5257
f 5316/5316 5222/5222 5278/5278
f 5317/5317 5258/5258 5292/5292
f 5299/5299 5300/5300 5279/5279
f 5226/5226 5240/5240 5302/5302
f 5317/5317 5271/5271 5291/5291
f 5280/5280 5269/5269 5268/5268
f 5312/5312 5256/5256 5318/5318
f 5265/5265 5319/5319 5320/5320
f 5321/5321 5281/5281 5268/5268
f 5305/5305 5322/5322 5238/5238
f 5319/5319 5323/5323 5324/5324
f 5325/5325 5326/5326 5327/5327
f 5230/5230 5303/5303 5328/5328
f 5322/5322 5314/5314 5329/5329
f 5330/5330 5331/5331 5217/5217
f 5291/5291 5272/5272 5298/5298
f 5286/5286 5215/5215 5331/5331
f 5306/5306 5332/5332 5270/5270
f 5313/5313 5324/5324 5250/5250
f 5256/5256 5317/5317 5290/5290
f 5265/5265 5333/5333 5323/5323
f 5274/5274 5294/5294 5253/5253
f 5332/5332 5328/5328 5305/5305
f 5223/5223 5334/5334 5239/5239
f 5247/5247 5318/5318 5330/5330
f 5320/5320 5288/5288 5334/5334
f 5254/5254 5295/5295 5262/5262
f 5294/5294 5227/5227 5229/5229
f 5300/5300 5232/5232 5234/5234
f 5311/5311 5277/5277 5326/5326
f 5277/5277 5276/5276 5246/5246
f 5326/5326 5246/5246 5335/5335
f 5328/5328 5303/5303 5322/5322
f 5336/5336 5277/5277 5311/5311
f 5337/5337 5325/5325 5316/5316
f 5335/5335 5219/5219 5338/5338
f 5272/5272 5266/5266 5304/5304
f 5274/5274 5225/5225 5227/5227
f 5266/5266 5320/5320 5309/5309
f 5240/5240 5239/5239 5289/5289
f 5302/5302 5240/5240 5315/5315
f 5339/5339 5255/5255 5262/5262
f 5327/5327 5338/5338 5222/5222
f 5231/5231 5328/5328 5332/5332
f 5315/5315 5289/5289 5249/5249
f 5308/5308 5311/5311 5325/5325
f 5318/5318 5290/5290 5286/5286
f 5340/5340 5260/5260 5255/5255
f 5341/5341 5342/5342 5343/5343
f 5344/5344 5345/5345 5346/5346
f 5342/5342 5347/5347 5348/5348
f 5347/5347 5349/5349 5350/5350
f 5351/5351 5352/5352 5353/5353
f 5354/5354 5346/5346 5355/5355
f 5356/5356 5357/5357 5358/5358
f 5221/5221 5309/5309 5334/5334
f 5359/5359 5360/5360 5361/5361
f 5362/5362 5363/5363 5357/5357
f 5319/5319 5313/5313 5288/5288
f 5364/5364 5263/5263 5281/5281
f 5337/5337 5259/5259 5297/5297
f 5329/5329 5243/5243 5365/5365
f 5233/5233 5332/5332 5306/5306
f 5264/5264 5293/5293 5333/5333
f 5366/5366 5358/5358 5345/5345
f 5367/5367 5368/5368 5369/5369
f 5367/5367 5370/5370 5371/5371
f 5372/5372 5373/5373 5371/5371
f 5372/5372 5374/5374 5375/5375
f 5376/5376 5377/5377 5375/5375
f 5378/5378 5376/5376 5379/5379
f 5378/5378 5380/5380 5381/5381
f 5382/5382 5383/5383 5381/5381
f 5382/5382 5384/5384 5385/5385
f 5386/5386 5385/5385 5387/5387
f 5388/5388 5387/5387 5389/5389
f 5390/5390 5389/5389 5391/5391
f 5392/5392 5351/5351 5393/5393
f 5394/5394 5395/5395 5396/5396
f 5397/5397 5398/5398 5399/5399
f 5400/5400 5285/5285 5284/5284
f 5303/5303 5302/5302 5314/5314
f 5398/5398 5401/5401 5402/5402
f 5401/5401 5400/5400 5403/5403
f 5395/5395 5404/5404 5405/5405
f 5352/5352 5406/5406 5407/5407
f 5404/5404 5397/5397 5408/5408
f 5362/5362 5341/5341 5409/5409
f 5410/5410 5355/5355 5360/5360
f 5361/5361 5392/5392 5411/5411
f 5349/5349 5394/5394 5412/5412
f 5407/5407 5406/5406 5283/5283
f 5331/5331 5215/5215 5217/5217
f 5217/5217 5216/5216 5219/5219
f 5338/5338 5219/5219 5220/5220
f 5338/5338 5220/5220 5222/5222
f 5278/5278 5222/5222 5223/5223
f 5278/5278 5223/5223 5225/5225
f 5225/5225 5224/5224 5227/5227
f 5229/5229 5227/5227 5228/5228
f 5245/5245 5229/5229 5230/5230
f 5245/5245 5230/5230 5232/5232
f 5232/5232 5231/5231 5234/5234
f 5365/5365 5236/5236 5238/5238
f 5226/5226 5224/5224 5240/5240
f 5329/5329 5241/5241 5243/5243
f 5299/5299 5244/5244 5245/5245
f 5335/5335 5246/5246 5248/5248
f 5241/5241 5249/5249 5242/5242
f 5236/5236 5251/5251 5237/5237
f 5260/5260 5253/5253 5255/5255
f 5317/5317 5256/5256 5258/5258
f 5297/5297 5259/5259 5260/5260
f 5364/5364 5261/5261 5263/5263
f 5272/5272 5264/5264 5266/5266
f 5251/5251 5267/5267 5252/5252
f 5268/5268 5269/5269 5252/5252
f 5291/5291 5271/5271 5272/5272
f 5337/5337 5273/5273 5259/5259
f 5336/5336 5275/5275 5277/5277
f 5274/5274 5273/5273 5225/5225
f 5263/5263 5279/5279 5281/5281
f 5335/5335 5248/5248 5219/5219
f 5312/5312 5276/5276 5282/5282
f 5413/5413 5283/5283 5285/5285
f 5216/5216 5215/5215 5287/5287
f 5334/5334 5288/5288 5239/5239
f 5286/5286 5290/5290 5287/5287
f 5264/5264 5271/5271 5293/5293
f 5253/5253 5294/5294 5254/5254
f 5262/5262 5295/5295 5263/5263
f 5340/5340 5296/5296 5260/5260
f 5218/5218 5216/5216 5298/5298
f 5300/5300 5299/5299 5232/5232
f 5279/5279 5300/5300 5280/5280
f 5254/5254 5244/5244 5295/5295
f 5230/5230 5228/5228 5303/5303
f 5220/5220 5218/5218 5304/5304
f 5252/5252 5270/5270 5237/5237
f 5306/5306 5301/5301 5235/5235
f 5280/5280 5301/5301 5269/5269
f 5296/5296 5307/5307 5297/5297
f 5221/5221 5220/5220 5309/5309
f 5307/5307 5310/5310 5308/5308
f 5246/5246 5276/5276 5247/5247
f 5288/5288 5313/5313 5289/5289
f 5329/5329 5314/5314 5241/5241
f 5256/5256 5312/5312 5257/5257
f 5273/5273 5316/5316 5278/5278
f 5271/5271 5317/5317 5292/5292
f 5295/5295 5299/5299 5279/5279
f 5228/5228 5226/5226 5302/5302
f 5290/5290 5317/5317 5291/5291
f 5281/5281 5280/5280 5268/5268
f 5247/5247 5312/5312 5318/5318
f 5266/5266 5265/5265 5320/5320
f 5267/5267 5321/5321 5268/5268
f 5237/5237 5305/5305 5238/5238
f 5313/5313 5319/5319 5324/5324
f 5316/5316 5325/5325 5327/5327
f 5231/5231 5230/5230 5328/5328
f 5238/5238 5322/5322 5329/5329
f 5248/5248 5330/5330 5217/5217
f 5287/5287 5291/5291 5298/5298
f 5330/5330 5286/5286 5331/5331
f 5269/5269 5306/5306 5270/5270
f 5249/5249 5313/5313 5250/5250
f 5318/5318 5256/5256 5290/5290
f 5319/5319 5265/5265 5323/5323
f 5259/5259 5274/5274 5253/5253
f 5270/5270 5332/5332 5305/5305
f 5224/5224 5223/5223 5239/5239
f 5248/5248 5247/5247 5330/5330
f 5309/5309 5320/5320 5334/5334
f 5255/5255 5254/5254 5262/5262
f 5244/5244 5294/5294 5229/5229
f 5301/5301 5300/5300 5234/5234
f 5325/5325 5311/5311 5326/5326
f 5326/5326 5277/5277 5246/5246
f 5327/5327 5326/5326 5335/5335
f 5305/5305 5328/5328 5322/5322
f 5310/5310 5336/5336 5311/5311
f 5273/5273 5337/5337 5316/5316
f 5327/5327 5335/5335 5338/5338
f 5298/5298 5272/5272 5304/5304
f 5294/5294 5274/5274 5227/5227
f 5304/5304 5266/5266 5309/5309
f 5315/5315 5240/5240 5289/5289
f 5314/5314 5302/5302 5315/5315
f 5261/5261 5339/5339 5262/5262
f 5316/5316 5327/5327 5222/5222
f 5233/5233 5231/5231 5332/5332
f 5241/5241 5315/5315 5249/5249
f 5337/5337 5308/5308 5325/5325
f 5330/5330 5318/5318 5286/5286
f 5339/5339 5340/5340 5255/5255
f 5409/5409 5341/5341 5343/5343
f 5354/5354 5344/5344 5346/5346
f 5343/5343 5342/5342 5348/5348
f 5348/5348 5347/5347 5350/5350
f 5393/5393 5351/5351 5353/5353
f 5410/5410 5354/5354 5355/5355
f 5366/5366 5356/5356 5358/5358
f 5223/5223 5221/5221 5334/5334
f 5414/5414 5359/5359 5361/5361
f 5356/5356 5362/5362 5357/5357
f 5320/5320 5319/5319 5288/5288
f 5321/5321 5364/5364 5281/5281
f 5308/5308 5337/5337 5297/5297
f 5238/5238 5329/5329 5365/5365
f 5235/5235 5233/5233 5306/5306
f 5265/5265 5264/5264 5333/5333
f 5344/5344 5366/5366 5345/5345
f 5370/5370 5367/5367 5369/5369
f 5373/5373 5367/5367 5371/5371
f 5374/5374 5372/5372 5371/5371
f 5377/5377 5372/5372 5375/5375
f 5379/5379 5376/5376 5375/5375
f 5380/5380 5378/5378 5379/5379
f 5383/5383 5378/5378 5381/5381
f 5384/5384 5382/5382 5381/5381
f 5386/5386 5382/5382 5385/5385
f 5388/5388 5386/5386 5387/5387
f 5390/5390 5388/5388 5389/5389
f 5411/5411 5392/5392 5393/5393
f 5412/5412 5394/5394 5396/5396
f 5408/5408 5397/5397 5399/5399
f 5403/5403 5400/5400 5284/5284
f 5322/5322 5303/5303 5314/5314
f 5399/5399 5398/5398 5402/5402
f 5402/5402 5401/5401 5403/5403
f 5396/5396 5395/5395 5405/5405
f 5353/5353 5352/5352 5407/5407
f 5405/5405 5404/5404 5408/5408
f 5363/5363 5362/5362 5409/5409
f 5359/5359 5410/5410 5360/5360
f 5414/5414 5361/5361 5411/5411
f 5350/5350 5349/5349 5412/5412
f 5413/5413 5407/5407 5283/5283

g Object_default-grey.jpg

usemtl mat_33-default-grey.jpg

f 5540/5540 5541/5541 5542/5542
f 5543/5543 5544/5544 5545/5545

g Object_default-grey.jpg

usemtl mat_34-default-grey.jpg

# num_faces: 6300
