# Blender v2.93.0 OBJ File: 'MTZ.blend'
# www.blender.org
mtllib MTZ.mtl
o Cube
v 0.394595 0.521700 0.046512
v 0.307491 0.709814 1.414248
v 0.398430 0.521700 -1.115742
v 0.371896 2.179221 -1.231021
v 0.387185 1.394013 -1.262000
v 0.646542 1.163549 -0.395017
v 0.646542 1.369275 -0.581753
v 0.646542 1.369275 -1.268562
v 0.652267 1.169879 -1.445803
v 0.900450 1.163549 -0.395017
v 0.947898 1.369275 -0.581753
v 0.844718 1.295734 -1.333931
v 0.832270 1.243419 -1.380433
v 0.625463 1.066805 -1.270808
v 0.322550 1.114394 1.436924
v 0.382595 1.173839 0.147173
v 0.394595 1.066805 -1.270808
v 0.398430 0.521700 -0.204296
v 0.374176 2.277174 -1.203364
v 0.625463 1.066805 -0.303203
v 0.903109 1.156346 -0.447793
v 0.950964 1.341500 -0.615856
v 0.950964 1.341500 -1.233984
v 0.903109 1.162043 -1.393501
v 0.708317 1.460359 -0.032423
v 0.704972 1.513997 0.008460
v 0.662395 2.198556 -0.495294
v 0.702067 1.382089 -0.439510
v 0.690301 1.333861 -0.456784
v 0.571345 0.936867 -1.270808
v 0.600118 1.006336 0.011331
v 0.394595 0.936867 -1.270808
v 0.587716 0.973584 -0.035767
v 0.665300 2.151946 -0.537652
v 0.618046 1.086622 -0.230003
v 0.570431 0.936867 0.046512
v 0.571345 0.936867 -0.206934
v 0.672045 1.395169 0.046047
v 0.660174 2.234570 0.032884
v 0.371896 2.234570 0.032884
v 0.708317 1.460359 -0.503884
v 0.704984 1.513814 -0.545068
v 0.662395 2.198556 -0.045271
v 0.665292 2.152070 -0.002658
v 0.708105 1.459177 -0.668149
v 0.705441 1.502494 -0.624343
v 0.705374 1.503569 -1.225198
v 0.708105 1.459177 -1.183641
v 0.662606 2.199738 -0.659922
v 0.665081 2.159500 -0.616801
v 0.665030 2.160336 -1.195747
v 0.662606 2.199738 -1.150638
v 0.702067 1.382089 -0.032819
v 0.690879 1.336821 0.011332
v 0.626692 1.076714 -0.266603
v 0.628869 1.081668 -0.248303
v 0.372186 2.319778 -1.189798
v 0.600890 2.319778 -1.189798
v 0.600890 2.319778 -0.574891
v 0.600890 2.319778 -0.011318
v 0.372186 2.319778 -0.011318
v 0.372186 2.319778 -0.574891
v 0.648024 2.277174 0.001340
v 0.648024 2.277174 -0.574773
v 0.648024 2.277174 -1.203364
v 0.374176 2.277174 0.001340
v 0.651229 2.143015 -1.182010
v 0.648753 2.182338 -1.136863
v 0.357277 1.468629 0.040726
v 0.406252 1.468629 0.040235
v 0.381430 1.493112 0.040127
v 0.693205 1.476577 -1.169102
v 0.690403 1.521067 -1.210607
v 0.648471 2.177624 -0.057389
v 0.651465 2.131300 -0.014749
v 0.690007 1.535128 -0.003949
v 0.693487 1.481291 -0.044795
v 0.396384 2.190286 0.022907
v 0.347408 2.190286 0.022880
v 0.372231 2.165803 0.023479
v 0.648753 2.182338 -0.674172
v 0.651284 2.142154 -0.631061
v 0.690473 1.519948 -0.638385
v 0.693205 1.476577 -0.682203
v 0.651474 2.131171 -0.525510
v 0.648471 2.177624 -0.483134
v 0.693487 1.481291 -0.491555
v 0.690019 1.534934 -0.532714
v 0.620177 2.161784 0.023686
v 0.589763 2.190288 0.023179
v 0.632368 1.468627 0.035636
v 0.660003 1.498339 0.034551
v 0.662100 2.172841 0.009432
v 0.659300 2.219488 -0.033153
v 0.659300 2.219488 -0.507454
v 0.662107 2.172722 -0.549793
v 0.660187 2.234535 -0.573533
v 0.702929 1.492694 -0.557422
v 0.706127 1.439426 -0.516213
v 0.708821 1.424380 -0.582621
v 0.706127 1.439426 -0.020052
v 0.702919 1.492865 0.020870
v 0.659441 2.217139 -1.164413
v 0.661811 2.177656 -1.209483
v 0.660288 2.234218 -1.234746
v 0.703327 1.486072 -1.239789
v 0.705986 1.441776 -1.198180
v 0.708922 1.424881 -1.269914
v 0.661860 2.176845 -0.602540
v 0.659441 2.217139 -0.645672
v 0.660376 2.233947 -0.574606
v 0.705986 1.441776 -0.654095
v 0.703389 1.485041 -0.610301
v 0.708863 1.424595 -0.583081
v 0.683515 1.476201 0.052465
v 0.655875 1.446486 0.053537
v 0.702994 1.429824 0.048108
v 0.406254 1.446487 0.058449
v 0.357279 1.446487 0.058928
v 0.381768 1.424394 0.052776
v 0.610623 2.212429 0.040216
v 0.641031 2.183927 0.040708
v 0.655926 2.230060 0.034381
v 0.347408 2.212428 0.040065
v 0.396384 2.212428 0.040077
v 0.675757 1.319221 -0.426807
v 0.687860 1.368004 -0.410861
v 0.687860 1.368004 -0.044546
v 0.676383 1.322536 -0.000395
v 0.593514 1.019083 -0.000395
v 0.581468 0.985821 -0.047483
v 0.581720 0.985796 -0.099377
v 0.590258 1.008955 -0.167969
v 0.692374 1.351106 0.023059
v 0.703274 1.396175 -0.021092
v 0.709221 1.418641 0.041763
v 0.703274 1.396175 -0.468159
v 0.691845 1.348500 -0.486762
v 0.709701 1.411931 -0.557428
v 0.580965 0.961347 -0.024051
v 0.593724 0.993589 0.023058
v 0.583423 0.964693 -0.180933
v 0.581388 0.961328 -0.128147
v 0.576297 0.943669 -0.198939
v 0.588054 0.973562 -0.113762
v 0.595659 0.993357 -0.172053
v 0.322550 1.349550 1.457307
v 0.290094 1.382017 1.460121
v 0.313039 1.372513 1.459297
v 0.331716 1.424345 0.052762
v 0.379368 1.290054 0.151764
v 0.444026 1.395163 0.051311
v 0.367317 1.409687 0.052269
v 0.991506 0.294081 0.724815
v 0.991506 0.505512 0.736561
v 0.991506 0.683173 0.831999
v 0.991506 0.793294 0.986168
v 0.991506 0.832937 1.127122
v 0.709842 0.294081 0.724815
v 0.709842 0.505512 0.736561
v 0.709842 0.683173 0.831999
v 0.709842 0.793294 0.986168
v 0.709842 0.832937 1.127122
v 0.983227 0.305270 0.753397
v 0.983227 0.504272 0.764453
v 0.983227 0.671490 0.854280
v 0.983227 0.775137 0.999386
v 0.983227 0.812450 1.132055
v 0.718121 0.305270 0.753397
v 0.718121 0.504272 0.764453
v 0.718121 0.671490 0.854280
v 0.718121 0.775137 0.999386
v 0.718121 0.812450 1.132055
v 0.377827 1.173838 1.339715
v 0.363315 0.654056 1.397600
v 0.331716 1.424345 1.463790
v 0.367108 1.409685 1.462519
v 0.379201 1.290054 1.348834
v 0.322550 1.114394 1.420176
v 0.290094 1.382017 1.443373
v 0.313039 1.372513 1.442550
v 0.322550 1.349550 1.440559
v 0.381768 1.111937 1.436710
v 0.381768 1.374293 1.459451
v 0.411832 1.362506 0.050863
v 0.386471 1.132742 0.120559
v 0.381369 1.154477 1.366082
v 0.382480 1.309416 1.377769
v 0.382763 1.309416 0.124785
v 0.732579 0.630380 1.282287
v 0.732579 0.630380 1.075028
v 0.616812 0.630380 1.075028
v 0.616812 0.630380 1.282287
v 0.570116 0.555189 1.075028
v 0.570116 0.630380 1.282287
v 0.570116 0.630380 1.075028
v 0.570116 0.555189 1.282287
v 0.416689 1.020513 0.041926
v 0.576783 1.026683 0.045744
v 0.322550 0.925372 1.402524
v 0.322537 0.894149 1.416454
v 0.381768 0.912588 1.414924
v 0.381768 0.635641 1.395425
v 0.322550 0.925372 1.419272
v 0.363311 0.894157 1.414133
v 0.307487 0.838399 1.422517
v 0.708812 1.424345 0.046512
v 0.382479 1.374298 0.051078
v 0.431817 1.424345 0.051806
v 0.387763 0.990344 0.076109
v 0.596423 0.998237 0.046512
v 0.690429 1.409757 0.057794
v 0.397156 1.368402 0.062485
v 0.437921 1.409754 0.063073
v 0.402314 1.005357 0.053247
v 0.586603 1.012460 0.057642
v 0.371896 2.234570 -1.235303
v 0.660174 2.234570 -1.235303
v 0.708812 1.424345 -1.270808
v 0.394595 1.338665 -1.270808
v 0.371896 2.206896 -1.247759
v 0.390890 1.366339 -1.281001
v 0.566455 2.179218 -1.230808
v 0.610501 2.138083 -1.232576
v 0.648499 1.505096 -1.260495
v 0.613247 1.455658 -1.262191
v 0.636572 2.165758 -1.249438
v 0.592520 2.206894 -1.247650
v 0.655076 2.229158 -1.237713
v 0.642230 1.434875 -1.281098
v 0.677480 1.484312 -1.279391
v 0.704787 1.427232 -1.272239
v 0.184374 0.838379 1.424031
v 0.184374 0.709840 1.413352
v 0.356777 0.887633 1.405252
v 0.356782 0.660577 1.389727
v 0.135084 0.660598 1.389078
v 0.135083 0.887625 1.407016
v 0.346281 0.877149 1.407028
v 0.346286 0.671062 1.393047
v 0.145579 0.671084 1.392346
v 0.145579 0.877138 1.408738
v 0.335785 0.866665 1.403760
v 0.335790 0.681546 1.391325
v 0.156075 0.681569 1.390571
v 0.156075 0.866652 1.405418
v 0.652267 0.869315 -1.569949
v 0.900450 0.869315 -1.569949
v 0.462750 0.953870 -0.137631
v 0.627700 0.451882 -0.135378
v 0.462750 0.953870 0.024945
v 0.627700 0.451882 0.022691
v 0.715641 0.452347 0.022691
v 0.662026 0.953467 0.024945
v 0.715641 0.452347 -0.135378
v 0.662026 0.953467 -0.137631
v 0.567027 0.636527 -0.135962
v 0.567027 0.636527 0.023275
v 0.695984 0.636079 -0.135962
v 0.695984 0.636079 0.023275
v 0.509485 0.811642 0.024996
v 0.509485 0.811642 -0.137682
v 0.677243 0.811241 -0.137682
v 0.677243 0.811241 0.024996
v 0.606631 0.516000 -0.135378
v 0.708881 0.515536 -0.135378
v 0.708881 0.515536 0.022691
v 0.606631 0.516000 0.022691
v 0.600203 0.535563 -0.135962
v 0.630970 0.441930 -0.152358
v 0.630970 0.441930 0.039672
v 0.706690 0.536011 -0.135962
v 0.716756 0.441930 -0.152358
v 0.716756 0.441930 0.039672
v 0.706690 0.536011 0.023275
v 0.600203 0.535563 0.023275
v 0.603361 0.525953 0.039672
v 0.561042 0.654740 0.024996
v 0.693944 0.655141 -0.137682
v 0.693944 0.655141 0.024996
v 0.561042 0.654740 -0.137682
v 0.603361 0.525953 -0.152358
v 0.707766 0.525953 -0.152358
v 0.707766 0.525953 0.039672
v 0.503822 0.828876 -0.137631
v 0.563869 0.646138 -0.152358
v 0.675313 0.829279 -0.137631
v 0.694908 0.646138 -0.152358
v 0.675313 0.829279 0.024945
v 0.694908 0.646138 0.039672
v 0.563869 0.646138 0.039672
v 0.503822 0.828876 0.024945
v 0.459914 0.962502 0.039672
v 0.459914 0.962502 -0.152358
v 0.506659 0.820244 0.039672
v 0.661060 0.962502 -0.152358
v 0.661060 0.962502 0.039672
v 0.506659 0.820244 -0.152358
v 0.676280 0.820244 -0.152358
v 0.676280 0.820244 0.039672
v 0.383718 1.095795 0.896246
v 0.386356 0.594886 0.930028
v 0.331716 1.424345 0.930028
v 0.367183 1.409686 0.930028
v 0.382023 1.374295 0.930028
v 0.383350 1.132742 0.896246
v 0.382582 1.309416 0.930028
v 0.379532 1.173838 0.930028
v 0.379261 1.290054 0.930028
v 0.384149 0.940350 0.896246
v 0.381768 0.765015 1.403718
v 0.391294 0.776933 0.076109
v 0.356780 0.767892 1.396330
v 0.363313 0.767140 1.404632
v 0.135083 0.767895 1.396707
v 0.335788 0.770312 1.396613
v 0.156075 0.770314 1.396885
v 0.145579 0.769104 1.399317
v 0.346284 0.769102 1.398993
v 0.307489 0.773573 1.417764
v 0.184374 0.773576 1.417894
v 0.385296 0.776933 0.896246
v 0.646259 1.156012 0.046512
v 0.616183 1.155539 0.046154
v 0.631221 1.155776 0.057847
v 0.414844 1.150593 0.043838
v 0.400246 1.150937 0.055219
v 0.386228 1.132742 0.076109
v 0.643777 1.150163 0.023059
v 0.643945 1.146665 0.011332
v 0.632319 1.147967 -0.000395
v 0.387938 0.990201 0.041540
v 0.386250 1.152944 0.118895
v 0.383115 1.152944 0.930028
v 0.383586 1.095794 0.930028
v 0.383975 0.940350 0.930028
v 0.391764 0.751868 0.044398
v 0.385344 0.760312 0.930028
v 0.385669 1.152944 0.043524
v 0.360633 1.132742 0.120559
v 0.361924 0.990344 0.076109
v 0.357879 1.095795 0.896246
v 0.357512 1.132742 0.896246
v 0.358310 0.940350 0.896246
v 0.365456 0.776933 0.076109
v 0.359457 0.776933 0.896246
v 0.360390 1.132742 0.076109
v 0.762751 1.898397 0.045869
v 0.762751 2.149063 0.045869
v 0.770542 1.926322 0.105618
v 0.770542 2.121138 0.105618
v 0.886315 1.898397 0.045869
v 0.886315 2.149063 0.045869
v 0.878524 1.926322 0.105618
v 0.878524 2.121138 0.105618
v 0.817144 2.189250 0.066587
v 0.822956 2.193122 0.072570
v 0.821259 2.080986 0.068156
v 0.821259 2.174153 0.068156
v 0.827943 2.080986 0.074471
v 0.827943 2.174153 0.074471
v 0.828203 2.080986 0.083663
v 0.828203 2.174153 0.083663
v 0.821888 2.080986 0.090347
v 0.821888 2.174153 0.090347
v 0.812696 2.080986 0.090608
v 0.812696 2.174153 0.090608
v 0.806012 2.080986 0.084293
v 0.806012 2.174153 0.084293
v 0.805751 2.080986 0.075101
v 0.805751 2.174153 0.075101
v 0.812067 2.080986 0.068417
v 0.812067 2.174153 0.068417
v 0.822856 2.194725 0.081624
v 0.816902 2.193122 0.088446
v 0.808582 2.189250 0.089039
v 0.802770 2.185379 0.083056
v 0.802870 2.183775 0.074002
v 0.808824 2.185379 0.067180
v 0.806700 2.201109 0.062603
v 0.800611 2.194371 0.064047
v 0.795581 2.191580 0.071222
v 0.794556 2.194371 0.079923
v 0.798137 2.201109 0.085055
v 0.804227 2.207846 0.083612
v 0.809257 2.210637 0.076437
v 0.810281 2.207846 0.067736
v 0.791041 2.209996 0.056632
v 0.786953 2.202061 0.058839
v 0.782751 2.198774 0.066329
v 0.780898 2.202061 0.074715
v 0.782478 2.209996 0.079084
v 0.786567 2.217932 0.076876
v 0.790768 2.221219 0.069386
v 0.792621 2.217932 0.061000
v 0.772750 2.211651 0.049656
v 0.771554 2.203156 0.052966
v 0.768550 2.199637 0.060913
v 0.765499 2.203156 0.068842
v 0.764187 2.211651 0.072108
v 0.765384 2.220147 0.068798
v 0.768387 2.223666 0.060851
v 0.771439 2.220147 0.052922
v 0.655352 2.211651 0.004882
v 0.654155 2.203156 0.008192
v 0.651152 2.199637 0.016140
v 0.648101 2.203156 0.024068
v 0.646789 2.211651 0.027335
v 0.647986 2.220147 0.024025
v 0.650989 2.223666 0.016077
v 0.654040 2.220147 0.008149
v 0.808582 1.857724 0.089039
v 0.816902 1.853853 0.088446
v 0.812696 1.918404 0.090608
v 0.812696 1.872822 0.090608
v 0.821888 1.918404 0.090347
v 0.821888 1.872822 0.090347
v 0.828203 1.918404 0.083663
v 0.828203 1.872822 0.083663
v 0.827943 1.918404 0.074471
v 0.827943 1.872822 0.074471
v 0.821259 1.918404 0.068156
v 0.821259 1.872822 0.068156
v 0.812067 1.918404 0.068417
v 0.812067 1.872822 0.068417
v 0.805751 1.918404 0.075101
v 0.805751 1.872822 0.075101
v 0.806012 1.918404 0.084293
v 0.806012 1.872822 0.084293
v 0.822856 1.852249 0.081624
v 0.822956 1.853853 0.072570
v 0.817144 1.857724 0.066587
v 0.808824 1.861596 0.067180
v 0.802870 1.863199 0.074002
v 0.802770 1.861596 0.083056
v 0.798137 1.845866 0.085055
v 0.794556 1.852604 0.079923
v 0.795581 1.855394 0.071222
v 0.800611 1.852604 0.064047
v 0.806700 1.845866 0.062603
v 0.810281 1.839128 0.067736
v 0.809257 1.836338 0.076437
v 0.804227 1.839128 0.083612
v 0.782478 1.836978 0.079084
v 0.780898 1.844914 0.074715
v 0.782751 1.848201 0.066329
v 0.786953 1.844914 0.058839
v 0.791041 1.836978 0.056632
v 0.792621 1.829043 0.061000
v 0.790768 1.825756 0.069386
v 0.786567 1.829043 0.076876
v 0.764187 1.835323 0.072108
v 0.765499 1.843819 0.068842
v 0.768550 1.847338 0.060913
v 0.771554 1.843819 0.052966
v 0.772750 1.835323 0.049656
v 0.771439 1.826828 0.052922
v 0.768387 1.823309 0.060851
v 0.765384 1.826828 0.068798
v 0.646789 1.835323 0.027335
v 0.648101 1.843819 0.024068
v 0.651152 1.847338 0.016140
v 0.654155 1.843819 0.008192
v 0.655352 1.835323 0.004882
v 0.654040 1.826828 0.008149
v 0.650989 1.823309 0.016077
v 0.647986 1.826828 0.024025
v 0.748010 1.885670 0.063266
v 0.748010 2.161790 0.063266
v 0.901056 1.885670 0.063266
v 0.901056 2.161790 0.063266
v 0.745506 1.881152 0.045869
v 0.745506 2.166308 0.045869
v 0.903560 2.166308 0.045869
v 0.903560 1.881152 0.045869
v 0.762751 1.898397 0.057630
v 0.762751 2.149063 0.057630
v 0.886315 2.149063 0.057630
v 0.886315 1.898397 0.057630
v 0.732579 0.490620 -0.815411
v 0.732579 0.848421 -0.815411
v 0.732579 0.490620 -1.022671
v 0.732579 0.848421 -1.022671
v 0.616812 0.490620 -1.022671
v 0.616812 0.848421 -1.022671
v 0.616812 0.490620 -0.815411
v 0.616812 0.848421 -0.815411
v 0.437470 0.638359 -1.022671
v 0.437470 0.848421 -0.815411
v 0.437470 0.848421 -1.022671
v 0.437470 0.638359 -0.815411
v 0.494100 0.756642 0.046512
v 0.496282 0.756642 -0.205789
v 0.496282 0.756642 -1.203493
v 0.359443 1.090731 0.489835
v 0.359931 0.989042 0.489835
v 0.358322 1.041397 0.829134
v 0.359492 0.844060 0.829134
v 0.359205 1.041397 0.608640
v 0.361512 0.989042 0.167652
v 0.360705 1.090731 0.167652
v 0.361112 0.844060 0.608640
v 0.379109 1.090731 0.489835
v 0.379597 0.989042 0.489835
v 0.381178 0.989042 0.167652
v 0.380371 1.090731 0.167652
v 0.377988 1.041397 0.829134
v 0.379158 0.844060 0.829134
v 0.380778 0.844060 0.608640
v 0.378871 1.041397 0.608640
v 0.850674 0.846275 1.109724
v 0.850674 0.806632 0.968770
v 0.850674 0.696511 0.814601
v 0.850674 0.518850 0.719163
v 0.850674 0.307419 0.707417
v 0.438734 0.793844 -0.198486
v 0.692642 0.793844 -0.198486
v 0.695301 0.786641 -0.251263
v 0.734056 1.243419 -1.380433
v 0.732554 1.295734 -1.333931
v 0.947898 1.369275 -1.268562
v 0.750257 1.307552 -1.383572
v 0.900450 1.169879 -1.445803
v 0.751093 1.263887 -1.383248
v 0.824376 1.307552 -1.383572
v 0.817443 1.263887 -1.383248
v 0.383989 2.322161 0.111836
v 0.387078 2.286817 0.036631
v 0.425289 2.286817 0.036631
v 0.359750 2.301949 0.106590
v 0.379164 2.305767 0.039064
v 0.406184 2.278967 0.035623
v 0.406184 2.332566 0.042506
v 0.448162 2.348529 0.071933
v 0.406184 2.348004 0.112504
v 0.406184 2.248010 0.059025
v 0.406184 2.300147 0.109009
v 0.465550 2.306892 0.066586
v 0.406184 2.305767 0.039064
v 0.346817 2.306892 0.066586
v 0.360404 2.257786 0.089563
v 0.360404 2.348600 0.101225
v 0.341441 2.303193 0.095394
v 0.443790 2.264648 0.101800
v 0.406184 2.354700 0.113364
v 0.447035 2.301331 0.101957
v 0.406184 2.341850 0.107160
v 0.373350 2.269383 0.102408
v 0.439017 2.334515 0.110772
v 0.406184 2.269015 0.105012
v 0.406184 2.249727 -0.003058
v 0.448162 2.236016 0.022559
v 0.425289 2.257576 -0.002050
v 0.364205 2.236016 0.022559
v 0.383989 2.278133 0.106183
v 0.387078 2.324717 0.041498
v 0.428378 2.278133 0.106183
v 0.428378 2.322161 0.111836
v 0.425289 2.324717 0.041498
v 0.364205 2.265256 0.061240
v 0.364205 2.348529 0.071933
v 0.433203 2.305767 0.039064
v 0.448162 2.265256 0.061240
v 0.452617 2.301949 0.106590
v 0.406184 2.255893 0.100676
v 0.406184 2.365775 0.074147
v 0.451964 2.348600 0.101225
v 0.451963 2.257786 0.089563
v 0.406184 2.367409 0.103640
v 0.406184 2.238978 0.087148
v 0.470926 2.303193 0.095394
v 0.353000 2.301949 0.106590
v 0.368577 2.339249 0.111380
v 0.459367 2.301949 0.106590
v 0.406184 2.249198 0.099816
v 0.368577 2.264648 0.101800
v 0.443790 2.339249 0.111380
v 0.365332 2.301331 0.101957
v 0.373350 2.334515 0.110772
v 0.439017 2.269383 0.102408
v 0.406184 2.260812 0.096754
v 0.374796 2.300147 0.109009
v 0.377297 2.329983 0.105636
v 0.437571 2.300147 0.109009
v 0.435070 2.272680 0.098278
v 0.406184 2.331280 0.113007
v 0.377297 2.272680 0.098278
v 0.435070 2.329983 0.105636
v 0.387078 2.257576 -0.002050
v 0.406184 2.218769 0.020344
v 0.677537 2.119420 -1.317340
v 0.721565 2.117626 -1.322702
v 0.688675 2.150005 -1.235661
v 0.726575 2.148461 -1.240276
v 0.677537 2.161516 -1.331424
v 0.721565 2.159722 -1.336786
v 0.688675 2.186242 -1.247785
v 0.726575 2.184698 -1.252400
v 0.667115 2.120507 -1.251741
v 0.701353 2.096304 -1.310036
v 0.750388 2.117114 -1.261881
v 0.707625 2.141728 -1.235458
v 0.680826 2.168443 -1.240767
v 0.734425 2.166260 -1.247294
v 0.707625 2.192975 -1.252604
v 0.667115 2.200125 -1.278379
v 0.750388 2.196732 -1.288520
v 0.701353 2.184373 -1.339502
v 0.655297 2.142215 -1.319160
v 0.747408 2.138462 -1.330377
v 0.767634 2.156220 -1.277301
v 0.649868 2.161018 -1.262960
v 0.699551 2.139571 -1.327063
v 0.708751 2.214918 -1.288967
v 0.707625 2.167352 -1.244031
v 0.708751 2.102320 -1.251294
v 0.659645 2.107914 -1.277395
v 0.750459 2.191043 -1.317505
v 0.750459 2.104214 -1.288453
v 0.659645 2.194743 -1.306446
v 0.769267 2.146863 -1.305269
v 0.640837 2.152095 -1.289630
v 0.705052 2.210876 -1.317992
v 0.705052 2.088082 -1.276907
v 0.701353 2.089903 -1.307894
v 0.738653 2.103155 -1.317379
v 0.701353 2.190774 -1.341643
v 0.664052 2.177522 -1.332159
v 0.648602 2.142488 -1.318345
v 0.754104 2.138189 -1.331192
v 0.664052 2.106195 -1.308294
v 0.738653 2.174482 -1.341243
v 0.700735 2.103068 -1.307414
v 0.733919 2.107875 -1.318317
v 0.700735 2.180549 -1.333337
v 0.668787 2.172802 -1.331221
v 0.660216 2.143459 -1.315441
v 0.741254 2.140157 -1.325310
v 0.668787 2.110528 -1.310385
v 0.733919 2.170149 -1.339152
v 0.699551 2.109805 -1.317104
v 0.729386 2.113247 -1.314699
v 0.699551 2.169337 -1.337022
v 0.672084 2.170370 -1.326052
v 0.668419 2.140839 -1.323272
v 0.730683 2.138303 -1.330854
v 0.672084 2.115582 -1.307721
v 0.729386 2.168035 -1.333030
v 0.651586 2.180717 -1.204085
v 0.659435 2.162278 -1.198979
v 0.637874 2.212398 -1.241697
v 0.659435 2.198515 -1.211103
v 0.637874 2.132780 -1.215059
v 0.620628 2.173291 -1.226278
v 0.732579 0.360396 1.340254
v 0.732579 0.272580 1.215531
v 0.732579 0.298300 1.311534
v 0.732579 0.272580 1.141784
v 0.732579 0.360396 1.017060
v 0.732579 0.298300 1.045781
v 0.616812 0.360396 1.017060
v 0.616812 0.272580 1.141784
v 0.602565 0.358805 1.021644
v 0.616812 0.298300 1.045781
v 0.616812 0.272580 1.215531
v 0.616812 0.360396 1.340254
v 0.602565 0.358805 1.335670
v 0.616812 0.298300 1.311534
v 0.732554 1.324919 -1.383312
v 0.734056 1.246521 -1.382731
v 0.844718 1.324919 -1.383312
v 0.832270 1.246521 -1.382731
v 0.741653 1.315993 -1.378053
v 0.742813 1.255447 -1.377605
v 0.834263 1.315993 -1.378053
v 0.824649 1.255447 -1.377605
v -0.196782 0.521700 0.046512
v -0.109677 0.709814 1.414248
v -0.200616 0.521700 -1.115742
v -0.174082 2.179221 -1.231021
v -0.189371 1.394013 -1.262000
v -0.448728 1.163549 -0.395017
v -0.448728 1.369275 -0.581753
v -0.448728 1.369275 -1.268562
v -0.454453 1.169879 -1.445803
v -0.702637 1.163549 -0.395017
v -0.750084 1.369275 -0.581753
v -0.646905 1.295734 -1.333931
v -0.634456 1.243419 -1.380433
v 0.098907 0.480614 -1.115742
v 0.098907 2.234570 -1.235303
v 0.098907 1.338665 -1.270808
v 0.098907 2.234570 0.032884
v 0.098907 1.424345 0.052762
v 0.098907 1.424345 1.463790
v 0.098907 0.624206 1.395425
v 0.098907 0.480614 0.009147
v -0.427650 1.066805 -1.270808
v -0.124737 1.114394 1.436924
v -0.184782 1.173839 0.147173
v -0.196782 1.066805 -1.270808
v 0.098907 1.114394 1.420176
v 0.098907 1.066805 -1.270808
v -0.200616 0.521700 -0.204296
v 0.098907 2.277174 0.001340
v 0.098907 0.480614 -0.204296
v -0.176362 2.277174 -1.203364
v -0.427650 1.066805 -0.303203
v -0.705295 1.156346 -0.447793
v -0.753150 1.341500 -0.615856
v -0.753150 1.341500 -1.233984
v -0.705295 1.162043 -1.393501
v -0.510503 1.460359 -0.032423
v -0.507159 1.513997 0.008460
v -0.464581 2.198556 -0.495294
v -0.504253 1.382089 -0.439510
v -0.492487 1.333861 -0.456784
v -0.373531 0.936867 -1.270808
v -0.402305 1.006336 0.011331
v -0.196782 0.936867 -1.270808
v 0.098907 0.936867 -1.270808
v -0.389902 0.973584 -0.035767
v -0.467486 2.151946 -0.537652
v -0.420232 1.086622 -0.230003
v -0.372617 0.936867 0.046512
v -0.373531 0.936867 -0.206934
v -0.474231 1.395169 0.046047
v -0.462361 2.234570 0.032884
v -0.174082 2.234570 0.032884
v 0.098907 2.190286 0.022950
v 0.098907 1.468629 0.040656
v -0.510503 1.460359 -0.503884
v -0.507170 1.513814 -0.545068
v -0.464581 2.198556 -0.045271
v -0.467478 2.152070 -0.002658
v -0.510291 1.459177 -0.668149
v -0.507627 1.502494 -0.624343
v -0.507561 1.503569 -1.225198
v -0.510291 1.459177 -1.183641
v -0.464793 2.199738 -0.659922
v -0.467267 2.159500 -0.616801
v -0.467216 2.160336 -1.195747
v -0.464793 2.199738 -1.150638
v 0.098907 1.446487 0.058892
v 0.098907 2.212428 0.040100
v -0.504253 1.382089 -0.032819
v -0.493065 1.336821 0.011332
v -0.428879 1.076714 -0.266603
v -0.431055 1.081668 -0.248303
v -0.174373 2.319778 -1.189798
v -0.403077 2.319778 -1.189798
v -0.403077 2.319778 -0.574891
v -0.403077 2.319778 -0.011318
v -0.174373 2.319778 -0.011318
v 0.098907 2.319778 -1.189798
v -0.174373 2.319778 -0.574891
v 0.098907 2.319778 -0.574891
v 0.098907 2.319778 -0.011318
v -0.450210 2.277174 0.001340
v -0.450210 2.277174 -0.574773
v -0.450210 2.277174 -1.203364
v -0.176362 2.277174 0.001340
v 0.098907 2.277174 -1.203364
v -0.453416 2.143015 -1.182010
v -0.450939 2.182338 -1.136863
v -0.159463 1.468629 0.040726
v -0.208438 1.468629 0.040235
v -0.183616 1.493112 0.040127
v -0.495391 1.476577 -1.169102
v -0.492589 1.521067 -1.210607
v -0.450657 2.177624 -0.057389
v -0.453652 2.131300 -0.014749
v -0.492193 1.535128 -0.003949
v -0.495673 1.481291 -0.044795
v -0.198570 2.190286 0.022907
v -0.149594 2.190286 0.022880
v -0.174417 2.165803 0.023479
v -0.450939 2.182338 -0.674172
v -0.453470 2.142154 -0.631061
v -0.492660 1.519948 -0.638385
v -0.495391 1.476577 -0.682203
v -0.453660 2.131171 -0.525510
v -0.450657 2.177624 -0.483134
v -0.495673 1.481291 -0.491555
v -0.492205 1.534934 -0.532714
v -0.422363 2.161784 0.023686
v -0.391949 2.190288 0.023179
v -0.434554 1.468627 0.035636
v -0.462189 1.498339 0.034551
v -0.464286 2.172841 0.009432
v -0.461486 2.219488 -0.033153
v -0.461486 2.219488 -0.507454
v -0.464293 2.172722 -0.549793
v -0.462373 2.234535 -0.573533
v -0.505116 1.492694 -0.557422
v -0.508313 1.439426 -0.516213
v -0.511007 1.424380 -0.582621
v -0.508313 1.439426 -0.020052
v -0.505105 1.492865 0.020870
v -0.461627 2.217139 -1.164413
v -0.463997 2.177656 -1.209483
v -0.462475 2.234218 -1.234746
v -0.505513 1.486072 -1.239789
v -0.508172 1.441776 -1.198180
v -0.511108 1.424881 -1.269914
v -0.464046 2.176845 -0.602540
v -0.461627 2.217139 -0.645672
v -0.462562 2.233947 -0.574606
v -0.508172 1.441776 -0.654095
v -0.505575 1.485041 -0.610301
v -0.511050 1.424595 -0.583081
v -0.485702 1.476201 0.052465
v -0.458061 1.446486 0.053537
v -0.505180 1.429824 0.048108
v -0.208440 1.446487 0.058449
v -0.159465 1.446487 0.058928
v -0.183955 1.424394 0.052776
v -0.412809 2.212429 0.040216
v -0.443218 2.183927 0.040708
v -0.458113 2.230060 0.034381
v -0.149594 2.212428 0.040065
v -0.198570 2.212428 0.040077
v -0.477943 1.319221 -0.426807
v -0.490047 1.368004 -0.410861
v -0.490047 1.368004 -0.044546
v -0.478570 1.322536 -0.000395
v -0.395700 1.019083 -0.000395
v -0.383654 0.985821 -0.047483
v -0.383906 0.985796 -0.099377
v -0.392444 1.008955 -0.167969
v -0.494561 1.351106 0.023059
v -0.505460 1.396175 -0.021092
v -0.511407 1.418641 0.041763
v -0.505460 1.396175 -0.468159
v -0.494032 1.348500 -0.486762
v -0.511887 1.411931 -0.557428
v -0.383151 0.961347 -0.024051
v -0.395910 0.993589 0.023058
v -0.385609 0.964693 -0.180933
v -0.383574 0.961328 -0.128147
v -0.378483 0.943669 -0.198939
v -0.390240 0.973562 -0.113762
v -0.397846 0.993357 -0.172053
v -0.124737 1.349550 1.457307
v -0.092280 1.382017 1.460121
v -0.115225 1.372513 1.459297
v -0.133902 1.424345 0.052762
v -0.181554 1.290054 0.151764
v -0.246212 1.395163 0.051311
v -0.169503 1.409687 0.052269
v -0.793692 0.294081 0.724815
v -0.793692 0.505512 0.736561
v -0.793692 0.683173 0.831999
v -0.793692 0.793294 0.986168
v -0.793692 0.832937 1.127122
v -0.512028 0.294081 0.724815
v -0.512028 0.505512 0.736561
v -0.512028 0.683173 0.831999
v -0.512028 0.793294 0.986168
v -0.512028 0.832937 1.127122
v -0.785414 0.305270 0.753397
v -0.785414 0.504272 0.764453
v -0.785414 0.671490 0.854280
v -0.785414 0.775137 0.999386
v -0.785414 0.812450 1.132055
v -0.520307 0.305270 0.753397
v -0.520307 0.504272 0.764453
v -0.520307 0.671490 0.854280
v -0.520307 0.775137 0.999386
v -0.520307 0.812450 1.132055
v -0.180013 1.173838 1.339715
v -0.165501 0.654056 1.397600
v 0.098907 1.382017 1.460121
v -0.133902 1.424345 1.463790
v -0.169295 1.409685 1.462519
v -0.181387 1.290054 1.348834
v 0.098907 1.382017 1.443373
v -0.124737 1.114394 1.420176
v -0.092280 1.382017 1.443373
v -0.115225 1.372513 1.442550
v -0.124737 1.349550 1.440559
v -0.183955 1.111937 1.436710
v -0.183955 1.374293 1.459451
v -0.214019 1.362506 0.050863
v -0.188658 1.132742 0.120559
v -0.183555 1.154477 1.366082
v -0.184667 1.309416 1.377769
v -0.184950 1.309416 0.124785
v 0.098907 0.555189 1.282287
v 0.098907 0.630380 1.282287
v 0.098907 0.555189 1.075028
v 0.098907 0.630380 1.075028
v -0.534766 0.630380 1.282287
v -0.534766 0.630380 1.075028
v -0.418999 0.630380 1.075028
v -0.418999 0.630380 1.282287
v -0.372302 0.555189 1.075028
v -0.372302 0.630380 1.282287
v -0.372302 0.630380 1.075028
v -0.372302 0.555189 1.282287
v -0.218876 1.020513 0.041926
v -0.378969 1.026683 0.045744
v 0.098907 0.925372 1.402524
v -0.124737 0.925372 1.402524
v 0.098907 0.925372 1.419272
v -0.124724 0.894149 1.416454
v -0.183955 0.912588 1.414924
v -0.183955 0.635641 1.395425
v 0.098907 0.654075 1.397023
v 0.098907 0.894150 1.416407
v -0.124737 0.925372 1.419272
v 0.098907 0.660601 1.388972
v 0.098907 0.887623 1.407304
v -0.165497 0.894157 1.414133
v -0.109673 0.838399 1.422517
v -0.510999 1.424345 0.046512
v -0.184666 1.374298 0.051078
v -0.234003 1.424345 0.051806
v -0.189949 0.990344 0.076109
v -0.398609 0.998237 0.046512
v -0.492615 1.409757 0.057794
v -0.199342 1.368402 0.062485
v -0.240108 1.409754 0.063073
v -0.204500 1.005357 0.053247
v -0.388789 1.012460 0.057642
v -0.174082 2.234570 -1.235303
v -0.462361 2.234570 -1.235303
v -0.510999 1.424345 -1.270808
v -0.196782 1.338665 -1.270808
v 0.098907 2.179220 -1.230972
v 0.098907 1.394014 -1.262091
v -0.174082 2.206896 -1.247759
v -0.193076 1.366339 -1.281001
v 0.098907 2.206895 -1.247735
v 0.098907 1.366339 -1.281047
v -0.368641 2.179218 -1.230808
v -0.412688 2.138083 -1.232576
v -0.450686 1.505096 -1.260495
v -0.415433 1.455658 -1.262191
v -0.438759 2.165758 -1.249438
v -0.394707 2.206894 -1.247650
v -0.457263 2.229158 -1.237713
v -0.444416 1.434875 -1.281098
v -0.479666 1.484312 -1.279391
v -0.506973 1.427232 -1.272239
v 0.013440 0.838379 1.424031
v 0.013440 0.709840 1.413352
v -0.158963 0.887633 1.405252
v -0.158968 0.660577 1.389727
v 0.062730 0.660598 1.389078
v 0.062731 0.887625 1.407016
v -0.148467 0.877149 1.407028
v -0.148472 0.671062 1.393047
v 0.052234 0.671084 1.392346
v 0.052235 0.877138 1.408738
v -0.137971 0.866665 1.403760
v -0.137976 0.681546 1.391325
v 0.041738 0.681569 1.390571
v 0.041739 0.866652 1.405418
v -0.454453 0.869315 -1.569949
v -0.702637 0.869315 -1.569949
v -0.264936 0.953870 -0.137631
v -0.429886 0.451882 -0.135378
v -0.264936 0.953870 0.024945
v -0.429886 0.451882 0.022691
v -0.517828 0.452347 0.022691
v -0.464213 0.953467 0.024945
v -0.517828 0.452347 -0.135378
v -0.464213 0.953467 -0.137631
v -0.369213 0.636527 -0.135962
v -0.369213 0.636527 0.023275
v -0.498170 0.636079 -0.135962
v -0.498170 0.636079 0.023275
v -0.311671 0.811642 0.024996
v -0.311671 0.811642 -0.137682
v -0.479429 0.811241 -0.137682
v -0.479429 0.811241 0.024996
v -0.408818 0.516000 -0.135378
v -0.511067 0.515536 -0.135378
v -0.511067 0.515536 0.022691
v -0.408818 0.516000 0.022691
v -0.402389 0.535563 -0.135962
v -0.433157 0.441930 -0.152358
v -0.433157 0.441930 0.039672
v -0.508876 0.536011 -0.135962
v -0.518942 0.441930 -0.152358
v -0.518942 0.441930 0.039672
v -0.508876 0.536011 0.023275
v -0.402389 0.535563 0.023275
v -0.405547 0.525953 0.039672
v -0.363229 0.654740 0.024996
v -0.496131 0.655141 -0.137682
v -0.496131 0.655141 0.024996
v -0.363229 0.654740 -0.137682
v -0.405547 0.525953 -0.152358
v -0.509953 0.525953 -0.152358
v -0.509953 0.525953 0.039672
v -0.306008 0.828876 -0.137631
v -0.366055 0.646138 -0.152358
v -0.477500 0.829279 -0.137631
v -0.497094 0.646138 -0.152358
v -0.477500 0.829279 0.024945
v -0.497094 0.646138 0.039672
v -0.366055 0.646138 0.039672
v -0.306008 0.828876 0.024945
v -0.262100 0.962502 0.039672
v -0.262100 0.962502 -0.152358
v -0.308845 0.820244 0.039672
v -0.463246 0.962502 -0.152358
v -0.463246 0.962502 0.039672
v -0.308845 0.820244 -0.152358
v -0.478466 0.820244 -0.152358
v -0.478466 0.820244 0.039672
v 0.098907 0.583451 0.930028
v 0.098907 1.424345 0.930028
v -0.185904 1.095795 0.896246
v -0.188543 0.594886 0.930028
v -0.133902 1.424345 0.930028
v -0.169369 1.409686 0.930028
v -0.184209 1.374295 0.930028
v -0.185537 1.132742 0.896246
v -0.184768 1.309416 0.930028
v -0.181719 1.173838 0.930028
v -0.181447 1.290054 0.930028
v -0.186335 0.940350 0.896246
v -0.183955 0.765015 1.403718
v -0.193481 0.776933 0.076109
v -0.158966 0.767892 1.396330
v -0.165500 0.767140 1.404632
v 0.098907 0.767895 1.396769
v 0.062730 0.767895 1.396707
v -0.137974 0.770312 1.396613
v 0.041739 0.770314 1.396885
v 0.052235 0.769104 1.399317
v -0.148470 0.769102 1.398993
v -0.109675 0.773573 1.417764
v 0.013440 0.773576 1.417894
v -0.187482 0.776933 0.896246
v -0.448445 1.156012 0.046512
v -0.418369 1.155539 0.046154
v -0.433407 1.155776 0.057847
v -0.217030 1.150593 0.043838
v -0.202433 1.150937 0.055219
v -0.188414 1.132742 0.076109
v -0.445963 1.150163 0.023059
v -0.446131 1.146665 0.011332
v -0.434505 1.147967 -0.000395
v -0.190124 0.990201 0.041540
v -0.188437 1.152944 0.118895
v -0.185301 1.152944 0.930028
v -0.185772 1.095794 0.930028
v -0.186161 0.940350 0.930028
v -0.193950 0.751868 0.044398
v -0.187530 0.760312 0.930028
v -0.187855 1.152944 0.043524
v -0.162819 1.132742 0.120559
v -0.164111 0.990344 0.076109
v -0.160066 1.095795 0.896246
v -0.159698 1.132742 0.896246
v -0.160497 0.940350 0.896246
v -0.167642 0.776933 0.076109
v -0.161644 0.776933 0.896246
v -0.162576 1.132742 0.076109
v -0.564938 1.898397 0.045869
v -0.564938 2.149063 0.045869
v -0.572729 1.926322 0.105618
v -0.572729 2.121138 0.105618
v -0.688501 1.898397 0.045869
v -0.688501 2.149063 0.045869
v -0.680710 1.926322 0.105618
v -0.680710 2.121138 0.105618
v -0.619331 2.189250 0.066587
v -0.625143 2.193122 0.072570
v -0.623445 2.080986 0.068156
v -0.623445 2.174153 0.068156
v -0.630129 2.080986 0.074471
v -0.630129 2.174153 0.074471
v -0.630390 2.080986 0.083663
v -0.630390 2.174153 0.083663
v -0.624074 2.080986 0.090347
v -0.624074 2.174153 0.090347
v -0.614882 2.080986 0.090608
v -0.614882 2.174153 0.090608
v -0.608198 2.080986 0.084293
v -0.608198 2.174153 0.084293
v -0.607938 2.080986 0.075101
v -0.607938 2.174153 0.075101
v -0.614253 2.080986 0.068417
v -0.614253 2.174153 0.068417
v -0.625042 2.194725 0.081624
v -0.619088 2.193122 0.088446
v -0.610768 2.189250 0.089039
v -0.604956 2.185379 0.083056
v -0.605057 2.183775 0.074002
v -0.611011 2.185379 0.067180
v -0.608886 2.201109 0.062603
v -0.602797 2.194371 0.064047
v -0.597767 2.191580 0.071222
v -0.596742 2.194371 0.079923
v -0.600324 2.201109 0.085055
v -0.606413 2.207846 0.083612
v -0.611443 2.210637 0.076437
v -0.612468 2.207846 0.067736
v -0.593227 2.209996 0.056632
v -0.589139 2.202061 0.058839
v -0.584938 2.198774 0.066329
v -0.583084 2.202061 0.074715
v -0.584665 2.209996 0.079084
v -0.588753 2.217932 0.076876
v -0.592954 2.221219 0.069386
v -0.594808 2.217932 0.061000
v -0.574937 2.211651 0.049656
v -0.573740 2.203156 0.052966
v -0.570737 2.199637 0.060913
v -0.567685 2.203156 0.068842
v -0.566374 2.211651 0.072108
v -0.567570 2.220147 0.068798
v -0.570574 2.223666 0.060851
v -0.573625 2.220147 0.052922
v -0.457538 2.211651 0.004882
v -0.456342 2.203156 0.008192
v -0.453338 2.199637 0.016140
v -0.450287 2.203156 0.024068
v -0.448975 2.211651 0.027335
v -0.450172 2.220147 0.024025
v -0.453176 2.223666 0.016077
v -0.456227 2.220147 0.008149
v -0.610768 1.857724 0.089039
v -0.619088 1.853853 0.088446
v -0.614882 1.918404 0.090608
v -0.614882 1.872822 0.090608
v -0.624074 1.918404 0.090347
v -0.624074 1.872822 0.090347
v -0.630390 1.918404 0.083663
v -0.630390 1.872822 0.083663
v -0.630129 1.918404 0.074471
v -0.630129 1.872822 0.074471
v -0.623445 1.918404 0.068156
v -0.623445 1.872822 0.068156
v -0.614253 1.918404 0.068417
v -0.614253 1.872822 0.068417
v -0.607938 1.918404 0.075101
v -0.607938 1.872822 0.075101
v -0.608198 1.918404 0.084293
v -0.608198 1.872822 0.084293
v -0.625042 1.852249 0.081624
v -0.625143 1.853853 0.072570
v -0.619331 1.857724 0.066587
v -0.611011 1.861596 0.067180
v -0.605057 1.863199 0.074002
v -0.604956 1.861596 0.083056
v -0.600324 1.845866 0.085055
v -0.596742 1.852604 0.079923
v -0.597767 1.855394 0.071222
v -0.602797 1.852604 0.064047
v -0.608886 1.845866 0.062603
v -0.612468 1.839128 0.067736
v -0.611443 1.836338 0.076437
v -0.606413 1.839128 0.083612
v -0.584665 1.836978 0.079084
v -0.583084 1.844914 0.074715
v -0.584938 1.848201 0.066329
v -0.589139 1.844914 0.058839
v -0.593227 1.836978 0.056632
v -0.594808 1.829043 0.061000
v -0.592954 1.825756 0.069386
v -0.588753 1.829043 0.076876
v -0.566374 1.835323 0.072108
v -0.567685 1.843819 0.068842
v -0.570737 1.847338 0.060913
v -0.573740 1.843819 0.052966
v -0.574937 1.835323 0.049656
v -0.573625 1.826828 0.052922
v -0.570574 1.823309 0.060851
v -0.567570 1.826828 0.068798
v -0.448975 1.835323 0.027335
v -0.450287 1.843819 0.024068
v -0.453338 1.847338 0.016140
v -0.456342 1.843819 0.008192
v -0.457538 1.835323 0.004882
v -0.456227 1.826828 0.008149
v -0.453176 1.823309 0.016077
v -0.450172 1.826828 0.024025
v -0.550197 1.885670 0.063266
v -0.550197 2.161790 0.063266
v -0.703242 1.885670 0.063266
v -0.703242 2.161790 0.063266
v -0.547693 1.881152 0.045869
v -0.547693 2.166308 0.045869
v -0.705746 2.166308 0.045869
v -0.705746 1.881152 0.045869
v -0.564938 1.898397 0.057630
v -0.564938 2.149063 0.057630
v -0.688501 2.149063 0.057630
v -0.688501 1.898397 0.057630
v 0.098907 0.773229 -0.815411
v 0.098907 0.848421 -0.815411
v 0.098907 0.773229 -1.022671
v 0.098907 0.848421 -1.022671
v -0.534766 0.490620 -0.815411
v -0.534766 0.848421 -0.815411
v -0.534766 0.490620 -1.022671
v -0.534766 0.848421 -1.022671
v -0.418999 0.490620 -1.022671
v -0.418999 0.848421 -1.022671
v -0.418999 0.490620 -0.815411
v -0.418999 0.848421 -0.815411
v -0.239657 0.638359 -1.022671
v -0.239657 0.848421 -0.815411
v -0.239657 0.848421 -1.022671
v -0.239657 0.638359 -0.815411
v -0.296286 0.756642 0.046512
v -0.298468 0.756642 -0.205789
v -0.298468 0.756642 -1.203493
v -0.161629 1.090731 0.489835
v -0.162118 0.989042 0.489835
v -0.160509 1.041397 0.829134
v -0.161678 0.844060 0.829134
v -0.161391 1.041397 0.608640
v -0.163699 0.989042 0.167652
v -0.162891 1.090731 0.167652
v -0.163298 0.844060 0.608640
v -0.181295 1.090731 0.489835
v -0.181783 0.989042 0.489835
v -0.183365 0.989042 0.167652
v -0.182557 1.090731 0.167652
v -0.180175 1.041397 0.829134
v -0.181344 0.844060 0.829134
v -0.182964 0.844060 0.608640
v -0.181057 1.041397 0.608640
v -0.652860 0.846275 1.109724
v -0.652860 0.806632 0.968770
v -0.652860 0.696511 0.814601
v -0.652860 0.518850 0.719163
v -0.652860 0.307419 0.707417
v -0.240920 0.793844 -0.198486
v -0.494829 0.793844 -0.198486
v -0.497487 0.786641 -0.251263
v -0.536242 1.243419 -1.380433
v -0.534740 1.295734 -1.333931
v -0.750084 1.369275 -1.268562
v -0.552443 1.307552 -1.383572
v -0.702637 1.169879 -1.445803
v -0.553279 1.263887 -1.383248
v -0.626563 1.307552 -1.383572
v -0.619629 1.263887 -1.383248
v -0.186175 2.322161 0.111836
v -0.189264 2.286817 0.036631
v -0.227475 2.286817 0.036631
v -0.161936 2.301949 0.106590
v -0.181350 2.305767 0.039064
v -0.208370 2.278967 0.035623
v -0.208370 2.332566 0.042506
v -0.250348 2.348529 0.071933
v -0.208370 2.348004 0.112504
v -0.208370 2.248010 0.059025
v -0.208370 2.300147 0.109009
v -0.267736 2.306892 0.066586
v -0.208370 2.305767 0.039064
v -0.149004 2.306892 0.066586
v -0.162590 2.257786 0.089563
v -0.162590 2.348600 0.101225
v -0.143627 2.303193 0.095394
v -0.245977 2.264648 0.101800
v -0.208370 2.354700 0.113364
v -0.249222 2.301331 0.101957
v -0.208370 2.341850 0.107160
v -0.175536 2.269383 0.102408
v -0.241203 2.334515 0.110772
v -0.208370 2.269015 0.105012
v -0.208370 2.249727 -0.003058
v -0.250348 2.236016 0.022559
v -0.227475 2.257576 -0.002050
v -0.166392 2.236016 0.022559
v -0.186175 2.278133 0.106183
v -0.189264 2.324717 0.041498
v -0.230564 2.278133 0.106183
v -0.230564 2.322161 0.111836
v -0.227475 2.324717 0.041498
v -0.166392 2.265256 0.061240
v -0.166391 2.348529 0.071933
v -0.235389 2.305767 0.039064
v -0.250348 2.265256 0.061240
v -0.254803 2.301949 0.106590
v -0.208370 2.255893 0.100676
v -0.208370 2.365775 0.074147
v -0.254150 2.348600 0.101225
v -0.254150 2.257786 0.089563
v -0.208370 2.367409 0.103640
v -0.208370 2.238978 0.087148
v -0.273113 2.303193 0.095394
v -0.155186 2.301949 0.106590
v -0.170763 2.339249 0.111380
v -0.261554 2.301949 0.106590
v -0.208370 2.249198 0.099816
v -0.170763 2.264648 0.101800
v -0.245977 2.339249 0.111380
v -0.167518 2.301331 0.101957
v -0.175536 2.334515 0.110772
v -0.241203 2.269383 0.102408
v -0.208370 2.260812 0.096754
v -0.176982 2.300147 0.109009
v -0.179483 2.329983 0.105636
v -0.239758 2.300147 0.109009
v -0.237256 2.272680 0.098278
v -0.208370 2.331280 0.113007
v -0.179483 2.272680 0.098278
v -0.237256 2.329983 0.105636
v -0.189264 2.257576 -0.002050
v -0.208370 2.218769 0.020344
v -0.479723 2.119420 -1.317340
v -0.523751 2.117626 -1.322702
v -0.490862 2.150005 -1.235661
v -0.528762 2.148461 -1.240276
v -0.479723 2.161516 -1.331424
v -0.523751 2.159722 -1.336786
v -0.490862 2.186242 -1.247785
v -0.528762 2.184698 -1.252400
v -0.469301 2.120507 -1.251741
v -0.503539 2.096304 -1.310036
v -0.552574 2.117114 -1.261881
v -0.509812 2.141728 -1.235458
v -0.483012 2.168443 -1.240767
v -0.536611 2.166260 -1.247294
v -0.509812 2.192975 -1.252604
v -0.469301 2.200125 -1.278379
v -0.552574 2.196732 -1.288520
v -0.503539 2.184373 -1.339502
v -0.457483 2.142215 -1.319160
v -0.549595 2.138462 -1.330377
v -0.569820 2.156220 -1.277301
v -0.452055 2.161018 -1.262960
v -0.501737 2.139571 -1.327063
v -0.510937 2.214918 -1.288967
v -0.509812 2.167352 -1.244031
v -0.510937 2.102320 -1.251294
v -0.461831 2.107914 -1.277395
v -0.552645 2.191043 -1.317505
v -0.552645 2.104214 -1.288453
v -0.461831 2.194743 -1.306446
v -0.571454 2.146863 -1.305269
v -0.443023 2.152095 -1.289630
v -0.507238 2.210876 -1.317992
v -0.507238 2.088082 -1.276907
v -0.503539 2.089903 -1.307894
v -0.540839 2.103155 -1.317379
v -0.503539 2.190774 -1.341643
v -0.466239 2.177522 -1.332159
v -0.450788 2.142488 -1.318345
v -0.556290 2.138189 -1.331192
v -0.466239 2.106195 -1.308294
v -0.540839 2.174482 -1.341243
v -0.502921 2.103068 -1.307414
v -0.536105 2.107875 -1.318317
v -0.502921 2.180549 -1.333337
v -0.470973 2.172802 -1.331221
v -0.462402 2.143459 -1.315441
v -0.543440 2.140157 -1.325310
v -0.470973 2.110528 -1.310385
v -0.536105 2.170149 -1.339152
v -0.501737 2.109805 -1.317104
v -0.531573 2.113247 -1.314699
v -0.501737 2.169337 -1.337022
v -0.474270 2.170370 -1.326052
v -0.470605 2.140839 -1.323272
v -0.532870 2.138303 -1.330854
v -0.474270 2.115582 -1.307721
v -0.531572 2.168035 -1.333030
v -0.453772 2.180717 -1.204085
v -0.461621 2.162278 -1.198979
v -0.440061 2.212398 -1.241697
v -0.461621 2.198515 -1.211103
v -0.440061 2.132780 -1.215059
v -0.422814 2.173291 -1.226278
v -0.534766 0.360396 1.340254
v -0.534766 0.272580 1.215531
v -0.534766 0.298300 1.311534
v -0.534766 0.272580 1.141784
v -0.534766 0.360396 1.017060
v -0.534766 0.298300 1.045781
v -0.418999 0.360396 1.017060
v -0.418999 0.272580 1.141784
v -0.404751 0.358805 1.021644
v -0.418999 0.298300 1.045781
v -0.418999 0.272580 1.215531
v -0.418999 0.360396 1.340254
v -0.404751 0.358805 1.335670
v -0.418999 0.298300 1.311534
v -0.534740 1.324919 -1.383312
v -0.536242 1.246521 -1.382731
v -0.646905 1.324919 -1.383312
v -0.634456 1.246521 -1.382731
v -0.543839 1.315993 -1.378053
v -0.544999 1.255447 -1.377605
v -0.636449 1.315993 -1.378053
v -0.626835 1.255447 -1.377605
vt 0.523119 0.602253
vt 0.524488 0.577181
vt 0.524488 0.577181
vt 0.523119 0.602253
vt 0.482769 0.622603
vt 0.502810 0.622603
vt 0.502134 0.622603
vt 0.483097 0.622603
vt 0.000000 0.000000
vt 0.000000 0.000000
vt 0.000000 0.000000
vt 0.000000 0.000000
vt 0.000000 0.000000
vt 0.000000 0.000000
vt 0.000000 0.000000
vt 0.000000 0.000000
vt 0.000000 0.000000
vt 0.000000 0.000000
vt 0.524157 0.390683
vt 0.524157 0.390683
vt 0.431291 0.622603
vt 0.467162 0.622603
vt 0.467162 0.622603
vt 0.418528 0.622603
vt 0.000000 0.000000
vt 0.000000 0.000000
vt 0.000000 0.000000
vt 0.000000 0.000000
vt 0.000000 0.000000
vt 0.527611 0.578790
vt 0.527611 0.578790
vt 0.526666 0.618325
vt 0.527004 0.619855
vt 0.517926 0.622603
vt 0.518364 0.622603
vt 0.527611 0.375000
vt 0.527611 0.578790
vt 0.527611 0.375000
vt 0.517573 0.608448
vt 0.527611 0.375000
vt 0.467162 0.606938
vt 0.420353 0.606938
vt 0.467162 0.606938
vt 0.420353 0.606938
vt 0.517573 0.608448
vt 0.479945 0.622603
vt 0.480421 0.622603
vt 0.505625 0.622603
vt 0.507135 0.622603
vt 0.519150 0.622603
vt 0.504784 0.622603
vt 0.504024 0.622603
vt 0.482180 0.622603
vt 0.479090 0.622603
vt 0.398940 0.622603
vt 0.393512 0.622603
vt 0.392999 0.617396
vt 0.376024 0.617155
vt 0.375000 0.622603
vt 0.420353 0.390665
vt 0.420353 0.390665
vt 0.416755 0.606934
vt 0.415936 0.617721
vt 0.376024 0.396420
vt 0.375000 0.375000
vt 0.416755 0.408517
vt 0.000000 0.000000
vt 0.000000 0.000000
vt 0.000000 0.000000
vt 0.527611 0.622603
vt 0.375000 0.622603
vt 0.481207 0.622603
vt 0.000000 0.000000
vt 0.000000 0.000000
vt 0.000000 0.000000
vt 0.000000 0.000000
vt 0.000000 0.000000
vt 0.000000 0.000000
vt 0.000000 0.000000
vt 0.000000 0.000000
vt 0.000000 0.000000
vt 0.000000 0.000000
vt 0.000000 0.000000
vt 0.523119 0.602253
vt 0.523119 0.602253
vt 0.524488 0.577181
vt 0.524488 0.577181
vt 0.482769 0.622603
vt 0.483097 0.622603
vt 0.502134 0.622603
vt 0.502810 0.622603
vt 0.000000 0.000000
vt 0.000000 0.000000
vt 0.000000 0.000000
vt 0.000000 0.000000
vt 0.000000 0.000000
vt 0.000000 0.000000
vt 0.000000 0.000000
vt 0.000000 0.000000
vt 0.000000 0.000000
vt 0.000000 0.000000
vt 0.431291 0.622603
vt 0.418528 0.622603
vt 0.467162 0.622603
vt 0.467162 0.622603
vt 0.000000 0.000000
vt 0.000000 0.000000
vt 0.000000 0.000000
vt 0.000000 0.000000
vt 0.000000 0.000000
vt 0.527611 0.578790
vt 0.527004 0.619855
vt 0.526666 0.618325
vt 0.527611 0.578790
vt 0.518364 0.622603
vt 0.517926 0.622603
vt 0.527611 0.578790
vt 0.517573 0.608448
vt 0.467162 0.606938
vt 0.420353 0.606938
vt 0.420353 0.606938
vt 0.467162 0.606938
vt 0.517573 0.608448
vt 0.479945 0.622603
vt 0.480421 0.622603
vt 0.505625 0.622603
vt 0.519150 0.622603
vt 0.507135 0.622603
vt 0.504784 0.622603
vt 0.504024 0.622603
vt 0.479090 0.622603
vt 0.482180 0.622603
vt 0.398940 0.622603
vt 0.393512 0.622603
vt 0.392999 0.617396
vt 0.375000 0.622603
vt 0.376024 0.617155
vt 0.416755 0.606934
vt 0.415936 0.617721
vt 0.000000 0.000000
vt 0.000000 0.000000
vt 0.000000 0.000000
vt 0.527611 0.622603
vt 0.375000 0.622603
vt 0.481207 0.622603
vt 0.000000 0.000000
vt 0.000000 0.000000
vt 0.000000 0.000000
vt 0.000000 0.000000
vt 0.000000 0.000000
vt 0.000000 0.000000
vt 0.000000 0.000000
vt 0.000000 0.000000
vt 0.000000 0.000000
vt 0.000000 0.000000
vt 0.000000 0.000000
vt 0.625000 0.375000
vt 0.625000 0.622603
vt 0.625000 0.622603
vt 0.625000 0.375000
vt 0.625000 0.622603
vt 0.625000 0.565914
vt 0.625000 0.565914
vt 0.625000 0.622603
vt 0.625000 0.500000
vt 0.625000 0.500000
vt 0.625000 0.416667
vt 0.625000 0.416667
vt 0.708333 0.500000
vt 0.708333 0.565914
vt 0.625000 0.375000
vt 0.625000 0.375000
vt 0.708333 0.622603
vt 0.750000 0.565914
vt 0.750000 0.622603
vt 0.750000 0.500000
vt 0.625000 0.622603
vt 0.625000 0.622603
vt 0.625000 0.622603
vt 0.625000 0.622603
vt 0.625000 0.565914
vt 0.625000 0.565914
vt 0.625000 0.500000
vt 0.625000 0.500000
vt 0.625000 0.416667
vt 0.625000 0.416667
vt 0.708333 0.565914
vt 0.708333 0.500000
vt 0.708333 0.622603
vt 0.390119 0.777277
vt 0.609881 0.777277
vt 0.609881 0.972723
vt 0.390119 0.972723
vt 0.390119 0.777277
vt 0.390119 0.972723
vt 0.609881 0.972723
vt 0.609881 0.777277
vt 0.532934 0.622652
vt 0.536506 0.622603
vt 0.616251 0.622603
vt 0.619677 0.622546
vt 0.619677 0.622165
vt 0.616734 0.622149
vt 0.535877 0.623042
vt 0.532934 0.623034
vt 0.520037 0.382864
vt 0.618088 0.383383
vt 0.618088 0.416456
vt 0.520037 0.415810
vt 0.482163 0.622603
vt 0.522677 0.622603
vt 0.522678 0.622603
vt 0.517157 0.622603
vt 0.481328 0.622603
vt 0.531237 0.574116
vt 0.538181 0.570356
vt 0.615361 0.570463
vt 0.621374 0.574377
vt 0.621374 0.614141
vt 0.615378 0.618053
vt 0.538206 0.618161
vt 0.531237 0.614399
vt 0.532934 0.413910
vt 0.532934 0.604967
vt 0.619677 0.603539
vt 0.619677 0.415023
vt 0.531802 0.509626
vt 0.537413 0.505461
vt 0.615850 0.505602
vt 0.620810 0.509924
vt 0.620810 0.555966
vt 0.615742 0.560312
vt 0.537271 0.560454
vt 0.531802 0.556311
vt 0.459335 0.622603
vt 0.460378 0.622603
vt 0.469604 0.597319
vt 0.512286 0.578748
vt 0.521238 0.580006
vt 0.521238 0.612988
vt 0.512910 0.616974
vt 0.480935 0.617014
vt 0.532952 0.642692
vt 0.619678 0.622091
vt 0.618231 0.472231
vt 0.613286 0.484219
vt 0.536713 0.485262
vt 0.530271 0.475411
vt 0.457318 0.616173
vt 0.451226 0.610315
vt 0.451229 0.604445
vt 0.455455 0.598444
vt 0.532934 0.622652
vt 0.532934 0.623034
vt 0.535877 0.623042
vt 0.616734 0.622149
vt 0.619677 0.622165
vt 0.619677 0.622546
vt 0.616251 0.622603
vt 0.536506 0.622603
vt 0.520037 0.415810
vt 0.618088 0.416456
vt 0.482163 0.622603
vt 0.481328 0.622603
vt 0.517157 0.622603
vt 0.522678 0.622603
vt 0.522677 0.622603
vt 0.531237 0.574116
vt 0.531237 0.614399
vt 0.538206 0.618161
vt 0.615378 0.618053
vt 0.621374 0.614141
vt 0.621374 0.574377
vt 0.615361 0.570463
vt 0.538181 0.570356
vt 0.619677 0.603539
vt 0.532934 0.604967
vt 0.531802 0.509626
vt 0.531802 0.556311
vt 0.537271 0.560454
vt 0.615742 0.560312
vt 0.620810 0.555966
vt 0.620810 0.509924
vt 0.615850 0.505602
vt 0.537413 0.505461
vt 0.460378 0.622603
vt 0.459335 0.622603
vt 0.469604 0.597319
vt 0.480935 0.617014
vt 0.512910 0.616974
vt 0.521238 0.612988
vt 0.521238 0.580006
vt 0.512286 0.578748
vt 0.532952 0.642692
vt 0.619678 0.622091
vt 0.530271 0.475411
vt 0.536713 0.485262
vt 0.613286 0.484219
vt 0.618231 0.472231
vt 0.455455 0.598444
vt 0.451229 0.604445
vt 0.451226 0.610315
vt 0.457318 0.616173
vt 0.394917 0.476303
vt 0.395268 0.569600
vt 0.407380 0.569845
vt 0.407275 0.477479
vt 0.386304 0.569419
vt 0.381791 0.590928
vt 0.394656 0.591031
vt 0.385772 0.475432
vt 0.380922 0.453379
vt 0.412040 0.591169
vt 0.411979 0.456698
vt 0.394130 0.454791
vt 0.500000 0.875000
vt 0.573772 0.875000
vt 0.562784 0.937785
vt 0.500000 0.948772
vt 0.426228 0.875000
vt 0.437216 0.937784
vt 0.437216 0.812216
vt 0.500000 0.801228
vt 0.562784 0.812216
vt 0.587588 0.962588
vt 0.500000 0.971015
vt 0.412412 0.787412
vt 0.500000 0.778985
vt 0.403985 0.875000
vt 0.596015 0.875000
vt 0.587588 0.787413
vt 0.412412 0.962588
vt 0.394917 0.476303
vt 0.407275 0.477479
vt 0.407380 0.569845
vt 0.395268 0.569600
vt 0.394656 0.591031
vt 0.381791 0.590928
vt 0.386304 0.569419
vt 0.380922 0.453379
vt 0.385772 0.475432
vt 0.411979 0.456698
vt 0.412040 0.591169
vt 0.394130 0.454791
vt 0.500000 0.875000
vt 0.500000 0.948772
vt 0.562784 0.937785
vt 0.573772 0.875000
vt 0.426228 0.875000
vt 0.437216 0.937784
vt 0.437216 0.812216
vt 0.500000 0.801228
vt 0.562784 0.812216
vt 0.500000 0.971015
vt 0.587588 0.962588
vt 0.500000 0.778985
vt 0.412412 0.787412
vt 0.403985 0.875000
vt 0.596015 0.875000
vt 0.587588 0.787413
vt 0.412412 0.962588
vt 0.360096 0.375000
vt 0.345193 0.622603
vt 0.528270 0.622603
vt 0.530273 0.622626
vt 0.530273 0.622820
vt 0.527611 0.622603
vt 0.527611 0.622603
vt 0.527611 0.622603
vt 0.616672 0.492107
vt 0.534516 0.492633
vt 0.467162 0.416667
vt 0.513125 0.416667
vt 0.527611 0.500000
vt 0.467162 0.500000
vt 0.530273 0.394455
vt 0.530273 0.603067
vt 0.514174 0.576360
vt 0.468993 0.595876
vt 0.468383 0.594433
vt 0.516061 0.573972
vt 0.537027 0.619272
vt 0.616479 0.619190
vt 0.617580 0.620328
vt 0.535847 0.620382
vt 0.250000 0.591547
vt 0.291667 0.591547
vt 0.291667 0.622603
vt 0.250000 0.622603
vt 0.467162 0.375000
vt 0.513125 0.375000
vt 0.333333 0.375000
vt 0.449720 0.602783
vt 0.449718 0.611915
vt 0.448209 0.613514
vt 0.448211 0.601121
vt 0.480661 0.618412
vt 0.455580 0.617751
vt 0.445193 0.416667
vt 0.445193 0.500000
vt 0.467162 0.591547
vt 0.445193 0.591547
vt 0.445193 0.375000
vt 0.621857 0.557367
vt 0.621857 0.508522
vt 0.622905 0.507121
vt 0.622905 0.558769
vt 0.527611 0.565914
vt 0.527676 0.500084
vt 0.529707 0.506899
vt 0.529706 0.559038
vt 0.527641 0.565875
vt 0.624958 0.500057
vt 0.618159 0.502802
vt 0.535031 0.502730
vt 0.625000 0.500000
vt 0.534907 0.563184
vt 0.618062 0.563112
vt 0.624925 0.565813
vt 0.625000 0.565914
vt 0.624458 0.622603
vt 0.618913 0.622603
vt 0.533844 0.622603
vt 0.625000 0.622603
vt 0.617566 0.568189
vt 0.535827 0.568134
vt 0.623187 0.616418
vt 0.623187 0.572100
vt 0.529424 0.571898
vt 0.529424 0.616617
vt 0.414722 0.500000
vt 0.414722 0.591547
vt 0.375000 0.416667
vt 0.414722 0.463825
vt 0.445193 0.622603
vt 0.414722 0.622603
vt 0.250000 0.500000
vt 0.291667 0.500000
vt 0.526207 0.567883
vt 0.526966 0.622032
vt 0.524425 0.615806
vt 0.524425 0.575538
vt 0.446033 0.592553
vt 0.449013 0.595241
vt 0.522832 0.577772
vt 0.522832 0.614397
vt 0.408688 0.622603
vt 0.454210 0.622603
vt 0.375000 0.375000
vt 0.624994 0.622602
vt 0.622339 0.622382
vt 0.622338 0.622577
vt 0.536222 0.504095
vt 0.617005 0.504202
vt 0.530330 0.573007
vt 0.530330 0.615508
vt 0.616464 0.569326
vt 0.537004 0.569245
vt 0.622281 0.615279
vt 0.622281 0.573238
vt 0.536089 0.561819
vt 0.616902 0.561712
vt 0.622339 0.395012
vt 0.622339 0.601966
vt 0.625000 0.375000
vt 0.530754 0.508263
vt 0.530754 0.557675
vt 0.453258 0.597609
vt 0.481263 0.619809
vt 0.516518 0.619788
vt 0.482244 0.622603
vt 0.514714 0.618381
vt 0.457973 0.622603
vt 0.455569 0.622603
vt 0.482204 0.622603
vt 0.625000 0.416667
vt 0.625000 0.375000
vt 0.625265 0.618813
vt 0.621498 0.568150
vt 0.526927 0.569778
vt 0.531394 0.620321
vt 0.621045 0.502689
vt 0.528023 0.504836
vt 0.624316 0.561075
vt 0.531771 0.563204
vt 0.530380 0.622603
vt 0.530291 0.622879
vt 0.620917 0.622618
vt 0.622339 0.641122
vt 0.526431 0.617455
vt 0.520552 0.573022
vt 0.451436 0.618351
vt 0.445937 0.621743
vt 0.447338 0.598179
vt 0.453842 0.619329
vt 0.527611 0.609952
vt 0.527611 0.623225
vt 0.000000 0.000000
vt 0.000000 0.000000
vt 0.000000 0.000000
vt 0.000000 0.000000
vt 0.000000 0.000000
vt 0.000000 0.000000
vt 0.000000 0.000000
vt 0.000000 0.000000
vt 0.000000 0.000000
vt 0.000000 0.000000
vt 0.000000 0.000000
vt 0.000000 0.000000
vt 0.000000 0.000000
vt 0.000000 0.000000
vt 0.000000 0.000000
vt 0.000000 0.000000
vt 0.000000 0.000000
vt 0.000000 0.000000
vt 0.000000 0.000000
vt 0.000000 0.000000
vt 0.000000 0.000000
vt 0.000000 0.000000
vt 0.000000 0.000000
vt 0.000000 0.000000
vt 0.000000 0.000000
vt 0.621544 0.416561
vt 0.621544 0.379191
vt 0.516581 0.378932
vt 0.516581 0.416238
vt 0.415482 0.414315
vt 0.415482 0.441337
vt 0.467162 0.390665
vt 0.310904 0.500000
vt 0.323706 0.500000
vt 0.329327 0.599458
vt 0.329327 0.650542
vt 0.323706 0.750000
vt 0.310904 0.750000
vt 0.436358 0.750000
vt 0.625000 0.750000
vt 0.625000 0.795673
vt 0.436358 0.795673
vt 0.375000 0.814096
vt 0.625000 0.814096
vt 0.625000 1.000000
vt 0.375000 1.000000
vt 0.375000 0.599458
vt 0.392971 0.531049
vt 0.436358 0.500000
vt 0.625000 0.500000
vt 0.392971 0.718951
vt 0.375000 0.650542
vt 0.689096 0.500000
vt 0.875000 0.500000
vt 0.875000 0.750000
vt 0.689096 0.750000
vt 0.670673 0.500000
vt 0.670673 0.750000
vt 0.375000 0.435904
vt 0.625000 0.435904
vt 0.625000 0.454327
vt 0.436358 0.454327
vt 0.375000 0.448706
vt 0.375000 0.801294
vt 0.375000 0.250000
vt 0.625000 0.250000
vt 0.125000 0.500000
vt 0.125000 0.750000
vt 0.375000 0.591547
vt 0.375000 0.622603
vt 0.392776 0.615560
vt 0.376387 0.615247
vt 0.414923 0.615982
vt 0.481386 0.622603
vt 0.456772 0.622603
vt 0.518153 0.622603
vt 0.525145 0.622603
vt 0.525144 0.622603
vt 0.476708 0.622603
vt 0.453724 0.622603
vt 0.448619 0.622603
vt 0.467470 0.622603
vt 0.458393 0.622603
vt 0.418943 0.622603
vt 0.467411 0.622603
vt 0.454741 0.622603
vt 0.528073 0.482717
vt 0.527914 0.498981
vt 0.624341 0.498450
vt 0.621617 0.480100
vt 0.377310 0.436966
vt 0.376387 0.403784
vt 0.621581 0.481822
vt 0.533932 0.492812
vt 0.394204 0.414315
vt 0.393544 0.438825
vt 0.394430 0.598983
vt 0.380125 0.598933
vt 0.378458 0.606938
vt 0.394204 0.606936
vt 0.379116 0.445173
vt 0.413730 0.449018
vt 0.413761 0.599052
vt 0.415482 0.606934
vt 0.393837 0.446808
vt 0.561021 0.730827
vt 0.561021 0.519173
vt 0.560828 0.230827
vt 0.560828 0.019173
vt 0.556682 0.250000
vt 0.625000 0.250000
vt 0.625000 0.500000
vt 0.556682 0.500000
vt 0.620661 0.730827
vt 0.620855 0.019173
vt 0.556682 0.750000
vt 0.625000 0.750000
vt 0.625000 1.000000
vt 0.556682 1.000000
vt 0.125000 0.500000
vt 0.375000 0.500000
vt 0.375000 0.750000
vt 0.125000 0.750000
vt 0.875000 0.500000
vt 0.875000 0.750000
vt 0.415351 0.750000
vt 0.473069 0.750000
vt 0.473069 1.000000
vt 0.415351 1.000000
vt 0.420182 0.521346
vt 0.468239 0.521346
vt 0.468454 0.228654
vt 0.419967 0.228654
vt 0.415351 0.250000
vt 0.473069 0.250000
vt 0.473069 0.500000
vt 0.415351 0.500000
vt 0.420182 0.728654
vt 0.419967 0.021346
vt 0.552358 0.730894
vt 0.477393 0.730894
vt 0.477200 0.019106
vt 0.552551 0.019106
vt 0.552358 0.519106
vt 0.552551 0.230894
vt 0.410349 0.727893
vt 0.380003 0.727893
vt 0.379780 0.022107
vt 0.410572 0.022107
vt 0.375000 0.250000
vt 0.410349 0.522107
vt 0.410572 0.227893
vt 0.375000 1.000000
vt 0.379780 0.227893
vt 0.375000 0.000000
vt 0.380003 0.522107
vt 0.415351 0.000000
vt 0.468454 0.021346
vt 0.473069 0.000000
vt 0.468239 0.728654
vt 0.477200 0.230894
vt 0.477393 0.519106
vt 0.556682 0.000000
vt 0.620855 0.230827
vt 0.625000 0.000000
vt 0.620661 0.519173
vt 0.378458 0.414315
vt 0.375000 0.500000
vt 0.475478 0.622603
vt 0.412276 0.622603
vt 0.450841 0.622603
vt 0.431818 0.622603
vt 0.416334 0.622603
vt 0.468523 0.622603
vt 0.475475 0.622603
vt 0.476708 0.622603
vt 0.453724 0.622603
vt 0.475478 0.622603
vt 0.475475 0.622603
vt 0.467411 0.622603
vt 0.431818 0.622603
vt 0.412276 0.622603
vt 0.403085 0.622603
vt 0.403085 0.622603
vt 0.375000 0.072794
vt 0.625000 0.072794
vt 0.625000 0.250000
vt 0.375000 0.250000
vt 0.625000 0.500000
vt 0.375000 0.500000
vt 0.375000 0.677206
vt 0.625000 0.677206
vt 0.625000 0.750000
vt 0.375000 0.750000
vt 0.609881 0.777277
vt 0.609881 0.972723
vt 0.125000 0.677206
vt 0.125000 0.750000
vt 0.875000 0.677206
vt 0.875000 0.750000
vt 0.375000 1.000000
vt 0.500000 1.000000
vt 0.500000 1.000000
vt 0.375000 1.000000
vt 0.750000 1.000000
vt 0.875000 1.000000
vt 0.875000 1.000000
vt 0.750000 1.000000
vt 1.000000 0.500000
vt 1.000000 1.000000
vt 0.875000 0.500000
vt 1.000000 1.000000
vt 1.000000 1.000000
vt 0.875000 1.000000
vt 0.375000 1.000000
vt 0.500000 1.000000
vt 0.750000 0.500000
vt 0.750000 1.000000
vt 0.000000 1.000000
vt 0.125000 1.000000
vt 0.125000 1.000000
vt 0.000000 1.000000
vt 0.625000 1.000000
vt 0.625000 0.500000
vt 0.250000 1.000000
vt 0.250000 1.000000
vt 0.625000 1.000000
vt 0.500000 0.500000
vt 0.125000 1.000000
vt 0.000000 1.000000
vt 0.250000 1.000000
vt 0.375000 0.500000
vt 0.125000 1.000000
vt 0.000000 1.000000
vt 0.250000 0.500000
vt 0.625000 1.000000
vt 0.125000 0.500000
vt 0.000000 0.500000
vt 0.750000 0.490000
vt 0.919706 0.419706
vt 0.990000 0.250000
vt 0.919706 0.080294
vt 0.750000 0.010000
vt 0.580294 0.080294
vt 0.510000 0.250000
vt 0.580294 0.419706
vt 0.750000 1.000000
vt 0.875000 1.000000
vt 0.875000 1.000000
vt 0.750000 1.000000
vt 1.000000 1.000000
vt 0.625000 1.000000
vt 0.500000 1.000000
vt 0.375000 1.000000
vt 0.250000 1.000000
vt 0.125000 1.000000
vt 0.250000 1.000000
vt 0.250000 1.000000
vt 0.125000 1.000000
vt 0.625000 1.000000
vt 0.500000 1.000000
vt 0.375000 1.000000
vt 0.000000 1.000000
vt 1.000000 1.000000
vt 0.419706 0.419706
vt 0.250000 0.490000
vt 0.080294 0.419706
vt 0.010000 0.250000
vt 0.080294 0.080294
vt 0.250000 0.010000
vt 0.419706 0.080294
vt 0.490000 0.250000
vt 0.875000 1.000000
vt 0.750000 1.000000
vt 0.625000 1.000000
vt 0.500000 1.000000
vt 0.375000 1.000000
vt 0.000000 1.000000
vt 1.000000 1.000000
vt 0.375000 1.000000
vt 0.500000 1.000000
vt 0.500000 1.000000
vt 0.375000 1.000000
vt 0.750000 1.000000
vt 0.875000 1.000000
vt 0.875000 1.000000
vt 0.750000 1.000000
vt 1.000000 0.500000
vt 1.000000 1.000000
vt 0.875000 0.500000
vt 1.000000 1.000000
vt 1.000000 1.000000
vt 0.875000 1.000000
vt 0.375000 1.000000
vt 0.500000 1.000000
vt 0.750000 0.500000
vt 0.750000 1.000000
vt 0.000000 1.000000
vt 0.125000 1.000000
vt 0.125000 1.000000
vt 0.000000 1.000000
vt 0.625000 1.000000
vt 0.625000 0.500000
vt 0.250000 1.000000
vt 0.250000 1.000000
vt 0.625000 1.000000
vt 0.500000 0.500000
vt 0.125000 1.000000
vt 0.000000 1.000000
vt 0.250000 1.000000
vt 0.375000 0.500000
vt 0.125000 1.000000
vt 0.000000 1.000000
vt 0.250000 0.500000
vt 0.625000 1.000000
vt 0.125000 0.500000
vt 0.000000 0.500000
vt 0.750000 0.490000
vt 0.919706 0.419706
vt 0.990000 0.250000
vt 0.919706 0.080294
vt 0.750000 0.010000
vt 0.580294 0.080294
vt 0.510000 0.250000
vt 0.580294 0.419706
vt 0.750000 1.000000
vt 0.875000 1.000000
vt 0.875000 1.000000
vt 0.750000 1.000000
vt 1.000000 1.000000
vt 0.625000 1.000000
vt 0.500000 1.000000
vt 0.375000 1.000000
vt 0.250000 1.000000
vt 0.125000 1.000000
vt 0.250000 1.000000
vt 0.250000 1.000000
vt 0.125000 1.000000
vt 0.625000 1.000000
vt 0.500000 1.000000
vt 0.375000 1.000000
vt 0.000000 1.000000
vt 1.000000 1.000000
vt 0.419706 0.419706
vt 0.250000 0.490000
vt 0.080294 0.419706
vt 0.010000 0.250000
vt 0.080294 0.080294
vt 0.250000 0.010000
vt 0.419706 0.080294
vt 0.490000 0.250000
vt 0.875000 1.000000
vt 0.750000 1.000000
vt 0.625000 1.000000
vt 0.500000 1.000000
vt 0.375000 1.000000
vt 0.000000 1.000000
vt 1.000000 1.000000
vt 0.875000 0.500000
vt 0.125000 0.500000
vt 0.375000 0.000000
vt 0.625000 0.000000
vt 0.390119 0.972723
vt 0.625000 1.000000
vt 0.375000 1.000000
vt 0.390119 0.777277
vt 0.375000 0.454327
vt 0.625000 0.454327
vt 0.625000 0.500000
vt 0.375000 0.500000
vt 0.625000 0.750000
vt 0.375000 0.750000
vt 0.375000 0.814096
vt 0.625000 0.814096
vt 0.625000 1.000000
vt 0.375000 1.000000
vt 0.329327 0.500000
vt 0.329327 0.750000
vt 0.689096 0.500000
vt 0.875000 0.500000
vt 0.875000 0.750000
vt 0.689096 0.750000
vt 0.670673 0.500000
vt 0.670673 0.750000
vt 0.310904 0.500000
vt 0.310904 0.750000
vt 0.625000 0.795673
vt 0.375000 0.795673
vt 0.375000 0.435904
vt 0.625000 0.435904
vt 0.375000 0.250000
vt 0.625000 0.250000
vt 0.125000 0.500000
vt 0.125000 0.750000
vt 0.000000 0.000000
vt 0.416334 0.622603
vt 0.454741 0.622603
vt 0.458393 0.622603
vt 0.418943 0.622603
vt 0.468523 0.622603
vt 0.467470 0.622603
vt 0.448619 0.622603
vt 0.450841 0.622603
vt 0.500000 0.125000
vt 0.625000 0.125000
vt 0.625000 0.250000
vt 0.500000 0.250000
vt 0.500000 0.375000
vt 0.625000 0.375000
vt 0.625000 0.500000
vt 0.500000 0.500000
vt 0.250000 0.687500
vt 0.375000 0.687500
vt 0.375000 0.750000
vt 0.250000 0.750000
vt 0.750000 0.687500
vt 0.875000 0.687500
vt 0.875000 0.750000
vt 0.750000 0.750000
vt 0.625000 0.687500
vt 0.625000 0.750000
vt 0.750000 0.500000
vt 0.750000 0.625000
vt 0.625000 0.625000
vt 0.875000 0.500000
vt 0.875000 0.625000
vt 0.125000 0.687500
vt 0.125000 0.750000
vt 0.375000 0.500000
vt 0.375000 0.625000
vt 0.375000 0.625000
vt 0.375000 0.500000
vt 0.250000 0.625000
vt 0.250000 0.625000
vt 0.500000 0.687500
vt 0.500000 0.750000
vt 0.500000 0.625000
vt 0.375000 0.375000
vt 0.375000 0.250000
vt 0.375000 0.125000
vt 0.375000 0.062500
vt 0.500000 0.062500
vt 0.625000 0.062500
vt 0.500000 0.000000
vt 0.625000 0.000000
vt 0.375000 0.000000
vt 0.125000 0.625000
vt 0.500000 0.984135
vt 0.603781 0.978781
vt 0.625000 1.000000
vt 0.500000 1.000000
vt 0.500000 0.765865
vt 0.396219 0.771219
vt 0.390865 0.875000
vt 0.375000 0.875000
vt 0.609135 0.875000
vt 0.625000 0.875000
vt 0.396219 0.978781
vt 0.375000 1.000000
vt 0.603781 0.771219
vt 0.125000 0.500000
vt 0.250000 0.500000
vt 0.125000 0.625000
vt 0.375000 0.375000
vt 0.375000 0.250000
vt 0.375000 0.125000
vt 0.500000 0.125000
vt 0.625000 0.125000
vt 0.625000 0.250000
vt 0.500000 0.250000
vt 0.500000 0.375000
vt 0.625000 0.375000
vt 0.625000 0.500000
vt 0.500000 0.500000
vt 0.500000 0.687500
vt 0.625000 0.687500
vt 0.625000 0.750000
vt 0.500000 0.750000
vt 0.250000 0.687500
vt 0.375000 0.687500
vt 0.375000 0.750000
vt 0.250000 0.750000
vt 0.750000 0.687500
vt 0.875000 0.687500
vt 0.875000 0.750000
vt 0.750000 0.750000
vt 0.750000 0.500000
vt 0.750000 0.625000
vt 0.625000 0.625000
vt 0.875000 0.500000
vt 0.875000 0.625000
vt 0.125000 0.687500
vt 0.125000 0.750000
vt 0.375000 0.500000
vt 0.375000 0.625000
vt 0.375000 0.625000
vt 0.375000 0.500000
vt 0.250000 0.625000
vt 0.250000 0.625000
vt 0.500000 0.625000
vt 0.375000 0.375000
vt 0.375000 0.250000
vt 0.375000 0.125000
vt 0.375000 0.062500
vt 0.500000 0.062500
vt 0.625000 0.062500
vt 0.500000 0.000000
vt 0.625000 0.000000
vt 0.375000 0.000000
vt 0.125000 0.625000
vt 0.500000 0.984135
vt 0.603781 0.978781
vt 0.625000 1.000000
vt 0.500000 1.000000
vt 0.500000 0.765865
vt 0.396219 0.771219
vt 0.390865 0.875000
vt 0.375000 0.875000
vt 0.609135 0.875000
vt 0.625000 0.875000
vt 0.396219 0.978781
vt 0.375000 1.000000
vt 0.603781 0.771219
vt 0.500000 0.971015
vt 0.587588 0.962588
vt 0.500000 0.778985
vt 0.412412 0.787412
vt 0.403985 0.875000
vt 0.596015 0.875000
vt 0.412412 0.962588
vt 0.587588 0.787413
vt 0.125000 0.500000
vt 0.250000 0.500000
vt 0.125000 0.625000
vt 0.375000 0.375000
vt 0.375000 0.250000
vt 0.375000 0.125000
vt 0.375000 0.452434
vt 0.375000 0.453409
vt 0.327434 0.750000
vt 0.323782 0.750000
vt 0.375000 0.750000
vt 0.329327 0.750000
vt 0.375000 0.795673
vt 0.329327 0.500000
vt 0.375000 0.500000
vt 0.375000 0.454327
vt 0.345193 0.622603
vt 0.528270 0.622603
vt 0.527611 0.622603
vt 0.527611 0.622603
vt 0.527611 0.622603
vt 0.530273 0.622820
vt 0.530273 0.622626
vt 0.534516 0.492633
vt 0.616672 0.492107
vt 0.467162 0.416667
vt 0.467162 0.500000
vt 0.527611 0.500000
vt 0.513125 0.416667
vt 0.530273 0.603067
vt 0.514174 0.576360
vt 0.516061 0.573972
vt 0.468383 0.594433
vt 0.468993 0.595876
vt 0.537027 0.619272
vt 0.535847 0.620382
vt 0.617580 0.620328
vt 0.616479 0.619190
vt 0.291667 0.622603
vt 0.291667 0.591547
vt 0.449720 0.602783
vt 0.448211 0.601121
vt 0.448209 0.613514
vt 0.449718 0.611915
vt 0.455580 0.617751
vt 0.480661 0.618412
vt 0.445193 0.416667
vt 0.445193 0.500000
vt 0.445193 0.591547
vt 0.467162 0.591547
vt 0.621857 0.557367
vt 0.622905 0.558769
vt 0.622905 0.507121
vt 0.621857 0.508522
vt 0.527611 0.565914
vt 0.527676 0.500084
vt 0.527641 0.565875
vt 0.529706 0.559038
vt 0.529707 0.506899
vt 0.624958 0.500057
vt 0.625000 0.500000
vt 0.535031 0.502730
vt 0.618159 0.502802
vt 0.625000 0.565914
vt 0.624925 0.565813
vt 0.618062 0.563112
vt 0.534907 0.563184
vt 0.624458 0.622603
vt 0.625000 0.622603
vt 0.533844 0.622603
vt 0.618913 0.622603
vt 0.535827 0.568134
vt 0.617566 0.568189
vt 0.623187 0.572100
vt 0.623187 0.616418
vt 0.529424 0.616617
vt 0.529424 0.571898
vt 0.414722 0.500000
vt 0.414722 0.591547
vt 0.375000 0.416667
vt 0.414722 0.463825
vt 0.414722 0.622603
vt 0.445193 0.622603
vt 0.291667 0.500000
vt 0.526207 0.567883
vt 0.526966 0.622032
vt 0.524425 0.575538
vt 0.524425 0.615806
vt 0.446033 0.592553
vt 0.449013 0.595241
vt 0.522832 0.614397
vt 0.522832 0.577772
vt 0.408688 0.622603
vt 0.454210 0.622603
vt 0.624994 0.622602
vt 0.622338 0.622577
vt 0.622339 0.622382
vt 0.617005 0.504202
vt 0.536222 0.504095
vt 0.530330 0.573007
vt 0.530330 0.615508
vt 0.616464 0.569326
vt 0.537004 0.569245
vt 0.622281 0.615279
vt 0.622281 0.573238
vt 0.536089 0.561819
vt 0.616902 0.561712
vt 0.622339 0.601966
vt 0.530754 0.508263
vt 0.530754 0.557675
vt 0.453258 0.597609
vt 0.481263 0.619809
vt 0.482244 0.622603
vt 0.516518 0.619788
vt 0.514714 0.618381
vt 0.457973 0.622603
vt 0.482204 0.622603
vt 0.455569 0.622603
vt 0.625000 0.416667
vt 0.625265 0.618813
vt 0.621498 0.568150
vt 0.526927 0.569778
vt 0.531394 0.620321
vt 0.621045 0.502689
vt 0.528023 0.504836
vt 0.624316 0.561075
vt 0.531771 0.563204
vt 0.530380 0.622603
vt 0.530291 0.622879
vt 0.620917 0.622618
vt 0.622339 0.641122
vt 0.526431 0.617455
vt 0.520552 0.573022
vt 0.445937 0.621743
vt 0.451436 0.618351
vt 0.447338 0.598179
vt 0.453842 0.619329
vt 0.527611 0.623225
vt 0.527611 0.609952
vt 0.000000 0.000000
vt 0.000000 0.000000
vt 0.000000 0.000000
vt 0.000000 0.000000
vt 0.000000 0.000000
vt 0.000000 0.000000
vt 0.000000 0.000000
vt 0.000000 0.000000
vt 0.000000 0.000000
vt 0.000000 0.000000
vt 0.000000 0.000000
vt 0.000000 0.000000
vt 0.000000 0.000000
vt 0.000000 0.000000
vt 0.000000 0.000000
vt 0.000000 0.000000
vt 0.000000 0.000000
vt 0.000000 0.000000
vt 0.000000 0.000000
vt 0.000000 0.000000
vt 0.000000 0.000000
vt 0.000000 0.000000
vt 0.000000 0.000000
vt 0.000000 0.000000
vt 0.000000 0.000000
vt 0.621544 0.416561
vt 0.516581 0.416238
vt 0.415482 0.441337
vt 0.375000 0.000000
vt 0.625000 0.000000
vt 0.310904 0.500000
vt 0.310904 0.750000
vt 0.323706 0.750000
vt 0.329327 0.650542
vt 0.329327 0.599458
vt 0.323706 0.500000
vt 0.436358 0.750000
vt 0.436358 0.795673
vt 0.625000 0.795673
vt 0.625000 0.750000
vt 0.375000 0.814096
vt 0.625000 0.814096
vt 0.375000 0.599458
vt 0.375000 0.650542
vt 0.392971 0.718951
vt 0.625000 0.500000
vt 0.436358 0.500000
vt 0.392971 0.531049
vt 0.689096 0.500000
vt 0.689096 0.750000
vt 0.670673 0.750000
vt 0.670673 0.500000
vt 0.375000 0.435904
vt 0.375000 0.448706
vt 0.436358 0.454327
vt 0.625000 0.454327
vt 0.625000 0.435904
vt 0.375000 0.801294
vt 0.375000 0.591547
vt 0.375000 0.622603
vt 0.392776 0.615560
vt 0.376387 0.615247
vt 0.414923 0.615982
vt 0.456772 0.622603
vt 0.481386 0.622603
vt 0.518153 0.622603
vt 0.525145 0.622603
vt 0.525144 0.622603
vt 0.476708 0.622603
vt 0.453724 0.622603
vt 0.448619 0.622603
vt 0.418943 0.622603
vt 0.458393 0.622603
vt 0.467470 0.622603
vt 0.467411 0.622603
vt 0.454741 0.622603
vt 0.527914 0.498981
vt 0.528073 0.482717
vt 0.624341 0.498450
vt 0.621617 0.480100
vt 0.377310 0.436966
vt 0.621581 0.481822
vt 0.533932 0.492812
vt 0.393544 0.438825
vt 0.394430 0.598983
vt 0.394204 0.606936
vt 0.378458 0.606938
vt 0.380125 0.598933
vt 0.379116 0.445173
vt 0.413730 0.449018
vt 0.415482 0.606934
vt 0.413761 0.599052
vt 0.393837 0.446808
vt 0.561021 0.730827
vt 0.560828 0.019173
vt 0.560828 0.230827
vt 0.561021 0.519173
vt 0.556682 0.250000
vt 0.556682 0.500000
vt 0.625000 0.500000
vt 0.625000 0.250000
vt 0.620661 0.730827
vt 0.620855 0.019173
vt 0.556682 0.750000
vt 0.556682 1.000000
vt 0.625000 1.000000
vt 0.625000 0.750000
vt 0.125000 0.500000
vt 0.125000 0.750000
vt 0.375000 0.750000
vt 0.375000 0.500000
vt 0.875000 0.750000
vt 0.875000 0.500000
vt 0.415351 0.750000
vt 0.415351 1.000000
vt 0.473069 1.000000
vt 0.473069 0.750000
vt 0.420182 0.521346
vt 0.419967 0.228654
vt 0.468454 0.228654
vt 0.468239 0.521346
vt 0.415351 0.250000
vt 0.415351 0.500000
vt 0.473069 0.500000
vt 0.473069 0.250000
vt 0.420182 0.728654
vt 0.419967 0.021346
vt 0.552358 0.730894
vt 0.552551 0.019106
vt 0.477200 0.019106
vt 0.477393 0.730894
vt 0.552358 0.519106
vt 0.552551 0.230894
vt 0.410349 0.727893
vt 0.410572 0.022107
vt 0.379780 0.022107
vt 0.380003 0.727893
vt 0.375000 0.250000
vt 0.410349 0.522107
vt 0.410572 0.227893
vt 0.375000 1.000000
vt 0.379780 0.227893
vt 0.375000 0.000000
vt 0.380003 0.522107
vt 0.415351 0.000000
vt 0.468454 0.021346
vt 0.473069 0.000000
vt 0.468239 0.728654
vt 0.477200 0.230894
vt 0.477393 0.519106
vt 0.556682 0.000000
vt 0.620855 0.230827
vt 0.625000 0.000000
vt 0.620661 0.519173
vt 0.375000 0.500000
vt 0.475478 0.622603
vt 0.412276 0.622603
vt 0.450841 0.622603
vt 0.416334 0.622603
vt 0.431818 0.622603
vt 0.475475 0.622603
vt 0.468523 0.622603
vt 0.453724 0.622603
vt 0.476708 0.622603
vt 0.475478 0.622603
vt 0.475475 0.622603
vt 0.467411 0.622603
vt 0.431818 0.622603
vt 0.412276 0.622603
vt 0.403085 0.622603
vt 0.403085 0.622603
vt 0.375000 0.072794
vt 0.375000 0.250000
vt 0.625000 0.250000
vt 0.625000 0.072794
vt 0.375000 0.500000
vt 0.625000 0.500000
vt 0.375000 0.677206
vt 0.375000 0.750000
vt 0.625000 0.750000
vt 0.625000 0.677206
vt 0.609881 0.777277
vt 0.609881 0.972723
vt 0.125000 0.677206
vt 0.125000 0.750000
vt 0.875000 0.750000
vt 0.875000 0.677206
vt 0.375000 1.000000
vt 0.375000 1.000000
vt 0.500000 1.000000
vt 0.500000 1.000000
vt 0.750000 1.000000
vt 0.750000 1.000000
vt 0.875000 1.000000
vt 0.875000 1.000000
vt 1.000000 0.500000
vt 0.875000 0.500000
vt 1.000000 1.000000
vt 0.875000 1.000000
vt 1.000000 1.000000
vt 1.000000 1.000000
vt 0.375000 1.000000
vt 0.500000 1.000000
vt 0.750000 0.500000
vt 0.750000 1.000000
vt 0.000000 1.000000
vt 0.000000 1.000000
vt 0.125000 1.000000
vt 0.125000 1.000000
vt 0.625000 0.500000
vt 0.625000 1.000000
vt 0.250000 1.000000
vt 0.250000 1.000000
vt 0.625000 1.000000
vt 0.500000 0.500000
vt 0.000000 1.000000
vt 0.125000 1.000000
vt 0.250000 1.000000
vt 0.375000 0.500000
vt 0.000000 1.000000
vt 0.125000 1.000000
vt 0.250000 0.500000
vt 0.625000 1.000000
vt 0.125000 0.500000
vt 0.000000 0.500000
vt 0.750000 0.490000
vt 0.580294 0.419706
vt 0.510000 0.250000
vt 0.580294 0.080294
vt 0.750000 0.010000
vt 0.919706 0.080294
vt 0.990000 0.250000
vt 0.919706 0.419706
vt 0.750000 1.000000
vt 0.750000 1.000000
vt 0.875000 1.000000
vt 0.875000 1.000000
vt 1.000000 1.000000
vt 0.625000 1.000000
vt 0.375000 1.000000
vt 0.500000 1.000000
vt 0.250000 1.000000
vt 0.125000 1.000000
vt 0.125000 1.000000
vt 0.250000 1.000000
vt 0.250000 1.000000
vt 0.500000 1.000000
vt 0.625000 1.000000
vt 0.375000 1.000000
vt 0.000000 1.000000
vt 1.000000 1.000000
vt 0.419706 0.419706
vt 0.490000 0.250000
vt 0.419706 0.080294
vt 0.250000 0.010000
vt 0.080294 0.080294
vt 0.010000 0.250000
vt 0.080294 0.419706
vt 0.250000 0.490000
vt 0.750000 1.000000
vt 0.875000 1.000000
vt 0.500000 1.000000
vt 0.625000 1.000000
vt 0.375000 1.000000
vt 0.000000 1.000000
vt 1.000000 1.000000
vt 0.375000 1.000000
vt 0.375000 1.000000
vt 0.500000 1.000000
vt 0.500000 1.000000
vt 0.750000 1.000000
vt 0.750000 1.000000
vt 0.875000 1.000000
vt 0.875000 1.000000
vt 1.000000 0.500000
vt 0.875000 0.500000
vt 1.000000 1.000000
vt 0.875000 1.000000
vt 1.000000 1.000000
vt 1.000000 1.000000
vt 0.375000 1.000000
vt 0.500000 1.000000
vt 0.750000 0.500000
vt 0.750000 1.000000
vt 0.000000 1.000000
vt 0.000000 1.000000
vt 0.125000 1.000000
vt 0.125000 1.000000
vt 0.625000 0.500000
vt 0.625000 1.000000
vt 0.250000 1.000000
vt 0.250000 1.000000
vt 0.625000 1.000000
vt 0.500000 0.500000
vt 0.000000 1.000000
vt 0.125000 1.000000
vt 0.250000 1.000000
vt 0.375000 0.500000
vt 0.000000 1.000000
vt 0.125000 1.000000
vt 0.250000 0.500000
vt 0.625000 1.000000
vt 0.125000 0.500000
vt 0.000000 0.500000
vt 0.750000 0.490000
vt 0.580294 0.419706
vt 0.510000 0.250000
vt 0.580294 0.080294
vt 0.750000 0.010000
vt 0.919706 0.080294
vt 0.990000 0.250000
vt 0.919706 0.419706
vt 0.750000 1.000000
vt 0.750000 1.000000
vt 0.875000 1.000000
vt 0.875000 1.000000
vt 1.000000 1.000000
vt 0.625000 1.000000
vt 0.375000 1.000000
vt 0.500000 1.000000
vt 0.250000 1.000000
vt 0.125000 1.000000
vt 0.125000 1.000000
vt 0.250000 1.000000
vt 0.250000 1.000000
vt 0.500000 1.000000
vt 0.625000 1.000000
vt 0.375000 1.000000
vt 0.000000 1.000000
vt 1.000000 1.000000
vt 0.419706 0.419706
vt 0.490000 0.250000
vt 0.419706 0.080294
vt 0.250000 0.010000
vt 0.080294 0.080294
vt 0.010000 0.250000
vt 0.080294 0.419706
vt 0.250000 0.490000
vt 0.750000 1.000000
vt 0.875000 1.000000
vt 0.500000 1.000000
vt 0.625000 1.000000
vt 0.375000 1.000000
vt 0.000000 1.000000
vt 1.000000 1.000000
vt 0.875000 0.500000
vt 0.125000 0.500000
vt 0.375000 0.000000
vt 0.625000 0.000000
vt 0.390119 0.972723
vt 0.375000 1.000000
vt 0.625000 1.000000
vt 0.390119 0.777277
vt 0.375000 0.000000
vt 0.625000 0.000000
vt 0.375000 0.454327
vt 0.375000 0.500000
vt 0.625000 0.500000
vt 0.625000 0.454327
vt 0.375000 0.750000
vt 0.625000 0.750000
vt 0.375000 0.814096
vt 0.625000 0.814096
vt 0.329327 0.500000
vt 0.329327 0.750000
vt 0.689096 0.500000
vt 0.689096 0.750000
vt 0.670673 0.750000
vt 0.670673 0.500000
vt 0.310904 0.500000
vt 0.310904 0.750000
vt 0.375000 0.795673
vt 0.625000 0.795673
vt 0.375000 0.435904
vt 0.625000 0.435904
vt 0.000000 0.000000
vt 0.454741 0.622603
vt 0.416334 0.622603
vt 0.418943 0.622603
vt 0.458393 0.622603
vt 0.468523 0.622603
vt 0.450841 0.622603
vt 0.448619 0.622603
vt 0.467470 0.622603
vt 0.500000 0.125000
vt 0.500000 0.250000
vt 0.625000 0.250000
vt 0.625000 0.125000
vt 0.500000 0.375000
vt 0.500000 0.500000
vt 0.625000 0.500000
vt 0.625000 0.375000
vt 0.250000 0.687500
vt 0.250000 0.750000
vt 0.375000 0.750000
vt 0.375000 0.687500
vt 0.750000 0.687500
vt 0.750000 0.750000
vt 0.875000 0.750000
vt 0.875000 0.687500
vt 0.625000 0.687500
vt 0.625000 0.750000
vt 0.625000 0.625000
vt 0.750000 0.625000
vt 0.750000 0.500000
vt 0.875000 0.625000
vt 0.875000 0.500000
vt 0.125000 0.687500
vt 0.125000 0.750000
vt 0.375000 0.500000
vt 0.375000 0.500000
vt 0.375000 0.625000
vt 0.375000 0.625000
vt 0.250000 0.625000
vt 0.250000 0.625000
vt 0.500000 0.750000
vt 0.500000 0.687500
vt 0.500000 0.625000
vt 0.375000 0.375000
vt 0.375000 0.250000
vt 0.375000 0.125000
vt 0.375000 0.062500
vt 0.500000 0.062500
vt 0.625000 0.062500
vt 0.500000 0.000000
vt 0.625000 0.000000
vt 0.375000 0.000000
vt 0.125000 0.625000
vt 0.500000 0.984135
vt 0.500000 1.000000
vt 0.625000 1.000000
vt 0.603781 0.978781
vt 0.500000 0.765865
vt 0.396219 0.771219
vt 0.375000 0.875000
vt 0.390865 0.875000
vt 0.625000 0.875000
vt 0.609135 0.875000
vt 0.396219 0.978781
vt 0.375000 1.000000
vt 0.603781 0.771219
vt 0.125000 0.500000
vt 0.125000 0.625000
vt 0.250000 0.500000
vt 0.375000 0.375000
vt 0.375000 0.125000
vt 0.375000 0.250000
vt 0.500000 0.125000
vt 0.500000 0.250000
vt 0.625000 0.250000
vt 0.625000 0.125000
vt 0.500000 0.375000
vt 0.500000 0.500000
vt 0.625000 0.500000
vt 0.625000 0.375000
vt 0.500000 0.687500
vt 0.500000 0.750000
vt 0.625000 0.750000
vt 0.625000 0.687500
vt 0.250000 0.687500
vt 0.250000 0.750000
vt 0.375000 0.750000
vt 0.375000 0.687500
vt 0.750000 0.687500
vt 0.750000 0.750000
vt 0.875000 0.750000
vt 0.875000 0.687500
vt 0.625000 0.625000
vt 0.750000 0.625000
vt 0.750000 0.500000
vt 0.875000 0.625000
vt 0.875000 0.500000
vt 0.125000 0.687500
vt 0.125000 0.750000
vt 0.375000 0.500000
vt 0.375000 0.500000
vt 0.375000 0.625000
vt 0.375000 0.625000
vt 0.250000 0.625000
vt 0.250000 0.625000
vt 0.500000 0.625000
vt 0.375000 0.375000
vt 0.375000 0.250000
vt 0.375000 0.125000
vt 0.375000 0.062500
vt 0.500000 0.062500
vt 0.625000 0.062500
vt 0.500000 0.000000
vt 0.625000 0.000000
vt 0.375000 0.000000
vt 0.125000 0.625000
vt 0.500000 0.984135
vt 0.500000 1.000000
vt 0.625000 1.000000
vt 0.603781 0.978781
vt 0.500000 0.765865
vt 0.396219 0.771219
vt 0.375000 0.875000
vt 0.390865 0.875000
vt 0.625000 0.875000
vt 0.609135 0.875000
vt 0.396219 0.978781
vt 0.375000 1.000000
vt 0.603781 0.771219
vt 0.500000 0.971015
vt 0.587588 0.962588
vt 0.500000 0.778985
vt 0.412412 0.787412
vt 0.403985 0.875000
vt 0.596015 0.875000
vt 0.412412 0.962588
vt 0.587588 0.787413
vt 0.125000 0.500000
vt 0.125000 0.625000
vt 0.250000 0.500000
vt 0.375000 0.375000
vt 0.375000 0.125000
vt 0.375000 0.250000
vt 0.375000 0.452434
vt 0.375000 0.453409
vt 0.327434 0.750000
vt 0.323782 0.750000
vt 0.329327 0.750000
vt 0.375000 0.750000
vt 0.375000 0.795673
vt 0.375000 0.500000
vt 0.329327 0.500000
vt 0.375000 0.454327
vt 0.000000 0.000000
vt 0.000000 0.000000
vt 0.000000 0.000000
vt 0.000000 0.000000
vt 0.500000 0.875000
vt 0.573772 0.875000
vt 0.562784 0.937785
vt 0.500000 0.948772
vt 0.426228 0.875000
vt 0.437216 0.937784
vt 0.437216 0.812216
vt 0.500000 0.801228
vt 0.562784 0.812216
vt 0.000000 0.000000
vt 0.000000 0.000000
vt 0.000000 0.000000
vt 0.000000 0.000000
vt 0.500000 0.875000
vt 0.500000 0.948772
vt 0.562784 0.937785
vt 0.573772 0.875000
vt 0.426228 0.875000
vt 0.437216 0.937784
vt 0.437216 0.812216
vt 0.500000 0.801228
vt 0.562784 0.812216
vn -0.3827 -0.9239 0.0000
vn 1.0000 -0.0048 0.0021
vn 0.0000 0.5953 0.8035
vn 0.0000 -1.0000 0.0000
vn 0.0000 -0.6721 -0.7405
vn 1.0000 0.0008 0.0041
vn -0.9828 0.1390 0.1217
vn -0.9940 -0.1097 0.0000
vn -0.9841 0.1326 -0.1182
vn 0.3823 0.9240 0.0000
vn 0.9230 0.3847 0.0003
vn 0.0000 1.0000 0.0000
vn -0.0000 -0.0864 0.9963
vn -1.0000 0.0000 0.0000
vn -0.9239 -0.3827 0.0000
vn 0.9999 0.0113 0.0036
vn 1.0000 0.0067 0.0004
vn 1.0000 -0.0029 0.0025
vn 0.9843 0.1766 0.0037
vn 0.9853 -0.1708 0.0002
vn 0.9925 0.0003 -0.1224
vn 0.9918 0.0196 0.1260
vn 0.0253 -0.1010 0.9946
vn 1.0000 0.0040 0.0061
vn 0.0484 -0.0630 0.9968
vn 0.0545 -0.0925 0.9942
vn 0.0006 -0.0777 0.9970
vn -0.0001 -0.0906 0.9959
vn 0.0000 -0.3818 0.9243
vn 0.9858 -0.1682 0.0002
vn 0.9858 0.1681 0.0038
vn 1.0000 0.0096 0.0004
vn 0.9207 0.3903 0.0003
vn 0.3814 0.9244 0.0000
vn 0.9999 0.0150 0.0020
vn 0.0365 -0.0751 0.9965
vn 1.0000 0.0032 0.0085
vn 0.9998 0.0176 0.0019
vn -0.8898 0.4441 -0.1054
vn 0.0000 -0.4694 -0.8830
vn 0.0000 -0.6644 0.7474
vn 0.9998 0.0188 0.0118
vn 0.0000 -0.8609 -0.5088
vn -0.9835 0.1536 0.0960
vn -0.5028 -0.0032 0.8644
vn 0.4968 -0.0725 0.8648
vn 0.0000 -0.4980 0.8672
vn 0.0000 0.5076 0.8616
vn 0.3827 -0.9239 0.0000
vn -1.0000 -0.0048 0.0021
vn -1.0000 0.0008 0.0041
vn 0.9828 0.1390 0.1217
vn 0.9940 -0.1097 0.0000
vn 0.9841 0.1326 -0.1182
vn -0.3823 0.9240 0.0000
vn -0.9230 0.3847 0.0003
vn 1.0000 0.0000 0.0000
vn 0.9239 -0.3827 0.0000
vn -0.9999 0.0113 0.0036
vn -1.0000 0.0067 0.0004
vn -1.0000 -0.0029 0.0025
vn -0.9843 0.1766 0.0037
vn -0.9853 -0.1708 0.0002
vn -0.9925 0.0003 -0.1224
vn -0.9918 0.0196 0.1260
vn -0.0253 -0.1010 0.9946
vn -1.0000 0.0040 0.0061
vn -0.0484 -0.0630 0.9968
vn -0.0545 -0.0925 0.9942
vn -0.0006 -0.0777 0.9970
vn 0.0001 -0.0906 0.9959
vn -0.9858 -0.1682 0.0002
vn -0.9858 0.1681 0.0038
vn -1.0000 0.0096 0.0004
vn -0.9207 0.3903 0.0003
vn -0.3814 0.9244 0.0000
vn -0.9999 0.0150 0.0020
vn -0.0365 -0.0751 0.9965
vn -1.0000 0.0032 0.0085
vn -0.9998 0.0176 0.0019
vn 0.8898 0.4441 -0.1054
vn -0.9998 0.0188 0.0118
vn 0.9835 0.1536 0.0960
vn 0.5028 -0.0032 0.8644
vn -0.4969 -0.0725 0.8648
vn -0.0000 0.2848 0.9586
vn 0.6706 0.7419 0.0000
vn 0.0000 0.3034 -0.9529
vn -0.6706 0.7419 0.0000
vn 0.0000 0.0000 1.0000
vn 0.0102 0.0209 0.9997
vn 0.0075 0.0217 0.9997
vn 0.0037 0.0231 0.9997
vn 0.0063 0.0207 0.9998
vn 0.0101 0.0194 0.9998
vn 0.0000 0.0395 -0.9992
vn -0.0029 0.0404 -0.9992
vn -0.0027 0.0404 -0.9992
vn -0.0022 -0.0130 0.9999
vn 0.0078 -0.0175 0.9998
vn -0.0046 -0.0120 0.9999
vn 0.9979 0.0645 0.0000
vn -0.0000 0.0246 0.9997
vn 0.0025 0.0221 0.9998
vn -0.0001 0.0245 0.9997
vn 0.9980 0.0629 0.0000
vn -0.0168 -0.0065 0.9998
vn 0.9637 -0.2669 0.0052
vn 0.9703 -0.2419 0.0015
vn 0.9629 -0.2696 0.0056
vn -0.0059 0.0414 -0.9991
vn 0.9512 -0.3084 0.0113
vn -0.0102 0.0209 0.9997
vn -0.0101 0.0194 0.9998
vn -0.0063 0.0207 0.9998
vn -0.0037 0.0231 0.9997
vn -0.0075 0.0217 0.9997
vn 0.0027 0.0404 -0.9992
vn 0.0029 0.0404 -0.9992
vn 0.0022 -0.0130 0.9999
vn 0.0046 -0.0120 0.9999
vn -0.0078 -0.0175 0.9998
vn -0.9979 0.0645 0.0000
vn 0.0001 0.0245 0.9997
vn -0.0025 0.0221 0.9998
vn -0.9980 0.0629 0.0000
vn 0.0168 -0.0065 0.9998
vn -0.9637 -0.2669 0.0052
vn -0.9629 -0.2696 0.0056
vn -0.9703 -0.2419 0.0015
vn 0.0059 0.0414 -0.9991
vn -0.9512 -0.3084 0.0113
vn 0.0067 -0.0837 0.9965
vn 0.5976 -0.0462 0.8005
vn -0.0043 -0.6286 0.7777
vn 0.0087 0.5514 0.8342
vn -0.5934 -0.0730 0.8016
vn -0.5908 -0.0573 0.8048
vn 0.5926 -0.0593 0.8033
vn -0.0031 -0.0631 0.9980
vn -0.0000 -0.1274 0.9919
vn -0.5804 0.1394 0.8023
vn 0.5889 -0.3401 0.7332
vn 0.2465 -0.6876 0.6830
vn -0.2380 0.4701 0.8499
vn 0.5804 0.1394 0.8023
vn -0.2464 -0.6876 0.6830
vn 0.2380 0.4701 0.8499
vn -0.5889 -0.3401 0.7332
vn -0.0067 -0.0837 0.9965
vn -0.5976 -0.0462 0.8005
vn 0.0043 -0.6286 0.7777
vn -0.0087 0.5514 0.8342
vn 0.5934 -0.0730 0.8016
vn 0.5908 -0.0573 0.8048
vn -0.5926 -0.0593 0.8033
vn 0.0031 -0.0631 0.9980
vn -0.2465 -0.6876 0.6830
vn 0.2464 -0.6876 0.6830
vn 0.0399 -0.9954 0.0874
vn 0.0187 -0.2647 0.9641
vn -0.5451 0.0042 -0.8384
vn 0.0000 0.0000 -1.0000
vn -0.0002 0.6354 0.7722
vn -0.0001 -0.2676 0.9635
vn 0.9550 -0.2882 -0.0703
vn 0.9757 0.0632 0.2098
vn 0.1367 -0.9906 0.0011
vn 0.0831 -0.9918 0.0971
vn 0.8767 -0.4811 0.0038
vn 0.7039 -0.2161 -0.6766
vn 0.9231 -0.3845 0.0000
vn 0.9839 0.1790 0.0000
vn 0.9739 -0.2270 -0.0000
vn 0.9872 0.1596 0.0001
vn 0.9964 0.0571 0.0622
vn 0.9962 0.0604 -0.0625
vn 0.2968 0.0338 0.9544
vn 0.9956 0.0589 0.0730
vn 0.9991 -0.0413 -0.0001
vn 0.9983 -0.0584 0.0000
vn 0.9844 0.1758 0.0000
vn -0.0000 -0.3499 -0.9368
vn 0.9220 -0.3872 0.0056
vn 0.1359 -0.9907 0.0000
vn 0.9707 -0.2402 -0.0083
vn 0.9840 -0.1783 0.0016
vn 0.9155 -0.4023 0.0086
vn 0.9339 -0.3572 0.0145
vn 0.7041 -0.7101 0.0000
vn -0.0230 0.0108 0.9997
vn 0.0231 -0.3351 -0.9419
vn -0.0003 0.3119 0.9501
vn 0.7016 0.0113 0.7125
vn -0.6185 -0.0242 0.7854
vn 0.9946 -0.1040 0.0000
vn -0.0008 -0.6111 0.7916
vn 0.9758 0.0620 -0.2099
vn 0.9892 0.1463 0.0000
vn 0.9814 0.0575 0.1831
vn 0.0154 0.6368 0.7708
vn 0.0001 0.3092 0.9510
vn 0.9957 0.0586 -0.0724
vn 0.9927 -0.1209 0.0000
vn 0.9265 -0.3754 -0.0269
vn 0.9723 -0.2335 0.0069
vn 0.9639 -0.2355 0.1240
vn 0.5981 -0.1882 0.7790
vn 0.0002 -0.6127 0.7903
vn 0.0000 0.5998 -0.8001
vn 0.9616 0.2743 -0.0000
vn -0.0000 0.5950 0.8037
vn 0.9990 0.0396 -0.0223
vn 0.9990 0.0396 0.0224
vn 0.9967 0.0775 0.0229
vn 0.9968 0.0772 -0.0227
vn 0.9991 0.0362 0.0208
vn 0.9965 0.0804 0.0219
vn 0.9991 0.0366 -0.0218
vn 0.9965 0.0809 -0.0208
vn 0.0957 -0.0532 0.9940
vn 0.0094 -0.2585 0.9660
vn 0.0854 0.1082 0.9904
vn -0.0002 0.3087 0.9511
vn 0.8468 -0.3773 0.3750
vn 0.8497 -0.3601 -0.3852
vn 0.8503 -0.3258 -0.4134
vn 0.8420 0.3614 0.4006
vn -0.3391 0.3471 0.8744
vn -0.3417 -0.3492 0.8725
vn -0.0003 -0.6130 0.7901
vn 0.9916 0.1148 -0.0596
vn 0.9925 -0.0301 0.1189
vn 0.9943 -0.0344 -0.1011
vn 0.9943 -0.0394 0.0987
vn 0.0076 0.6351 0.7724
vn 0.9808 0.0676 -0.1828
vn 0.8317 0.4195 -0.3638
vn 0.8353 0.4022 0.3748
vn 0.9895 0.1291 0.0644
vn 0.9892 0.1320 -0.0629
vn 0.7596 0.6504 0.0000
vn 0.7005 0.0518 -0.7118
vn 0.7823 -0.6229 0.0000
vn 0.8420 0.3594 -0.4023
vn 0.8502 -0.3239 0.4150
vn 0.9925 -0.0307 -0.1184
vn 0.9916 0.1150 0.0594
vn 0.8326 -0.5539 0.0000
vn 0.6479 0.0320 0.7610
vn 0.8160 0.5781 0.0000
vn 0.6480 0.0276 -0.7611
vn 0.9706 -0.2405 -0.0059
vn 0.9697 -0.2430 0.0269
vn 0.9261 -0.3772 0.0074
vn 0.9429 -0.3326 0.0152
vn 0.7864 -0.5204 -0.3329
vn 0.9258 0.1513 -0.3464
vn 0.9751 -0.2138 -0.0590
vn 0.9094 -0.4159 -0.0078
vn 0.9963 -0.0854 0.0000
vn 0.9431 0.2597 0.2079
vn 0.9031 -0.3202 0.2860
vn 0.9032 -0.4259 0.0526
vn 0.9836 -0.1610 0.0814
vn 0.9524 -0.3026 -0.0375
vn 0.7046 -0.1758 -0.6874
vn 0.8512 0.1140 0.5123
vn 0.8895 0.4569 0.0039
vn 0.8508 0.1978 0.4868
vn 0.0120 -0.0338 0.9994
vn 0.1237 -0.9553 0.2687
vn 0.1519 -0.4677 0.8707
vn 0.1473 -0.8049 0.5749
vn 0.1275 -0.0550 0.9903
vn 0.9307 0.3522 -0.0991
vn 0.9499 0.1479 -0.2754
vn -0.9307 0.3522 -0.0991
vn -0.9499 0.1479 -0.2754
vn 0.9383 0.2815 -0.2010
vn 0.9587 0.0158 -0.2839
vn -0.9383 0.2814 -0.2010
vn -0.9587 0.0158 -0.2839
vn -0.0000 0.4101 -0.9120
vn 0.0001 -0.3463 -0.9381
vn 0.0047 -0.8127 0.5827
vn -0.9866 -0.1630 -0.0000
vn 0.0000 0.2099 0.9777
vn -0.2674 0.1661 -0.9492
vn 0.0000 0.2099 -0.9777
vn -0.2674 0.1661 0.9492
vn 0.9219 -0.3872 0.0110
vn 0.0000 -0.0930 0.9957
vn 0.0002 0.5656 -0.8247
vn -0.7857 -0.0382 0.6175
vn 0.0329 -0.8169 0.5759
vn 0.6175 -0.0023 0.7866
vn -0.4426 0.4250 0.7896
vn -0.6252 -0.0353 0.7796
vn 0.0159 0.6072 0.7944
vn 0.9999 0.0125 -0.0020
vn 1.0000 0.0080 0.0026
vn 0.0049 -0.6142 0.7891
vn -0.0427 0.6236 0.7806
vn -0.6233 -0.0188 0.7817
vn -0.6179 0.1890 0.7632
vn 0.0170 -0.6316 0.7751
vn 0.6154 -0.0175 0.7880
vn 0.4398 -0.4445 0.7803
vn 1.0000 0.0032 0.0040
vn 0.0912 -0.3350 -0.9378
vn 0.0002 0.4087 -0.9127
vn -0.0018 0.7768 0.6297
vn 0.3727 0.0630 -0.9258
vn -0.1491 0.5449 -0.8251
vn 0.1021 0.1520 -0.9831
vn 0.1327 -0.0605 -0.9893
vn -0.2961 -0.2776 -0.9139
vn -0.3667 0.2919 -0.8833
vn 0.0007 -0.5189 -0.8548
vn 0.0048 -0.0867 0.9962
vn 0.2430 -0.0592 0.9682
vn -0.0031 -0.2997 0.9540
vn 0.0081 0.1645 0.9863
vn -0.2368 -0.0838 0.9679
vn 0.2281 -0.0852 0.9699
vn 0.0085 -0.2997 0.9540
vn -0.0038 0.1645 0.9864
vn -0.2227 -0.0585 0.9731
vn 0.0021 -0.8416 0.5402
vn -0.0023 1.0000 0.0000
vn -0.0042 1.0000 0.0000
vn -0.0024 -1.0000 0.0000
vn -0.0045 -1.0000 0.0000
vn -0.9500 -0.3122 -0.0000
vn 0.9943 0.1064 0.0000
vn -0.0053 1.0000 0.0000
vn -0.0035 -1.0000 0.0000
vn -0.0030 1.0000 0.0000
vn -0.0020 -1.0000 0.0000
vn -0.0015 0.7729 0.6345
vn 0.9999 0.0098 0.0078
vn -0.2293 -0.0721 0.9707
vn 0.2329 -0.0690 0.9701
vn -0.2332 -0.0690 0.9700
vn 0.2367 -0.0721 0.9689
vn -0.0006 -0.0717 0.9974
vn -0.7876 -0.0459 0.6144
vn -0.6099 0.1424 0.7795
vn 0.5965 -0.1390 0.7905
vn 1.0000 0.0067 0.0038
vn 0.9999 0.0148 0.0058
vn 1.0000 0.0045 0.0070
vn 0.9432 -0.2982 0.1463
vn 1.0000 0.0068 0.0040
vn 1.0000 0.0082 0.0039
vn 1.0000 0.0089 0.0028
vn 1.0000 0.0026 0.0045
vn 0.9999 0.0163 0.0035
vn 1.0000 0.0073 0.0037
vn 0.9999 0.0128 0.0072
vn 1.0000 0.0067 0.0073
vn 0.9999 0.0135 -0.0069
vn 0.9999 0.0165 0.0047
vn 0.8828 -0.0000 -0.4697
vn -0.9898 0.0000 -0.1425
vn 0.0000 0.9679 -0.2513
vn 0.0000 -0.9679 -0.2513
vn -0.5921 -0.2709 0.7590
vn 0.9678 0.2499 -0.0305
vn 0.6868 0.0000 -0.7269
vn 0.5956 0.2666 -0.7578
vn -0.6791 -0.1125 0.7254
vn 0.9996 0.0000 -0.0284
vn 0.7717 0.6270 -0.1063
vn -0.0236 -0.1125 -0.9934
vn 0.7269 0.0000 0.6868
vn -0.7497 -0.6519 0.1138
vn 0.0246 0.1078 0.9939
vn 0.0283 0.0000 0.9996
vn 0.0636 -0.2709 -0.9605
vn -0.6943 -0.2783 -0.6638
vn -0.6868 0.0000 0.7269
vn 0.1601 -0.3415 -0.9261
vn 0.7017 0.2499 0.6672
vn -0.9996 0.0000 0.0283
vn 0.6802 0.1078 -0.7251
vn 0.5049 0.6270 0.5932
vn -0.7269 0.0000 -0.6868
vn -0.4835 -0.6519 -0.5841
vn -0.9599 -0.2783 0.0329
vn -0.0283 0.0000 -0.9996
vn -0.0603 0.2666 0.9619
vn 0.2201 0.9220 -0.3185
vn 0.4982 0.3410 -0.7972
vn 0.2723 0.8162 0.5097
vn -0.4973 -0.3415 0.7976
vn -0.2668 -0.8193 -0.5075
vn 0.5425 0.8162 -0.1989
vn -0.1592 0.3410 0.9265
vn -0.5370 -0.8193 0.2010
vn 0.1364 -0.9239 -0.3576
vn -0.2950 0.3881 0.8732
vn -0.1870 -0.9253 0.3298
vn 0.3004 -0.3890 -0.8709
vn 0.3614 0.3881 -0.8478
vn -0.0478 0.9220 0.3842
vn -0.3558 -0.3890 0.8497
vn 0.0801 -0.9253 -0.3706
vn -0.9343 -0.0072 -0.3563
vn 0.1364 0.9239 -0.3575
vn -0.3292 0.3827 0.8632
vn -0.1364 -0.9239 0.3576
vn 0.3292 -0.3827 -0.8632
vn 0.3292 0.3827 -0.8632
vn -0.1364 0.9239 0.3575
vn -0.3292 -0.3827 0.8632
vn 0.0636 0.2709 -0.9605
vn 0.7017 -0.2499 0.6672
vn -0.0603 -0.2666 0.9619
vn -0.0236 0.1125 -0.9934
vn 0.5049 -0.6270 0.5932
vn -0.6791 0.1125 0.7254
vn -0.4835 0.6519 -0.5841
vn 0.6802 -0.1078 -0.7251
vn -0.5921 0.2709 0.7590
vn -0.9599 0.2783 0.0329
vn -0.4973 0.3415 0.7976
vn 0.9678 -0.2499 -0.0305
vn 0.0246 -0.1078 0.9939
vn 0.7717 -0.6270 -0.1063
vn -0.7497 0.6519 0.1138
vn -0.6943 0.2783 -0.6638
vn 0.5956 -0.2666 -0.7578
vn -0.0478 -0.9220 0.3841
vn -0.1592 -0.3410 0.9265
vn 0.5425 -0.8162 -0.1989
vn 0.1601 0.3415 -0.9261
vn -0.5370 0.8193 0.2010
vn 0.2723 -0.8162 0.5097
vn 0.4982 -0.3410 -0.7972
vn -0.2668 0.8193 -0.5075
vn -0.1364 0.9239 0.3576
vn 0.3614 -0.3881 -0.8478
vn 0.0801 0.9253 -0.3706
vn -0.3558 0.3890 0.8497
vn -0.2950 -0.3881 0.8732
vn 0.2201 -0.9220 -0.3185
vn 0.3004 0.3890 -0.8709
vn -0.1870 0.9253 0.3298
vn -0.9343 0.0072 -0.3563
vn -0.1364 -0.9239 0.3575
vn 0.1364 0.9239 -0.3576
vn 0.1364 -0.9239 -0.3575
vn 0.0000 -0.7214 -0.6925
vn 0.0000 0.7214 -0.6925
vn -0.8828 0.0000 -0.4697
vn 0.9898 0.0000 -0.1425
vn -0.6358 -0.7718 0.0000
vn -0.3701 -0.9290 0.0000
vn -0.0211 0.0089 0.9997
vn 0.9204 -0.3898 -0.0287
vn -0.0242 0.0103 0.9997
vn 1.0000 -0.0044 -0.0055
vn 0.9999 0.0070 0.0075
vn 1.0000 0.0064 0.0044
vn 1.0000 0.0078 0.0057
vn -0.1275 -0.0550 0.9903
vn -0.1473 -0.8049 0.5749
vn -0.1519 -0.4677 0.8707
vn -0.1237 -0.9553 0.2687
vn -0.0001 -0.5178 -0.8555
vn -0.6015 0.3438 -0.7211
vn -0.0000 0.1274 -0.9919
vn 0.2755 -0.7482 0.6036
vn -0.2799 0.5834 0.7625
vn 0.2799 0.5834 0.7625
vn 0.2382 0.6700 -0.7032
vn -0.2382 0.6700 -0.7032
vn -0.2755 -0.7482 0.6036
vn 0.8139 0.4635 -0.3504
vn 0.2838 -0.7649 0.5782
vn 0.6683 -0.3625 0.6496
vn 0.6418 -0.1721 -0.7473
vn 0.6015 0.3438 -0.7211
vn -0.6418 -0.1721 -0.7473
vn -0.9107 -0.3527 -0.2152
vn -0.9107 0.3956 -0.1192
vn -0.6726 0.1890 0.7154
vn -0.6683 -0.3625 0.6496
vn 0.9107 -0.3527 -0.2152
vn -0.3772 -0.8818 -0.2832
vn 0.3772 0.9247 -0.0512
vn -0.3772 0.9247 -0.0512
vn 0.3772 -0.8818 -0.2832
vn 0.9107 0.3956 -0.1192
vn 0.5789 -0.3371 0.7425
vn -0.6404 0.1713 0.7487
vn 0.2237 -0.6390 0.7359
vn 0.6404 0.1713 0.7487
vn -0.5789 -0.3371 0.7425
vn 0.2850 0.5975 0.7495
vn -0.2237 -0.6390 0.7359
vn -0.2784 -0.5792 -0.7662
vn 0.2784 -0.5792 -0.7662
vn -0.2838 0.7649 -0.5782
vn -0.8139 0.4635 -0.3504
vn -0.2838 -0.7649 0.5782
vn 0.2838 0.7649 -0.5782
vn 0.6726 0.1890 0.7154
vn -0.2850 0.5975 0.7495
vn 0.3438 -0.3417 0.8747
vn 0.1274 0.3147 0.9406
vn 0.3123 0.6992 -0.6431
vn -0.9040 0.2671 -0.3338
vn 0.8161 -0.4843 -0.3154
vn 0.8161 0.1970 -0.5433
vn 0.6700 0.4490 0.5913
vn 0.6700 -0.0027 0.7424
vn -0.9040 -0.4142 -0.1059
vn 0.4635 0.8830 0.0740
vn -0.7649 0.0856 -0.6384
vn -0.4002 0.7282 -0.5563
vn -0.1721 0.8458 0.5051
vn 0.3438 0.7992 0.4930
vn -0.1721 -0.3715 0.9123
vn -0.3527 -0.7953 0.4931
vn 0.3956 -0.8258 0.4019
vn 0.3123 -0.9454 -0.0928
vn -0.4002 -0.9164 -0.0061
vn -0.3527 0.9319 -0.0848
vn -0.8818 -0.2679 0.3882
vn 0.9247 0.3740 -0.0711
vn 0.9247 -0.3415 0.1682
vn -0.8818 0.4476 0.1489
vn 0.3956 0.9014 -0.1760
vn -0.1273 -0.3147 -0.9406
vn -0.1274 -0.3147 -0.9406
vn -0.3371 0.3134 -0.8878
vn 0.1713 -0.8448 -0.5069
vn 0.5975 -0.5081 -0.6203
vn -0.6390 -0.0214 -0.7689
vn 0.1713 0.3697 -0.9132
vn -0.3371 -0.7846 -0.5204
vn 0.5975 0.0325 -0.8012
vn -0.6390 -0.4457 -0.6269
vn -0.5792 -0.0209 0.8149
vn -0.5792 0.5071 0.6383
vn 0.7649 -0.0856 0.6384
vn 0.4635 -0.6607 0.5905
vn -0.7649 -0.4526 -0.4583
vn 0.7649 0.4526 0.4583
vn 1.0000 0.0096 0.0028
vn -0.2381 -0.4077 -0.8815
vn -0.9647 -0.2543 -0.0681
vn -0.9647 -0.2543 0.0681
vn -0.2381 -0.4077 0.8815
vn 0.0000 -0.9659 0.2588
vn 0.0000 -0.4198 0.9076
vn 0.0000 -0.9659 -0.2588
vn 0.0000 -0.4198 -0.9076
vn -0.0399 -0.9954 0.0874
vn -0.0187 -0.2647 0.9641
vn 0.5451 0.0042 -0.8384
vn 0.0002 0.6354 0.7722
vn 0.0001 -0.2676 0.9635
vn -0.9550 -0.2882 -0.0703
vn -0.9757 0.0632 0.2098
vn -0.1367 -0.9906 0.0011
vn -0.0831 -0.9918 0.0971
vn -0.8767 -0.4811 0.0038
vn -0.7039 -0.2161 -0.6766
vn -0.9231 -0.3845 0.0000
vn -0.9839 0.1790 0.0000
vn -0.9739 -0.2270 -0.0000
vn -0.9872 0.1596 0.0001
vn -0.9964 0.0571 0.0622
vn -0.9962 0.0604 -0.0625
vn -0.2968 0.0338 0.9544
vn -0.9956 0.0589 0.0730
vn -0.9991 -0.0413 -0.0001
vn -0.9983 -0.0584 0.0000
vn -0.9844 0.1758 0.0000
vn -0.9220 -0.3872 0.0056
vn -0.1359 -0.9907 0.0000
vn -0.9707 -0.2402 -0.0083
vn -0.9840 -0.1783 0.0016
vn -0.9155 -0.4023 0.0086
vn -0.9339 -0.3572 0.0145
vn -0.7041 -0.7101 0.0000
vn 0.0230 0.0108 0.9997
vn -0.0231 -0.3351 -0.9419
vn 0.0003 0.3119 0.9501
vn -0.7016 0.0113 0.7125
vn 0.6185 -0.0242 0.7854
vn -0.9946 -0.1040 0.0000
vn 0.0008 -0.6111 0.7916
vn -0.9758 0.0620 -0.2099
vn -0.9892 0.1463 0.0000
vn -0.9814 0.0575 0.1831
vn -0.0154 0.6368 0.7708
vn -0.0001 0.3092 0.9510
vn -0.9957 0.0586 -0.0724
vn -0.9927 -0.1209 0.0000
vn -0.9265 -0.3754 -0.0269
vn -0.9723 -0.2335 0.0069
vn -0.9639 -0.2355 0.1239
vn -0.5981 -0.1882 0.7790
vn -0.0002 -0.6127 0.7903
vn -0.9616 0.2743 -0.0000
vn -0.9990 0.0396 -0.0223
vn -0.9990 0.0397 0.0224
vn -0.9967 0.0775 0.0229
vn -0.9968 0.0772 -0.0227
vn -0.9991 0.0362 0.0208
vn -0.9965 0.0804 0.0219
vn -0.9991 0.0366 -0.0218
vn -0.9965 0.0809 -0.0208
vn -0.0957 -0.0532 0.9940
vn -0.0094 -0.2585 0.9660
vn -0.0854 0.1082 0.9904
vn 0.0002 0.3087 0.9511
vn -0.8468 -0.3773 0.3750
vn -0.8497 -0.3601 -0.3852
vn -0.8502 -0.3258 -0.4134
vn -0.8420 0.3614 0.4006
vn 0.3391 0.3471 0.8744
vn 0.3417 -0.3492 0.8725
vn 0.0003 -0.6130 0.7901
vn -0.9916 0.1148 -0.0596
vn -0.9925 -0.0301 0.1189
vn -0.9943 -0.0344 -0.1011
vn -0.9943 -0.0394 0.0987
vn -0.0076 0.6351 0.7724
vn -0.9808 0.0676 -0.1828
vn -0.8317 0.4195 -0.3638
vn -0.8353 0.4022 0.3748
vn -0.9895 0.1291 0.0644
vn -0.9892 0.1320 -0.0629
vn -0.7596 0.6504 0.0000
vn -0.7005 0.0518 -0.7118
vn -0.7823 -0.6229 0.0000
vn -0.8420 0.3594 -0.4023
vn -0.8502 -0.3239 0.4150
vn -0.9925 -0.0307 -0.1184
vn -0.9916 0.1150 0.0594
vn -0.8326 -0.5539 0.0000
vn -0.6479 0.0320 0.7610
vn -0.8160 0.5781 0.0000
vn -0.6480 0.0276 -0.7611
vn -0.9706 -0.2405 -0.0059
vn -0.9697 -0.2430 0.0269
vn -0.9261 -0.3772 0.0074
vn -0.9429 -0.3326 0.0152
vn -0.7864 -0.5204 -0.3329
vn -0.9258 0.1513 -0.3464
vn -0.9751 -0.2138 -0.0590
vn -0.9094 -0.4159 -0.0078
vn -0.9963 -0.0854 0.0000
vn -0.9431 0.2597 0.2079
vn -0.9031 -0.3202 0.2860
vn -0.9032 -0.4259 0.0526
vn -0.9836 -0.1610 0.0814
vn -0.9524 -0.3026 -0.0375
vn -0.7046 -0.1758 -0.6874
vn -0.8512 0.1140 0.5123
vn -0.8895 0.4569 0.0039
vn -0.8508 0.1978 0.4868
vn -0.0120 -0.0338 0.9994
vn -0.9383 0.2815 -0.2010
vn -0.0001 -0.3463 -0.9381
vn -0.0047 -0.8127 0.5827
vn 0.9866 -0.1630 0.0000
vn 0.2674 0.1661 -0.9492
vn 0.2674 0.1661 0.9492
vn -0.9219 -0.3872 0.0110
vn -0.0002 0.5656 -0.8247
vn 0.7857 -0.0382 0.6175
vn -0.0329 -0.8169 0.5759
vn -0.6175 -0.0023 0.7866
vn 0.4426 0.4250 0.7896
vn 0.6252 -0.0353 0.7796
vn -0.0159 0.6072 0.7944
vn -0.9999 0.0125 -0.0020
vn -1.0000 0.0080 0.0026
vn -0.0049 -0.6142 0.7891
vn 0.0427 0.6236 0.7806
vn 0.6233 -0.0188 0.7817
vn 0.6179 0.1890 0.7632
vn -0.0170 -0.6316 0.7751
vn -0.6154 -0.0175 0.7880
vn -0.4398 -0.4445 0.7803
vn -1.0000 0.0032 0.0040
vn -0.0912 -0.3350 -0.9378
vn -0.0002 0.4087 -0.9127
vn 0.0018 0.7768 0.6297
vn -0.3727 0.0630 -0.9258
vn 0.1491 0.5449 -0.8251
vn -0.1021 0.1520 -0.9831
vn -0.1327 -0.0605 -0.9893
vn 0.2961 -0.2776 -0.9139
vn 0.3667 0.2919 -0.8833
vn -0.0007 -0.5189 -0.8548
vn -0.0048 -0.0867 0.9962
vn -0.2430 -0.0592 0.9682
vn 0.0031 -0.2997 0.9540
vn -0.0081 0.1645 0.9863
vn 0.2368 -0.0838 0.9679
vn -0.2281 -0.0852 0.9699
vn -0.0085 -0.2997 0.9540
vn 0.0038 0.1645 0.9864
vn 0.2227 -0.0585 0.9731
vn -0.0021 -0.8416 0.5402
vn 0.0023 1.0000 0.0000
vn 0.0042 1.0000 0.0000
vn 0.0024 -1.0000 0.0000
vn 0.0045 -1.0000 0.0000
vn 0.9500 -0.3122 -0.0000
vn -0.9943 0.1064 0.0000
vn 0.0053 1.0000 0.0000
vn 0.0035 -1.0000 0.0000
vn 0.0030 1.0000 0.0000
vn 0.0020 -1.0000 0.0000
vn 0.0015 0.7729 0.6345
vn -0.9999 0.0098 0.0078
vn 0.2293 -0.0721 0.9707
vn -0.2329 -0.0690 0.9701
vn 0.2332 -0.0690 0.9700
vn -0.2367 -0.0721 0.9689
vn 0.0006 -0.0717 0.9974
vn 0.7876 -0.0459 0.6144
vn 0.6099 0.1424 0.7795
vn -0.5965 -0.1390 0.7905
vn -1.0000 0.0067 0.0038
vn -0.9999 0.0148 0.0058
vn -1.0000 0.0045 0.0070
vn -0.9432 -0.2982 0.1463
vn -1.0000 0.0068 0.0040
vn -1.0000 0.0082 0.0039
vn -1.0000 0.0089 0.0028
vn -1.0000 0.0026 0.0045
vn -0.9999 0.0163 0.0035
vn -1.0000 0.0073 0.0037
vn -0.9999 0.0128 0.0072
vn -1.0000 0.0067 0.0073
vn -0.9999 0.0135 -0.0069
vn -0.9999 0.0165 0.0047
vn 0.5921 -0.2709 0.7589
vn -0.9678 0.2499 -0.0305
vn -0.6868 0.0000 -0.7269
vn -0.5956 0.2666 -0.7578
vn 0.6791 -0.1125 0.7254
vn -0.9996 0.0000 -0.0283
vn -0.7717 0.6270 -0.1063
vn 0.0236 -0.1125 -0.9934
vn -0.7269 0.0000 0.6868
vn 0.7497 -0.6519 0.1138
vn -0.0246 0.1078 0.9939
vn -0.0283 0.0000 0.9996
vn -0.0636 -0.2709 -0.9605
vn 0.6943 -0.2783 -0.6638
vn 0.6868 0.0000 0.7269
vn -0.1601 -0.3415 -0.9261
vn -0.7017 0.2499 0.6672
vn 0.9996 0.0000 0.0283
vn -0.6802 0.1078 -0.7251
vn -0.5049 0.6270 0.5932
vn 0.7269 0.0000 -0.6868
vn 0.4835 -0.6519 -0.5842
vn 0.9599 -0.2782 0.0329
vn 0.0283 0.0000 -0.9996
vn 0.0603 0.2666 0.9619
vn -0.2201 0.9220 -0.3185
vn -0.4982 0.3409 -0.7972
vn -0.2723 0.8162 0.5097
vn 0.4973 -0.3415 0.7975
vn 0.2668 -0.8193 -0.5075
vn -0.5425 0.8162 -0.1989
vn 0.1592 0.3409 0.9265
vn 0.5370 -0.8193 0.2010
vn -0.1364 -0.9239 -0.3576
vn 0.2950 0.3881 0.8732
vn 0.1870 -0.9253 0.3298
vn -0.3004 -0.3890 -0.8709
vn -0.3614 0.3881 -0.8478
vn 0.0478 0.9220 0.3842
vn 0.3558 -0.3890 0.8497
vn -0.0801 -0.9253 -0.3706
vn 0.9343 -0.0072 -0.3563
vn -0.1364 0.9239 -0.3576
vn 0.3292 0.3827 0.8632
vn 0.1364 -0.9239 0.3576
vn -0.3292 -0.3827 -0.8632
vn -0.3292 0.3827 -0.8632
vn 0.1364 0.9239 0.3575
vn 0.3292 -0.3827 0.8632
vn -0.0636 0.2709 -0.9605
vn -0.7017 -0.2499 0.6672
vn -0.0284 0.0000 0.9996
vn 0.0603 -0.2666 0.9619
vn 0.0236 0.1125 -0.9934
vn -0.5049 -0.6270 0.5932
vn 0.6791 0.1125 0.7254
vn 0.4835 0.6519 -0.5841
vn -0.6802 -0.1078 -0.7251
vn 0.5921 0.2709 0.7589
vn 0.9599 0.2782 0.0329
vn 0.4973 0.3415 0.7976
vn -0.9678 -0.2499 -0.0305
vn -0.0246 -0.1078 0.9939
vn -0.7717 -0.6270 -0.1063
vn 0.7497 0.6519 0.1138
vn 0.6943 0.2782 -0.6638
vn -0.5956 -0.2666 -0.7578
vn 0.0478 -0.9220 0.3842
vn 0.1592 -0.3410 0.9265
vn -0.5425 -0.8162 -0.1989
vn -0.1601 0.3415 -0.9261
vn 0.5370 0.8193 0.2010
vn -0.2723 -0.8162 0.5097
vn -0.4982 -0.3409 -0.7972
vn 0.2668 0.8193 -0.5075
vn -0.3614 -0.3881 -0.8478
vn -0.0801 0.9253 -0.3706
vn 0.3558 0.3890 0.8497
vn 0.2950 -0.3881 0.8732
vn -0.2201 -0.9220 -0.3185
vn -0.3004 0.3890 -0.8709
vn 0.1870 0.9253 0.3298
vn 0.9343 0.0072 -0.3563
vn 0.1364 -0.9239 0.3575
vn -0.1364 0.9239 -0.3575
vn -0.1364 -0.9239 -0.3575
vn 0.6358 -0.7718 0.0000
vn 0.3701 -0.9290 0.0000
vn 0.0211 0.0089 0.9997
vn -0.9204 -0.3898 -0.0287
vn 0.0242 0.0103 0.9997
vn -1.0000 -0.0044 -0.0055
vn -0.9999 0.0070 0.0075
vn -1.0000 0.0064 0.0044
vn -1.0000 0.0078 0.0057
vn 0.0001 -0.5178 -0.8555
vn -0.3438 -0.3417 0.8747
vn -0.1274 0.3147 0.9406
vn -0.3123 0.6992 -0.6431
vn 0.9040 0.2671 -0.3338
vn -0.8161 -0.4843 -0.3154
vn -0.8161 0.1970 -0.5433
vn -0.6700 0.4490 0.5913
vn -0.6700 -0.0027 0.7424
vn 0.9040 -0.4142 -0.1059
vn -0.4635 0.8830 0.0740
vn 0.7649 0.0856 -0.6384
vn 0.4002 0.7282 -0.5563
vn 0.1721 0.8458 0.5050
vn -0.3438 0.7992 0.4930
vn 0.1721 -0.3715 0.9123
vn 0.3527 -0.7953 0.4931
vn -0.3956 -0.8258 0.4019
vn -0.3123 -0.9454 -0.0928
vn 0.4002 -0.9164 -0.0061
vn 0.3527 0.9319 -0.0848
vn 0.8818 -0.2679 0.3882
vn -0.9247 0.3740 -0.0711
vn -0.9247 -0.3415 0.1682
vn 0.8818 0.4476 0.1489
vn -0.3956 0.9014 -0.1760
vn 0.1274 -0.3147 -0.9406
vn 0.1273 -0.3147 -0.9406
vn 0.3371 0.3134 -0.8878
vn -0.1713 -0.8448 -0.5069
vn -0.5975 -0.5081 -0.6203
vn 0.6390 -0.0214 -0.7689
vn -0.1713 0.3697 -0.9132
vn 0.3371 -0.7846 -0.5204
vn -0.5975 0.0325 -0.8012
vn 0.6390 -0.4457 -0.6269
vn 0.5792 -0.0209 0.8149
vn 0.5792 0.5071 0.6383
vn -0.7649 -0.0856 0.6384
vn -0.4635 -0.6607 0.5905
vn 0.7649 -0.4526 -0.4583
vn -0.7649 0.4526 0.4583
vn -1.0000 0.0096 0.0028
vn 0.2381 -0.4077 -0.8815
vn 0.9647 -0.2543 -0.0681
vn 0.9647 -0.2543 0.0681
vn 0.2381 -0.4077 0.8815
vn 0.0000 0.0074 1.0000
vn 0.1394 -0.8050 -0.5767
vn -0.3401 0.3258 -0.8822
vn -0.6876 0.0170 -0.7259
vn 0.4701 -0.4953 -0.7305
vn -0.3401 -0.7911 -0.5085
vn 0.1394 0.2959 -0.9450
vn -0.6876 -0.4504 -0.5695
vn 0.4701 -0.0440 -0.8815
vn 0.5514 0.0167 0.8341
vn -0.5444 0.0926 0.8337
vn 0.0000 0.5558 0.8313
vn -0.0000 -0.5473 0.8370
vn -0.1394 -0.8050 -0.5767
vn 0.3401 0.3258 -0.8822
vn 0.6876 0.0170 -0.7259
vn -0.4701 -0.4953 -0.7305
vn 0.3401 -0.7911 -0.5085
vn -0.1394 0.2959 -0.9450
vn 0.6875 -0.4504 -0.5696
vn -0.4701 -0.0440 -0.8815
vn -0.5514 0.0167 0.8341
vn 0.5444 0.0926 0.8337
usemtl Material.001
s off
f 149/1/1 148/2/1 180/3/1 181/4/1
f 308/5/2 309/6/2 178/7/2 174/8/2
f 519/9/3 13/10/3 672/11/3 670/12/3
f 7/13/4 8/14/4 521/15/4 11/16/4
f 6/17/5 7/13/5 11/16/5 10/18/5
f 148/2/4 873/19/4 877/20/4 180/3/4
f 336/21/6 335/22/6 183/23/6 202/24/6
f 521/15/7 523/25/7 24/26/7 23/27/7
f 11/16/8 521/15/8 23/27/8 22/28/8
f 10/18/9 11/16/9 22/28/9 21/29/9
f 303/30/10 176/31/10 177/32/10 304/33/10
f 304/33/11 177/32/11 184/34/11 305/35/11
f 1015/36/12 303/30/12 150/37/12 694/38/12
f 148/2/13 149/1/13 177/32/13 176/31/13
f 149/1/13 147/39/13 184/34/13 177/32/13
f 873/19/13 148/2/13 176/31/13 695/40/13
f 147/39/13 15/41/13 183/23/13 184/34/13
f 204/42/14 15/41/14 179/43/14 200/44/14
f 15/41/14 147/39/14 182/45/14 179/43/14
f 147/39/15 149/1/15 181/4/15 182/45/15
f 334/46/16 187/47/16 183/23/16 335/22/16
f 307/48/17 189/49/17 208/50/17 305/35/17
f 187/47/18 188/51/18 184/34/18 183/23/18
f 308/5/19 174/8/19 187/47/19 334/46/19
f 309/6/20 151/52/20 189/49/20 307/48/20
f 174/8/21 178/7/21 188/51/21 187/47/21
f 151/52/22 16/53/22 333/54/22 189/49/22
f 15/41/23 204/42/23 202/24/23 183/23/23
f 338/55/24 336/21/24 202/24/24 311/56/24
f 314/57/25 175/58/25 203/59/25 311/56/25
f 903/60/4 200/44/4 204/42/4 905/61/4
f 201/62/26 205/63/26 202/24/26 204/42/26
f 175/58/27 909/64/27 696/65/27 203/59/27
f 910/66/28 201/62/28 204/42/28 905/61/28
f 523/25/29 9/67/29 247/68/29 248/69/29
f 178/7/30 309/6/30 307/48/30 188/51/30
f 16/53/31 308/5/31 334/46/31 333/54/31
f 188/51/32 307/48/32 305/35/32 184/34/32
f 695/40/12 176/31/12 303/30/12 1015/36/12
f 153/70/33 304/33/33 305/35/33 208/50/33
f 150/37/34 303/30/34 304/33/34 153/70/34
f 16/53/35 151/52/35 309/6/35 308/5/35
f 205/63/36 314/57/36 311/56/36 202/24/36
f 302/71/37 338/55/37 311/56/37 203/59/37
f 189/49/38 333/54/38 339/72/38 208/50/38
f 10/18/39 21/29/39 518/73/39 517/74/39
f 6/17/40 10/18/40 517/74/40 516/75/40
f 519/9/41 520/76/41 8/14/41 9/67/41
f 12/77/41 13/10/41 523/25/41 521/15/41
f 13/10/41 519/9/41 9/67/41 523/25/41
f 520/76/41 12/77/41 521/15/41 8/14/41
f 520/76/42 519/9/42 670/12/42 669/78/42
f 12/77/43 520/76/43 669/78/43 671/79/43
f 13/10/44 12/77/44 671/79/44 672/11/44
f 674/80/45 673/81/45 669/78/45 670/12/45
f 675/82/46 676/83/46 672/11/46 671/79/46
f 676/83/47 674/80/47 670/12/47 672/11/47
f 673/81/48 675/82/48 671/79/48 669/78/48
f 846/84/49 880/85/49 879/86/49 845/87/49
f 1023/88/50 871/89/50 876/90/50 1024/91/50
f 1239/92/3 1390/93/3 1392/94/3 689/95/3
f 683/96/4 687/97/4 1241/98/4 684/99/4
f 682/100/5 686/101/5 687/97/5 683/96/5
f 845/87/4 879/86/4 877/20/4 873/19/4
f 1052/102/51 907/103/51 882/104/51 1051/105/51
f 1241/98/52 711/106/52 712/107/52 1243/108/52
f 687/97/53 710/109/53 711/106/53 1241/98/53
f 686/101/54 709/110/54 710/109/54 687/97/54
f 1018/111/55 1019/112/55 875/113/55 874/114/55
f 1019/112/56 1020/115/56 883/116/56 875/113/56
f 1015/36/12 694/38/12 847/117/12 1018/111/12
f 845/87/13 874/114/13 875/113/13 846/84/13
f 846/84/13 875/113/13 883/116/13 844/118/13
f 873/19/13 695/40/13 874/114/13 845/87/13
f 844/118/13 883/116/13 882/104/13 699/119/13
f 911/120/57 904/121/57 878/122/57 699/119/57
f 699/119/57 878/122/57 881/123/57 844/118/57
f 844/118/58 881/123/58 880/85/58 846/84/58
f 1050/124/59 1051/105/59 882/104/59 886/125/59
f 1022/126/60 1020/115/60 917/127/60 888/128/60
f 886/125/61 882/104/61 883/116/61 887/129/61
f 1023/88/62 1050/124/62 886/125/62 871/89/62
f 1024/91/63 1022/126/63 888/128/63 848/130/63
f 871/89/64 886/125/64 887/129/64 876/90/64
f 848/130/65 888/128/65 1049/131/65 700/132/65
f 699/119/66 882/104/66 907/103/66 911/120/66
f 1054/133/67 1026/134/67 907/103/67 1052/102/67
f 1029/135/68 1026/134/68 908/136/68 872/137/68
f 903/60/4 905/61/4 911/120/4 904/121/4
f 906/138/69 911/120/69 907/103/69 914/139/69
f 872/137/70 908/136/70 696/65/70 909/64/70
f 910/66/71 905/61/71 911/120/71 906/138/71
f 1243/108/29 961/140/29 960/141/29 685/142/29
f 876/90/72 887/129/72 1022/126/72 1024/91/72
f 700/132/73 1049/131/73 1050/124/73 1023/88/73
f 887/129/74 883/116/74 1020/115/74 1022/126/74
f 695/40/12 1015/36/12 1018/111/12 874/114/12
f 850/143/75 917/127/75 1020/115/75 1019/112/75
f 847/117/76 850/143/76 1019/112/76 1018/111/76
f 700/132/77 1023/88/77 1024/91/77 848/130/77
f 914/139/78 907/103/78 1026/134/78 1029/135/78
f 1017/144/79 908/136/79 1026/134/79 1054/133/79
f 888/128/80 917/127/80 1055/145/80 1049/131/80
f 686/101/81 1237/146/81 1238/147/81 709/110/81
f 682/100/40 1236/148/40 1237/146/40 686/101/40
f 1239/92/41 685/142/41 684/99/41 1240/149/41
f 688/150/41 1241/98/41 1243/108/41 689/95/41
f 689/95/41 1243/108/41 685/142/41 1239/92/41
f 1240/149/41 684/99/41 1241/98/41 688/150/41
f 1240/149/82 1389/151/82 1390/93/82 1239/92/82
f 688/150/43 1391/152/43 1389/151/43 1240/149/43
f 689/95/83 1392/94/83 1391/152/83 688/150/83
f 1394/153/84 1390/93/84 1389/151/84 1393/154/84
f 1395/155/85 1391/152/85 1392/94/85 1396/156/85
f 1396/156/47 1392/94/47 1390/93/47 1394/153/47
f 1393/154/48 1389/151/48 1391/152/48 1395/155/48
usemtl Material.002
f 705/157/86 66/158/86 61/159/86 758/160/86
f 63/161/87 64/162/87 59/163/87 60/164/87
f 66/158/86 63/161/86 60/164/86 61/159/86
f 64/162/87 65/165/87 58/166/87 59/163/87
f 65/165/88 19/167/88 57/168/88 58/166/88
f 59/163/12 58/166/12 57/169/12 62/170/12
f 19/167/88 763/171/88 755/172/88 57/168/88
f 60/164/12 59/163/12 62/170/12 61/173/12
f 61/173/12 62/170/12 757/174/12 758/175/12
f 62/170/12 57/169/12 755/176/12 757/174/12
f 705/157/86 758/160/86 754/177/86 762/178/86
f 759/179/89 753/180/89 752/181/89 760/182/89
f 762/178/86 754/177/86 753/180/86 759/179/86
f 760/182/89 752/181/89 751/183/89 761/184/89
f 761/184/88 751/183/88 750/185/88 707/186/88
f 752/181/12 756/187/12 750/188/12 751/183/12
f 707/186/88 750/185/88 755/172/88 763/171/88
f 753/180/12 754/189/12 756/187/12 752/181/12
f 754/189/12 758/175/12 757/174/12 756/187/12
f 756/187/12 757/174/12 755/176/12 750/188/12
usemtl Material.003
f 479/190/90 478/191/90 477/192/90 476/193/90
f 1195/194/90 1192/195/90 1193/196/90 1194/197/90
s 1
f 91/198/91 92/199/91 89/200/91 90/201/91 78/202/92 80/203/93 71/204/94 70/205/95
f 931/206/96 930/207/96 4/208/97 5/209/98
f 324/210/99 38/211/100 152/212/100 185/213/100 326/214/101
f 87/215/102 88/216/102 85/217/102 86/218/102 74/219/102 75/220/102 76/221/102 77/222/102
f 731/223/103 69/224/104 71/204/94 80/203/93 79/225/105 730/226/103
f 72/227/106 73/228/106 67/229/106 68/230/106 81/231/106 82/232/106 83/233/106 84/234/106
f 324/210/99 326/214/101 198/235/107 199/236/107
f 35/237/108 126/238/109 127/239/109 128/240/109 129/241/109 331/242/110
f 69/224/104 70/243/95 71/204/94
f 78/202/92 79/244/105 80/203/93
f 5/209/98 4/208/97 223/245/111 224/246/111 225/247/111 226/248/111
f 35/237/108 331/242/110 130/249/112 131/250/112 132/251/112 133/252/112
f 788/253/113 767/254/114 768/255/115 777/256/116 775/257/117 787/258/113 786/259/113 789/260/113
f 931/206/96 681/261/118 680/262/119 930/207/96
f 1040/263/120 1042/264/121 884/265/122 849/266/122 727/267/122
f 784/268/123 774/269/123 773/270/123 772/271/123 771/272/123 783/273/123 782/274/123 785/275/123
f 731/223/103 730/226/103 776/276/124 777/256/116 768/255/115 766/277/125
f 769/278/126 781/279/126 780/280/126 779/281/126 778/282/126 765/283/126 764/284/126 770/285/126
f 1040/263/120 902/286/127 901/287/127 1042/264/121
f 724/288/128 1047/289/129 826/290/130 825/291/130 824/292/130 823/293/130
f 766/277/125 768/255/115 767/294/114
f 775/257/117 777/256/116 776/295/124
f 681/261/118 939/296/131 938/297/131 937/298/131 936/299/131 680/262/119
f 724/288/128 830/300/132 829/301/132 828/302/132 827/303/132 1047/289/129
usemtl Material.004
s off
f 321/304/133 320/305/133 206/306/133 233/307/133
f 320/305/134 2/308/134 244/309/134 316/310/134
f 2/308/135 234/311/135 245/312/135 244/309/135
f 233/307/136 206/306/136 243/313/136 246/314/136
f 321/304/137 233/307/137 246/314/137 317/315/137
f 234/311/138 321/304/138 317/315/138 245/312/138
f 206/306/139 320/305/139 316/310/139 243/313/139
f 234/311/140 2/308/140 320/305/140 321/304/140
f 537/316/141 586/317/141 527/318/141 582/319/141
f 550/320/141 537/316/141 582/319/141 555/321/141
f 557/322/141 584/323/141 537/316/141 550/320/141
f 584/323/141 558/324/141 586/317/141 537/316/141
f 582/319/142 527/318/142 583/325/142 578/326/142
f 584/323/143 557/322/143 585/327/143 546/328/143
f 557/322/144 550/320/144 581/329/144 585/327/144
f 527/318/145 586/317/145 547/330/145 583/325/145
f 558/324/146 584/323/146 546/328/146 588/331/146
f 550/320/147 555/321/147 587/332/147 581/329/147
f 586/317/148 558/324/148 588/331/148 547/330/148
f 555/321/149 582/319/149 578/326/149 587/332/149
f 1037/333/150 946/334/150 915/335/150 1036/336/150
f 1036/336/151 1032/337/151 957/338/151 678/339/151
f 678/339/152 957/338/152 958/340/152 947/341/152
f 946/334/153 959/342/153 956/343/153 915/335/153
f 1037/333/154 1033/344/154 959/342/154 946/334/154
f 947/341/155 958/340/155 1033/344/155 1037/333/155
f 915/335/156 956/343/156 1032/337/156 1036/336/156
f 947/341/157 1037/333/157 1036/336/157 678/339/157
f 1257/345/141 1302/346/141 1247/347/141 1306/348/141
f 1270/349/141 1275/350/141 1302/346/141 1257/345/141
f 1277/351/141 1270/349/141 1257/345/141 1304/352/141
f 1304/352/141 1257/345/141 1306/348/141 1278/353/141
f 1302/346/146 1298/354/146 1303/355/146 1247/347/146
f 1304/352/149 1266/356/149 1305/357/149 1277/351/149
f 1277/351/158 1305/357/158 1301/358/158 1270/349/158
f 1247/347/148 1303/355/148 1267/359/148 1306/348/148
f 1278/353/142 1308/360/142 1266/356/142 1304/352/142
f 1270/349/159 1301/358/159 1307/361/159 1275/350/159
f 1306/348/145 1267/359/145 1308/360/145 1278/353/145
f 1275/350/143 1307/361/143 1298/354/143 1302/346/143
usemtl Material.005
f 203/59/160 696/65/160 1014/362/160 302/363/160
f 117/364/161 116/365/161 118/366/161 120/367/161 209/368/161 207/369/161
f 225/247/162 224/246/162 227/370/162 231/371/162
f 17/372/163 220/373/163 219/374/163 14/375/163
f 69/224/164 731/223/164 744/376/164 119/377/164
f 120/367/165 119/377/165 744/376/165 694/38/165 150/37/165
f 29/378/166 56/379/166 55/380/166 138/381/166
f 26/382/167 44/383/167 93/384/167 102/385/167
f 706/386/168 18/387/168 1/388/168 697/389/168
f 703/390/163 692/391/163 220/373/163 17/372/163
f 302/363/169 1014/362/169 697/392/169 1/388/169
f 145/393/170 33/394/170 140/395/170 143/396/170
f 331/242/171 330/397/171 31/398/171 130/249/171
f 32/399/163 17/372/163 14/375/163 30/400/163
f 30/400/172 14/375/172 20/401/172 37/402/172
f 721/403/163 703/390/163 17/372/163 32/399/163
f 49/404/173 52/405/173 103/406/173 110/407/173
f 14/375/174 219/374/174 100/408/174 20/401/174
f 108/409/175 107/410/175 112/411/175 114/412/175 100/408/175 219/374/175
f 105/413/176 104/414/176 106/415/176 108/409/176 219/374/176 218/416/176
f 114/412/177 113/417/177 109/418/177 111/419/177 97/420/177 100/408/177
f 123/421/178 122/422/178 115/423/178 117/364/178 207/369/178 39/424/178
f 97/420/179 96/425/179 98/426/179 100/408/179
f 111/419/180 110/407/180 103/406/180 105/413/180 218/416/180 97/420/180
f 39/424/181 94/427/181 95/428/181 97/420/181
f 100/408/182 99/429/182 101/430/182 207/369/182
f 494/431/172 30/400/172 37/402/172 493/432/172
f 3/433/183 32/399/183 30/400/183 494/434/183
f 493/432/184 37/402/184 36/435/184 492/436/184
f 690/437/185 3/438/185 18/387/185 706/386/185
f 139/439/186 138/381/186 55/380/186 20/401/186 100/408/186
f 136/440/187 135/441/187 137/442/187 139/439/187 100/408/187 207/369/187
f 144/443/188 143/396/188 140/395/188 36/435/188 37/402/188
f 55/380/189 142/444/189 144/443/189 37/402/189 20/401/189
f 128/240/190 127/239/190 28/445/190 53/446/190
f 337/447/191 492/436/191 36/435/191 332/448/191
f 690/449/192 721/403/192 32/399/192 3/433/192
f 40/450/193 125/451/193 121/452/193 123/421/193 39/424/193
f 67/229/194 73/228/194 47/453/194 51/454/194
f 89/200/195 92/199/195 115/423/195 122/422/195
f 41/455/196 25/456/196 101/430/196 99/429/196
f 78/202/197 90/201/197 121/452/197 125/451/197
f 34/457/198 42/458/198 98/426/198 96/425/198
f 43/459/199 27/460/199 95/428/199 94/427/199
f 46/461/200 50/462/200 109/418/200 113/417/200
f 91/198/201 70/205/201 118/366/201 116/365/201
f 745/463/202 124/464/202 40/450/202 693/465/202
f 207/369/203 102/385/203 93/384/203 39/424/203
f 48/466/204 45/467/204 112/411/204 107/410/204
f 56/379/205 146/468/205 142/444/205 55/380/205
f 329/469/206 134/470/206 136/440/206 207/369/206 323/471/206
f 330/397/207 54/472/207 134/470/207 329/469/207
f 216/473/208 211/474/208 323/471/208 325/475/208
f 730/226/209 79/225/209 124/464/209 745/463/209
f 218/416/210 217/476/210 19/167/210 65/165/210
f 97/420/211 218/416/211 65/165/211 64/162/211
f 40/450/212 39/424/212 63/161/212 66/158/212
f 39/424/211 97/420/211 64/162/211 63/161/211
f 217/476/210 691/477/210 763/171/210 19/167/210
f 693/465/212 40/450/212 66/158/212 705/157/212
f 93/384/213 94/478/213 39/424/213
f 95/428/214 96/479/214 97/420/214
f 98/426/215 99/480/215 100/408/215
f 101/430/216 102/481/216 207/369/216
f 103/406/217 104/482/217 105/413/217
f 106/415/218 107/483/218 108/409/218
f 109/418/219 110/484/219 111/419/219
f 112/411/220 113/485/220 114/412/220
f 115/423/221 116/486/221 117/364/221
f 118/366/222 119/487/222 120/367/222
f 121/452/223 122/488/223 123/421/223
f 124/464/224 125/489/224 40/450/224
f 52/405/225 68/230/225 67/229/225 51/454/225
f 50/462/226 82/232/226 81/231/226 49/404/226
f 44/383/227 75/220/227 74/219/227 43/459/227
f 42/458/228 88/216/228 87/215/228 41/455/228
f 115/423/229 92/199/229 91/198/229 116/365/229
f 121/452/230 90/201/230 89/200/230 122/422/230
f 124/464/231 79/225/231 78/202/231 125/451/231
f 34/457/232 96/425/232 95/428/232 27/460/232
f 26/382/233 102/385/233 101/430/233 25/456/233
f 48/466/234 107/410/234 106/415/234 47/453/234
f 46/461/235 113/417/235 112/411/235 45/467/235
f 69/224/236 119/377/236 118/366/236 70/205/236
f 51/454/237 47/453/237 106/415/237 104/414/237
f 83/233/238 46/461/238 45/467/238 84/234/238
f 72/227/239 48/466/239 47/453/239 73/228/239
f 109/418/240 50/462/240 49/404/240 110/407/240
f 103/406/241 52/405/241 51/454/241 104/414/241
f 72/227/242 84/234/242 45/467/242 48/466/242
f 83/233/243 82/232/243 50/462/243 46/461/243
f 81/231/244 68/230/244 52/405/244 49/404/244
f 76/221/245 26/382/245 25/456/245 77/222/245
f 85/217/246 34/457/246 27/460/246 86/218/246
f 98/426/247 42/458/247 41/455/247 99/429/247
f 93/384/248 44/383/248 43/459/248 94/427/248
f 74/219/249 86/218/249 27/460/249 43/459/249
f 85/217/250 88/216/250 42/458/250 34/457/250
f 87/215/251 77/222/251 25/456/251 41/455/251
f 76/221/252 75/220/252 44/383/252 26/382/252
f 134/470/253 135/490/253 136/440/253
f 137/442/254 138/491/254 139/439/254
f 140/395/255 141/492/255 36/493/255
f 142/444/256 143/494/256 144/443/256
f 54/472/257 129/241/257 128/240/257 53/446/257
f 33/394/258 131/250/258 130/249/258 31/398/258
f 29/378/259 138/381/259 137/442/259 28/445/259
f 145/393/260 143/396/260 142/444/260 146/468/260
f 53/446/261 28/445/261 137/442/261 135/441/261
f 132/251/262 145/393/262 146/468/262 133/252/262
f 126/238/263 29/378/263 28/445/263 127/239/263
f 140/395/264 33/394/264 31/398/264 141/495/264
f 134/470/265 54/472/265 53/446/265 135/441/265
f 323/471/266 211/474/266 141/492/266 329/469/266
f 331/242/267 129/241/267 54/472/267 330/397/267
f 35/237/268 133/252/268 146/468/268 56/379/268
f 132/251/269 131/250/269 33/394/269 145/393/269
f 126/238/270 35/237/270 56/379/270 29/378/270
f 150/37/271 153/496/271 208/497/271 209/368/271 120/367/271
f 512/498/272 511/499/272 163/500/272 162/501/272
f 514/502/273 513/503/273 161/504/273 160/505/273
f 513/503/274 512/498/274 162/501/274 161/504/274
f 515/506/275 514/502/275 160/505/275 159/507/275
f 162/501/276 163/500/276 173/508/276 172/509/276
f 160/505/277 161/504/277 171/510/277 170/511/277
f 158/512/278 157/513/278 167/514/278 168/515/278
f 156/516/279 155/517/279 165/518/279 166/519/279
f 161/504/280 162/501/280 172/509/280 171/510/280
f 159/507/281 160/505/281 170/511/281 169/520/281
f 157/513/282 156/516/282 166/519/282 167/514/282
f 155/517/283 154/521/283 164/522/283 165/518/283
f 221/523/284 934/524/284 691/477/284 217/476/284
f 935/525/285 222/526/285 220/373/285 692/391/285
f 913/527/286 238/528/286 910/66/286
f 702/529/13 179/43/13 182/45/13 181/4/13 180/3/13 877/20/13
f 194/530/287 663/531/287 662/532/287 665/533/287 667/534/287 197/535/287
f 655/536/288 190/537/288 193/538/288 666/539/288
f 197/540/90 195/541/90 890/542/90 889/543/90
f 658/544/57 660/545/57 659/546/57 191/547/57 190/537/57 655/536/57 657/548/57 656/549/57
f 196/550/12 892/551/12 890/552/12 195/553/12
f 191/547/12 192/554/12 193/555/12 190/537/12
f 194/556/289 196/557/289 192/558/289 661/559/289 663/560/289
f 661/559/290 192/558/290 191/547/290 659/546/290
f 667/561/291 666/539/291 193/538/291 195/541/291 197/540/291
f 891/562/163 892/563/163 196/557/163 194/556/163
f 891/564/4 194/530/4 197/535/4 889/565/4
f 192/554/12 196/550/12 195/553/12 193/555/12
f 18/566/292 493/432/292 492/436/292 1/567/292
f 903/60/293 200/44/293 179/43/293 702/529/293
f 5/209/294 222/526/294 935/525/294 931/206/294
f 313/568/295 236/569/295 175/58/295 314/57/295
f 235/570/296 205/63/296 201/62/296
f 198/235/297 326/214/297 327/571/297 215/572/297
f 213/573/298 214/574/298 209/368/298 208/50/298
f 327/571/299 213/573/299 208/50/299 339/72/299
f 214/574/300 212/575/300 207/369/300 209/368/300
f 328/576/301 210/577/301 332/448/301 339/72/301
f 496/578/302 495/579/302 499/580/302 502/581/302
f 216/473/303 215/572/303 332/448/303 211/474/303
f 199/236/304 198/235/304 215/572/304 216/473/304
f 215/572/305 327/571/305 339/72/305 332/448/305
f 324/210/306 199/236/306 216/473/306 325/475/306
f 152/212/307 38/211/307 212/575/307 214/574/307
f 326/214/308 185/213/308 213/573/308 327/571/308
f 185/213/309 152/212/309 214/574/309 213/573/309
f 342/582/310 497/583/310 499/580/310
f 222/526/311 230/584/311 232/585/311 219/374/311 220/373/311
f 229/586/312 228/587/312 221/523/312 217/476/312 218/416/312
f 237/588/313 912/589/313 909/64/313
f 232/585/314 231/371/314 227/370/314 229/586/314 218/416/314 219/374/314
f 5/209/315 226/248/315 230/584/315 222/526/315
f 227/370/316 228/590/316 229/586/316
f 230/584/317 231/591/317 232/585/317
f 227/370/318 224/246/318 223/245/318 228/587/318
f 230/584/319 226/248/319 225/247/319 231/371/319
f 223/245/320 4/208/320 221/523/320 228/587/320
f 1030/592/321 315/593/321 238/528/321 913/527/321
f 319/594/322 240/595/322 236/596/322 313/597/322
f 240/595/323 241/598/323 237/588/323 236/596/323
f 242/599/324 239/600/324 235/601/324 238/528/324
f 318/602/325 242/599/325 238/528/325 315/593/325
f 317/315/326 246/314/326 242/599/326 318/602/326
f 246/314/327 243/313/327 239/600/327 242/599/327
f 244/309/328 245/312/328 241/598/328 240/595/328
f 316/310/329 244/309/329 240/595/329 319/594/329
f 238/528/330 235/601/330 201/62/330 910/66/330
f 289/603/331 287/604/331 285/605/331 292/606/331
f 298/607/163 294/608/163 296/609/163 299/610/163
f 254/611/163 289/603/163 292/606/163 251/612/163
f 300/613/90 297/614/90 293/615/90 295/616/90
f 270/617/4 273/618/4 274/619/4 271/620/4
f 296/609/12 294/621/12 293/622/12 297/614/12
f 284/623/90 290/624/90 291/625/90 277/626/90
f 272/627/90 259/628/90 257/629/90 269/630/90
f 282/631/163 286/632/163 288/633/163 283/634/163
f 275/635/332 272/627/332 269/630/332 276/636/332
f 290/624/90 300/613/90 295/616/90 291/625/90
f 264/637/163 280/638/163 278/639/163 261/640/163
f 286/632/163 298/607/163 299/610/163 288/633/163
f 263/641/333 264/637/333 261/640/333 262/642/333
f 267/643/163 253/644/163 252/645/163 268/646/163
f 270/647/163 282/631/163 283/634/163 273/618/163
f 266/648/334 267/643/334 268/646/334 265/649/334
f 274/619/90 284/623/90 277/626/90 271/650/90
f 250/651/335 265/649/335 282/631/335 270/647/335
f 252/645/335 250/651/335 270/647/335 271/652/335
f 266/648/336 255/653/336 273/618/336 283/634/336
f 255/653/336 253/644/336 274/619/336 273/618/336
f 253/644/336 267/643/336 284/623/336 274/619/336
f 268/646/335 252/645/335 271/652/335 277/654/335
f 265/649/335 268/646/335 277/654/335 282/631/335
f 267/643/336 266/648/336 283/634/336 284/623/336
f 253/644/337 255/653/337 250/651/337 252/645/337
f 255/653/90 266/648/90 265/649/90 250/651/90
f 258/655/335 276/636/335 277/654/335 291/656/335
f 260/657/336 259/628/336 288/633/336 290/624/336
f 257/629/335 258/655/335 291/656/335 286/632/335
f 269/630/335 257/629/335 286/632/335 282/631/335
f 259/628/336 272/627/336 283/634/336 288/633/336
f 275/635/336 260/657/336 290/624/336 284/623/336
f 276/636/335 269/630/335 282/631/335 277/654/335
f 272/627/336 275/635/336 284/623/336 283/634/336
f 259/628/338 260/657/338 258/655/338 257/629/338
f 260/657/163 275/635/163 276/636/163 258/655/163
f 281/658/335 262/642/335 298/607/335 286/632/335
f 263/641/336 279/659/336 288/633/336 299/610/336
f 280/638/336 264/637/336 300/613/336 290/624/336
f 279/659/336 280/638/336 290/624/336 288/633/336
f 278/639/335 281/658/335 286/632/335 291/656/335
f 261/640/335 278/639/335 291/656/335 295/660/335
f 264/637/336 263/641/336 299/610/336 300/613/336
f 262/642/335 261/640/335 295/660/335 298/607/335
f 280/638/339 279/659/339 281/658/339 278/639/339
f 279/659/90 263/641/90 262/642/90 281/658/90
f 249/661/335 251/612/335 293/662/335 294/608/335
f 251/612/335 292/606/335 295/660/335 293/662/335
f 254/611/336 256/663/336 296/609/336 297/614/336
f 285/605/335 249/661/335 294/608/335 298/607/335
f 256/663/336 287/604/336 299/610/336 296/609/336
f 289/603/336 254/611/336 297/614/336 300/613/336
f 287/604/336 289/603/336 300/613/336 299/610/336
f 292/606/335 285/605/335 298/607/335 295/660/335
f 287/604/90 256/663/90 249/661/90 285/605/90
f 256/663/340 254/611/340 251/612/340 249/661/340
f 236/569/341 237/588/341 909/64/341 175/58/341
f 1/567/342 337/447/342 338/55/342 302/71/342
f 243/313/343 316/310/343 319/594/343 239/600/343
f 245/312/344 317/315/344 318/602/344 241/598/344
f 241/598/345 318/602/345 315/593/345 237/588/345
f 239/600/346 319/594/346 313/597/346 235/601/346
f 912/664/347 237/588/347 315/593/347 1030/592/347
f 235/570/348 313/568/348 314/57/348 205/63/348
f 3/665/172 494/431/172 493/432/172 18/566/172
f 38/211/349 324/210/349 325/475/349 212/575/349
f 212/575/350 325/475/350 323/471/350 207/369/350
f 342/582/351 499/580/351 495/579/351 343/666/351
f 345/667/352 500/668/352 496/578/352 502/581/352
f 497/583/353 342/582/353 344/669/353 498/670/353
f 330/397/354 329/469/354 141/495/354 31/398/354
f 343/666/355 495/579/355 501/671/355 340/672/355
f 210/577/90 328/576/90 347/673/90 341/674/90
f 306/675/356 186/676/356 333/54/356 334/46/356
f 301/677/357 306/675/357 334/46/357 335/22/357
f 310/678/358 301/677/358 335/22/358 336/21/358
f 210/577/359 312/679/359 337/447/359 332/448/359
f 322/680/360 310/678/360 336/21/360 338/55/360
f 312/679/361 322/680/361 338/55/361 337/447/361
f 502/581/362 498/670/362 346/681/362 345/667/362
f 186/676/363 328/576/363 339/72/363 333/54/363
f 345/667/364 341/674/364 500/668/364
f 312/679/90 210/577/90 341/674/90 345/667/90
f 186/676/4 306/675/4 343/666/4 340/672/4
f 328/576/4 186/676/4 340/672/4 347/673/4
f 310/678/163 322/680/163 346/681/163 344/669/163
f 306/675/163 301/677/163 342/582/163 343/666/163
f 322/680/12 312/679/12 345/667/12 346/681/12
f 301/677/163 310/678/163 344/669/163 342/582/163
f 468/682/365 469/683/365 351/684/365 350/685/365
f 350/685/163 351/684/163 355/686/163 354/687/163
f 470/688/366 471/689/366 474/690/366 475/691/366
f 353/692/12 349/693/12 477/192/12 478/191/12
f 468/694/367 470/688/367 475/691/367 472/695/367
f 471/689/368 469/696/368 473/697/368 474/690/368
f 377/698/369 376/699/369 384/700/369 383/701/369
f 363/702/370 361/703/370 357/704/370 374/705/370
f 358/706/371 359/707/371 361/703/371 360/708/371
f 357/704/372 356/709/372 380/710/372 387/711/372
f 369/712/373 367/713/373 376/699/373 377/698/373
f 360/708/374 361/703/374 363/702/374 362/714/374
f 374/705/375 357/704/375 387/711/375 386/715/375
f 359/716/376 373/717/376 379/718/376 356/719/376
f 362/714/377 363/702/377 365/720/377 364/721/377
f 378/722/378 377/698/378 383/701/378 382/723/378
f 367/713/379 365/720/379 375/724/379 376/699/379
f 364/721/380 365/720/380 367/713/380 366/725/380
f 356/719/381 379/718/381 381/726/381 380/727/381
f 373/717/382 371/728/382 378/722/382 379/718/382
f 366/725/383 367/713/383 369/712/383 368/729/383
f 380/727/384 381/726/384 389/730/384 388/731/384
f 365/720/385 363/702/385 374/705/385 375/724/385
f 368/729/386 369/712/386 371/728/386 370/732/386
f 361/703/387 359/707/387 356/709/387 357/704/387
f 375/724/388 374/705/388 386/715/388 385/733/388
f 370/732/389 371/728/389 373/717/389 372/734/389
f 379/718/390 378/722/390 382/723/390 381/726/390
f 371/728/391 369/712/391 377/698/391 378/722/391
f 372/734/392 373/717/392 359/716/392 358/735/392
f 358/736/4 360/737/4 362/738/4 364/739/4 366/740/4 368/741/4 370/742/4 372/743/4
f 376/699/393 375/724/393 385/733/393 384/700/393
f 394/744/394 395/745/394 403/746/394 402/747/394
f 387/711/395 380/710/395 388/748/395 395/745/395
f 385/733/396 386/715/396 394/744/396 393/749/396
f 383/701/397 384/700/397 392/750/397 391/751/397
f 381/726/398 382/723/398 390/752/398 389/730/398
f 386/715/399 387/711/399 395/745/399 394/744/399
f 384/700/400 385/733/400 393/749/400 392/750/400
f 382/723/401 383/701/401 391/751/401 390/752/401
f 397/753/402 398/754/402 406/755/402 405/756/402
f 392/750/403 393/749/403 401/757/403 400/758/403
f 390/752/404 391/751/404 399/759/404 398/754/404
f 388/731/405 389/730/405 397/753/405 396/760/405
f 395/745/406 388/748/406 396/761/406 403/746/406
f 393/749/407 394/744/407 402/747/407 401/757/407
f 391/751/408 392/750/408 400/758/408 399/759/408
f 389/730/409 390/752/409 398/754/409 397/753/409
f 411/762/410 404/763/410 405/764/410 406/765/410 407/766/410 408/767/410 409/768/410 410/769/410
f 402/747/411 403/746/411 411/770/411 410/771/411
f 400/758/412 401/757/412 409/772/412 408/773/412
f 398/754/413 399/759/413 407/774/413 406/755/413
f 396/760/414 397/753/414 405/756/414 404/775/414
f 403/746/415 396/761/415 404/776/415 411/770/415
f 401/757/416 402/747/416 410/771/416 409/772/416
f 399/759/417 400/758/417 408/773/417 407/774/417
f 433/777/418 432/778/418 440/779/418 439/780/418
f 419/781/419 417/782/419 413/783/419 430/784/419
f 414/785/380 415/786/380 417/782/380 416/787/380
f 413/783/420 412/788/420 436/789/420 443/790/420
f 425/791/421 423/792/421 432/778/421 433/777/421
f 416/787/377 417/782/377 419/781/377 418/793/377
f 430/784/422 413/783/422 443/790/422 442/794/422
f 415/795/423 429/796/423 435/797/423 412/798/423
f 418/793/374 419/781/374 421/799/374 420/800/374
f 434/801/424 433/777/424 439/780/424 438/802/424
f 423/792/425 421/799/425 431/803/425 432/778/425
f 420/800/371 421/799/371 423/792/371 422/804/371
f 412/798/426 435/797/426 437/805/426 436/806/426
f 429/796/427 427/807/427 434/801/427 435/797/427
f 422/804/392 423/792/392 425/791/392 424/808/392
f 436/806/428 437/805/428 445/809/428 444/810/428
f 421/799/429 419/781/429 430/784/429 431/803/429
f 424/808/389 425/791/389 427/807/389 426/811/389
f 417/782/430 415/786/430 412/788/430 413/783/430
f 431/803/431 430/784/431 442/794/431 441/812/431
f 426/811/386 427/807/386 429/796/386 428/813/386
f 435/797/432 434/801/432 438/802/432 437/805/432
f 427/807/433 425/791/433 433/777/433 434/801/433
f 428/813/383 429/796/383 415/795/383 414/814/383
f 414/815/12 416/816/12 418/817/12 420/818/12 422/819/12 424/820/12 426/821/12 428/822/12
f 432/778/434 431/803/434 441/812/434 440/779/434
f 450/823/435 451/824/435 459/825/435 458/826/435
f 443/790/436 436/789/436 444/827/436 451/824/436
f 441/812/437 442/794/437 450/823/437 449/828/437
f 439/780/438 440/779/438 448/829/438 447/830/438
f 437/805/439 438/802/439 446/831/439 445/809/439
f 442/794/440 443/790/440 451/824/440 450/823/440
f 440/779/441 441/812/441 449/828/441 448/829/441
f 438/802/442 439/780/442 447/830/442 446/831/442
f 453/832/443 454/833/443 462/834/443 461/835/443
f 448/829/444 449/828/444 457/836/444 456/837/444
f 446/831/445 447/830/445 455/838/445 454/833/445
f 444/810/446 445/809/446 453/832/446 452/839/446
f 451/824/447 444/827/447 452/840/447 459/825/447
f 449/828/448 450/823/448 458/826/448 457/836/448
f 447/830/449 448/829/449 456/837/449 455/838/449
f 445/809/450 446/831/450 454/833/450 453/832/450
f 467/841/451 460/842/451 461/843/451 462/844/451 463/845/451 464/846/451 465/847/451 466/848/451
f 458/826/452 459/825/452 467/849/452 466/850/452
f 456/837/414 457/836/414 465/851/414 464/852/414
f 454/833/453 455/838/453 463/853/453 462/834/453
f 452/839/412 453/832/412 461/835/412 460/854/412
f 459/825/417 452/840/417 460/855/417 467/849/417
f 457/836/454 458/826/454 466/850/454 465/851/454
f 455/838/415 456/837/415 464/852/415 463/853/415
f 355/686/455 351/856/455 469/696/455 471/689/455
f 350/857/456 354/687/456 470/688/456 468/694/456
f 354/687/457 355/686/457 471/689/457 470/688/457
f 472/858/458 473/859/458 469/683/458 468/682/458
f 348/860/90 349/693/90 473/861/90 472/862/90
f 353/692/90 352/863/90 475/691/90 474/690/90
f 352/863/90 348/860/90 472/862/90 475/691/90
f 349/693/90 353/692/90 474/690/90 473/861/90
f 352/863/57 353/692/57 478/191/57 479/190/57
f 348/860/4 352/863/4 479/190/4 476/193/4
f 349/693/14 348/860/14 476/193/14 477/192/14
f 484/864/163 485/865/163 483/866/163 482/867/163
f 482/867/57 483/866/57 481/868/57 480/869/57
f 491/870/90 489/871/90 1197/872/90 1196/873/90
f 484/874/4 482/867/4 480/869/4 486/875/4
f 490/876/12 1199/877/12 1197/878/12 489/879/12
f 483/866/12 485/880/12 487/881/12 481/868/12
f 488/882/459 484/874/459 486/875/459 491/883/459
f 480/869/90 481/868/90 487/884/90 486/885/90
f 488/886/163 490/887/163 485/865/163 484/864/163
f 1198/888/163 1199/889/163 490/887/163 488/886/163
f 1198/890/460 488/882/460 491/883/460 1196/891/460
f 485/880/12 490/876/12 489/879/12 487/881/12
f 486/885/90 487/884/90 489/871/90 491/870/90
f 1/567/461 492/436/461 337/447/461
f 36/493/462 141/492/462 211/892/462
f 36/435/463 211/474/463 332/448/463
f 497/583/90 498/670/90 508/893/90 507/894/90
f 347/673/464 340/672/464 501/671/464
f 344/669/465 346/681/465 498/670/465
f 502/581/163 499/580/163 510/895/163 509/896/163
f 506/897/466 503/898/466 504/899/466 505/900/466
f 508/893/467 509/896/467 510/895/467 507/894/467
f 500/668/163 501/671/163 506/897/163 505/900/163
f 495/579/90 496/578/90 504/899/90 503/898/90
f 499/580/12 497/583/12 507/894/12 510/895/12
f 498/670/4 502/581/4 509/896/4 508/893/4
f 501/671/12 495/579/12 503/898/12 506/897/12
f 496/578/4 500/668/4 505/900/4 504/899/4
f 154/521/468 155/517/468 514/502/468 515/506/468
f 156/516/469 157/513/469 512/498/469 513/503/469
f 155/517/470 156/516/470 513/503/470 514/502/470
f 157/513/471 158/512/471 511/499/471 512/498/471
f 4/208/472 930/207/472 934/524/472 221/523/472
f 540/901/473 561/902/473 556/903/473 531/904/473
f 539/905/474 533/906/474 559/907/474 562/908/474
f 570/909/475 568/910/475 544/911/475 575/912/475
f 569/913/476 542/914/476 573/915/476 545/916/476
f 567/917/477 569/913/477 545/916/477 577/918/477
f 559/907/478 533/919/478 566/920/478 534/921/478
f 533/919/479 556/922/479 561/923/479 566/920/479
f 541/924/480 570/909/480 575/912/480 576/925/480
f 529/926/481 563/927/481 552/928/481 553/929/481
f 563/927/482 536/930/482 590/931/482 552/928/482
f 568/910/483 571/932/483 574/933/483 544/911/483
f 529/926/484 562/908/484 538/934/484 563/927/484
f 562/908/485 559/907/485 534/921/485 538/934/485
f 532/935/474 539/905/474 562/908/474 529/926/474
f 528/936/474 531/904/474 539/905/474 532/935/474
f 531/904/474 556/903/474 533/906/474 539/905/474
f 560/937/486 540/901/486 531/904/486 528/936/486
f 541/938/487 543/939/487 540/901/487 560/937/487
f 543/939/488 542/940/488 561/902/488 540/901/488
f 572/941/489 573/942/489 542/940/489 543/939/489
f 576/943/490 572/941/490 543/939/490 541/938/490
f 563/927/491 538/934/491 571/932/491 568/910/491
f 560/944/492 536/930/492 570/909/492 541/924/492
f 534/921/493 566/920/493 569/913/493 567/917/493
f 566/920/494 561/923/494 542/914/494 569/913/494
f 536/930/495 563/927/495 568/910/495 570/909/495
f 538/934/496 534/921/496 567/917/496 571/932/496
f 530/945/141 579/946/141 573/947/141 572/948/141
f 564/949/141 580/950/141 544/911/141 574/933/141
f 580/950/141 565/951/141 575/952/141 544/911/141
f 579/946/141 535/953/141 545/954/141 573/947/141
f 548/955/141 530/945/141 572/948/141 576/956/141
f 549/957/141 564/949/141 574/933/141 577/918/141
f 565/951/141 548/955/141 576/956/141 575/952/141
f 535/953/141 549/957/141 577/918/141 545/954/141
f 578/326/497 583/325/497 579/946/497 530/945/497
f 546/328/498 585/327/498 580/950/498 564/949/498
f 583/325/499 547/330/499 535/953/499 579/946/499
f 587/332/500 578/326/500 530/945/500 548/955/500
f 588/331/501 546/328/501 564/949/501 549/957/501
f 581/329/502 587/332/502 548/955/502 565/951/502
f 547/330/503 588/331/503 549/957/503 535/953/503
f 589/958/504 551/959/504 590/931/504 554/960/504
f 551/959/505 553/929/505 552/928/505 590/931/505
f 532/935/506 529/926/506 553/929/506 551/961/506
f 560/937/507 528/936/507 589/962/507 554/963/507
f 536/930/508 560/944/508 554/960/508 590/931/508
f 528/936/509 532/935/509 551/961/509 589/962/509
f 571/932/510 567/917/510 577/918/510 574/933/510
f 585/327/511 581/329/511 565/951/511 580/950/511
f 616/964/512 601/965/512 594/966/512 602/967/512
f 615/968/513 604/969/513 598/970/513 605/971/513
f 623/972/514 618/973/514 632/974/514 627/975/514
f 622/976/515 620/977/515 628/978/515 629/979/515
f 621/980/516 619/981/516 626/982/516 630/983/516
f 618/973/517 621/980/517 630/983/517 632/974/517
f 598/970/518 604/984/518 611/985/518 607/986/518
f 604/984/519 594/987/519 601/988/519 611/985/519
f 617/989/520 622/976/520 629/979/520 631/990/520
f 597/991/521 606/992/521 651/993/521 652/994/521
f 606/992/522 612/995/522 654/996/522 651/993/522
f 620/977/523 623/972/523 627/975/523 628/978/523
f 597/991/524 605/971/524 614/997/524 606/992/524
f 605/971/525 598/970/525 607/986/525 614/997/525
f 603/998/513 615/968/513 605/971/513 597/991/513
f 593/999/513 602/967/513 615/968/513 603/998/513
f 602/967/513 594/966/513 604/969/513 615/968/513
f 599/1000/526 616/964/526 602/967/526 593/999/526
f 617/1001/527 624/1002/527 616/964/527 599/1000/527
f 624/1002/528 619/1003/528 601/965/528 616/964/528
f 625/1004/529 626/1005/529 619/1003/529 624/1002/529
f 631/1006/530 625/1004/530 624/1002/530 617/1001/530
f 606/992/531 614/997/531 623/972/531 620/977/531
f 599/1007/532 612/995/532 622/976/532 617/989/532
f 607/986/533 611/985/533 621/980/533 618/973/533
f 611/985/534 601/988/534 619/981/534 621/980/534
f 612/995/535 606/992/535 620/977/535 622/976/535
f 614/997/536 607/986/536 618/973/536 623/972/536
f 600/1008/537 634/1009/537 626/1010/537 625/1011/537
f 608/1012/538 636/1013/538 628/978/538 627/975/538
f 636/1013/537 609/1014/537 629/1015/537 628/978/537
f 634/1009/537 610/1016/537 630/1017/537 626/1010/537
f 639/1018/538 600/1008/538 625/1011/538 631/1019/538
f 640/1020/538 608/1012/538 627/975/538 632/974/538
f 609/1014/538 639/1018/538 631/1019/538 629/1015/538
f 610/1016/538 640/1020/538 632/974/538 630/1017/538
f 633/1021/539 642/1022/539 634/1009/539 600/1008/539
f 635/1023/540 644/1024/540 636/1013/540 608/1012/540
f 644/1024/541 637/1025/541 609/1014/541 636/1013/541
f 642/1022/542 638/1026/542 610/1016/542 634/1009/542
f 647/1027/543 633/1021/543 600/1008/543 639/1018/543
f 648/1028/544 635/1023/544 608/1012/544 640/1020/544
f 637/1025/545 647/1027/545 639/1018/545 609/1014/545
f 638/1026/546 648/1028/546 640/1020/546 610/1016/546
f 650/1029/547 649/1030/547 654/996/547 653/1031/547
f 649/1030/548 652/994/548 651/993/548 654/996/548
f 603/998/549 597/991/549 652/994/549 649/1032/549
f 599/1000/550 593/999/550 650/1033/550 653/1034/550
f 612/995/551 599/1007/551 653/1031/551 654/996/551
f 593/999/552 603/998/552 649/1032/552 650/1033/552
f 501/671/553 500/668/553 341/674/553 347/673/553
f 661/559/554 664/1035/554 663/560/554
f 664/1035/555 662/1036/555 663/560/555
f 665/533/556 668/1037/556 667/534/556
f 668/1037/557 666/1038/557 667/534/557
f 665/533/558 656/549/558 657/1039/558 668/1040/558
f 668/1041/559 657/1039/559 655/536/559 666/539/559
f 658/544/560 662/532/560 664/1042/560 660/1043/560
f 660/1043/561 664/1044/561 661/559/561 659/546/561
f 662/532/4 658/544/4 656/549/4 665/533/4
f 908/136/562 1017/1045/562 1014/362/562 696/65/562
f 814/1046/563 916/1047/563 918/1048/563 817/1049/563 815/1050/563 813/1051/563
f 938/297/564 944/1052/564 940/1053/564 937/298/564
f 701/1054/163 698/1055/163 928/1056/163 929/1057/163
f 766/277/565 816/1058/565 744/376/565 731/223/565
f 817/1049/566 847/117/566 694/38/566 744/376/566 816/1058/566
f 717/1059/567 835/1060/567 748/1061/567 749/1062/567
f 714/1063/568 799/1064/568 790/1065/568 735/1066/568
f 706/386/569 697/389/569 677/1067/569 704/1068/569
f 703/390/163 701/1054/163 929/1057/163 692/391/163
f 1017/1045/570 677/1067/570 697/392/570 1014/362/570
f 842/1069/571 840/1070/571 837/1071/571 722/1072/571
f 1047/289/572 827/303/572 719/1073/572 1046/1074/572
f 720/1075/163 718/1076/163 698/1055/163 701/1054/163
f 718/1076/573 726/1077/573 708/1078/573 698/1055/573
f 721/403/163 720/1075/163 701/1054/163 703/390/163
f 740/1079/574 807/1080/574 800/1081/574 743/1082/574
f 698/1055/575 708/1078/575 797/1083/575 928/1056/575
f 805/1084/576 928/1056/576 797/1083/576 811/1085/576 809/1086/576 804/1087/576
f 802/1088/577 927/1089/577 928/1056/577 805/1084/577 803/1090/577 801/1091/577
f 811/1085/578 797/1083/578 794/1092/578 808/1093/578 806/1094/578 810/1095/578
f 820/1096/579 728/1097/579 916/1047/579 814/1046/579 812/1098/579 819/1099/579
f 794/1092/580 797/1083/580 795/1100/580 793/1101/580
f 808/1093/581 794/1092/581 927/1089/581 802/1088/581 800/1081/581 807/1080/581
f 728/1097/582 794/1092/582 792/1102/582 791/1103/582
f 797/1083/583 916/1047/583 798/1104/583 796/1105/583
f 1214/1106/573 1213/1107/573 726/1077/573 718/1076/573
f 679/1108/183 1214/1109/183 718/1076/183 720/1075/183
f 1213/1107/584 1212/1110/584 725/1111/584 726/1077/584
f 690/437/585 706/386/585 704/1068/585 679/1112/585
f 836/1113/586 797/1083/586 708/1078/586 748/1061/586 835/1060/586
f 833/1114/587 916/1047/587 797/1083/587 836/1113/587 834/1115/587 832/1116/587
f 841/1117/588 726/1077/588 725/1111/588 837/1071/588 840/1070/588
f 748/1061/589 708/1078/589 726/1077/589 841/1117/589 839/1118/589
f 825/291/590 746/1119/590 716/1120/590 824/292/590
f 1053/1121/591 1048/1122/591 725/1111/591 1212/1110/591
f 690/449/592 679/1108/592 720/1075/592 721/403/592
f 729/1123/593 728/1097/593 820/1096/593 818/1124/593 822/1125/593
f 764/284/594 742/1126/594 738/1127/594 770/285/594
f 786/259/595 819/1099/595 812/1098/595 789/260/595
f 732/1128/596 796/1105/596 798/1104/596 713/1129/596
f 775/257/597 822/1125/597 818/1124/597 787/258/597
f 723/1130/598 793/1101/598 795/1100/598 733/1131/598
f 734/1132/599 791/1103/599 792/1102/599 715/1133/599
f 737/1134/600 810/1095/600 806/1094/600 741/1135/600
f 788/253/601 813/1051/601 815/1050/601 767/254/601
f 745/463/602 693/465/602 729/1123/602 821/1136/602
f 916/1047/603 728/1097/603 790/1065/603 799/1064/603
f 739/1137/604 804/1087/604 809/1086/604 736/1138/604
f 749/1062/605 748/1061/605 839/1118/605 843/1139/605
f 1045/1140/606 1039/1141/606 916/1047/606 833/1114/606 831/1142/606
f 1046/1074/607 1045/1140/607 831/1142/607 747/1143/607
f 925/1144/608 1041/1145/608 1039/1141/608 920/1146/608
f 730/226/609 745/463/609 821/1136/609 776/276/609
f 927/1089/210 761/184/210 707/186/210 926/1147/210
f 794/1092/610 760/182/610 761/184/610 927/1089/610
f 729/1123/212 762/178/212 759/179/212 728/1097/212
f 728/1097/610 759/179/610 760/182/610 794/1092/610
f 926/1147/210 707/186/210 763/171/210 691/477/210
f 693/465/212 705/157/212 762/178/212 729/1123/212
f 790/1065/611 728/1097/611 791/1148/611
f 792/1102/612 794/1092/612 793/1149/612
f 795/1100/613 797/1083/613 796/1150/613
f 798/1104/614 916/1047/614 799/1151/614
f 800/1081/615 802/1088/615 801/1152/615
f 803/1090/616 805/1084/616 804/1153/616
f 806/1094/617 808/1093/617 807/1154/617
f 809/1086/618 811/1085/618 810/1155/618
f 812/1098/619 814/1046/619 813/1156/619
f 815/1050/620 817/1049/620 816/1157/620
f 818/1124/621 820/1096/621 819/1158/621
f 821/1136/622 729/1123/622 822/1159/622
f 743/1082/623 742/1126/623 764/284/623 765/283/623
f 741/1135/624 740/1079/624 778/282/624 779/281/624
f 735/1066/625 734/1132/625 771/272/625 772/271/625
f 733/1131/626 732/1128/626 784/268/626 785/275/626
f 812/1098/627 813/1051/627 788/253/627 789/260/627
f 818/1124/628 819/1099/628 786/259/628 787/258/628
f 821/1136/629 822/1125/629 775/257/629 776/276/629
f 723/1130/630 715/1133/630 792/1102/630 793/1101/630
f 714/1063/631 713/1129/631 798/1104/631 799/1064/631
f 739/1137/632 738/1127/632 803/1090/632 804/1087/632
f 737/1134/633 736/1138/633 809/1086/633 810/1095/633
f 766/277/634 767/254/634 815/1050/634 816/1058/634
f 742/1126/635 801/1091/635 803/1090/635 738/1127/635
f 780/280/636 781/279/636 736/1138/636 737/1134/636
f 769/278/637 770/285/637 738/1127/637 739/1137/637
f 806/1094/638 807/1080/638 740/1079/638 741/1135/638
f 800/1081/639 801/1091/639 742/1126/639 743/1082/639
f 769/278/640 739/1137/640 736/1138/640 781/279/640
f 780/280/641 737/1134/641 741/1135/641 779/281/641
f 778/282/642 740/1079/642 743/1082/642 765/283/642
f 773/270/643 774/269/643 713/1129/643 714/1063/643
f 782/274/644 783/273/644 715/1133/644 723/1130/644
f 795/1100/645 796/1105/645 732/1128/645 733/1131/645
f 790/1065/646 791/1103/646 734/1132/646 735/1066/646
f 771/272/647 734/1132/647 715/1133/647 783/273/647
f 782/274/648 723/1130/648 733/1131/648 785/275/648
f 784/268/649 732/1128/649 713/1129/649 774/269/649
f 773/270/650 714/1063/650 735/1066/650 772/271/650
f 831/1142/651 833/1114/651 832/1160/651
f 834/1115/652 836/1113/652 835/1161/652
f 837/1071/653 725/1162/653 838/1163/653
f 839/1118/654 841/1117/654 840/1164/654
f 747/1143/655 746/1119/655 825/291/655 826/290/655
f 722/1072/656 719/1073/656 827/303/656 828/302/656
f 717/1059/657 716/1120/657 834/1115/657 835/1060/657
f 842/1069/658 843/1139/658 839/1118/658 840/1070/658
f 746/1119/659 832/1116/659 834/1115/659 716/1120/659
f 829/301/660 830/300/660 843/1139/660 842/1069/660
f 823/293/661 824/292/661 716/1120/661 717/1059/661
f 837/1071/662 838/1165/662 719/1073/662 722/1072/662
f 831/1142/663 832/1116/663 746/1119/663 747/1143/663
f 1039/1141/664 1045/1140/664 838/1163/664 920/1146/664
f 1047/289/665 1046/1074/665 747/1143/665 826/290/665
f 724/288/666 749/1062/666 843/1139/666 830/300/666
f 829/301/667 842/1069/667 722/1072/667 828/302/667
f 823/293/668 717/1059/668 749/1062/668 724/288/668
f 847/117/669 817/1049/669 918/1048/669 917/1166/669 850/1167/669
f 1232/1168/471 859/1169/471 860/1170/471 1231/1171/471
f 1234/1172/470 857/1173/470 858/1174/470 1233/1175/470
f 1233/1175/469 858/1174/469 859/1169/469 1232/1168/469
f 1235/1176/468 856/1177/468 857/1173/468 1234/1172/468
f 859/1169/278 869/1178/278 870/1179/278 860/1170/278
f 857/1173/279 867/1180/279 868/1181/279 858/1174/279
f 855/1182/276 865/1183/276 864/1184/276 854/1185/276
f 853/1186/277 863/1187/277 862/1188/277 852/1189/277
f 858/1174/670 868/1181/670 869/1178/670 859/1169/670
f 856/1177/283 866/1190/283 867/1180/283 857/1173/283
f 854/1185/280 864/1184/280 863/1187/280 853/1186/280
f 852/1189/281 862/1188/281 861/1191/281 851/1192/281
f 932/1193/284 926/1147/284 691/477/284 934/524/284
f 935/525/671 692/391/671 929/1057/671 933/1194/671
f 913/527/672 910/66/672 951/1195/672
f 702/529/13 877/20/13 879/86/13 880/85/13 881/123/13 878/122/13
f 889/1196/57 891/562/57 892/563/57 890/1197/57
f 897/1198/673 900/1199/673 1387/1200/673 1385/1201/673 1382/1202/673 1383/1203/673
f 1375/1204/288 1386/1205/288 896/1206/288 893/1207/288
f 900/1208/90 889/543/90 890/542/90 898/1209/90
f 1378/1210/14 1376/1211/14 1377/1212/14 1375/1204/14 893/1207/14 894/1213/14 1379/1214/14 1380/1215/14
f 899/1216/12 898/1217/12 890/552/12 892/551/12
f 894/1213/12 893/1207/12 896/1218/12 895/1219/12
f 897/1220/674 1383/1221/674 1381/1222/674 895/1223/674 899/1224/674
f 1381/1222/290 1379/1214/290 894/1213/290 895/1223/290
f 1387/1225/675 900/1208/675 898/1209/675 896/1206/675 1386/1205/675
f 891/562/163 897/1220/163 899/1224/163 892/563/163
f 891/564/4 889/565/4 900/1199/4 897/1198/4
f 895/1219/12 896/1218/12 898/1217/12 899/1216/12
f 704/1226/676 677/1227/676 1212/1110/676 1213/1107/676
f 903/60/293 702/529/293 878/122/293 904/121/293
f 681/261/677 931/206/677 935/525/677 933/1194/677
f 1028/1228/678 1029/135/678 872/137/678 949/1229/678
f 948/1230/679 906/138/679 914/139/679
f 901/287/680 924/1231/680 1043/1232/680 1042/264/680
f 922/1233/681 917/127/681 918/1048/681 923/1234/681
f 1043/1232/682 1055/145/682 917/127/682 922/1233/682
f 923/1234/683 918/1048/683 916/1047/683 921/1235/683
f 1044/1236/684 1055/145/684 1048/1122/684 919/1237/684
f 1216/1238/685 1222/1239/685 1219/1240/685 1215/1241/685
f 925/1144/686 920/1146/686 1048/1122/686 924/1231/686
f 902/286/687 925/1144/687 924/1231/687 901/287/687
f 924/1231/688 1048/1122/688 1055/145/688 1043/1232/688
f 1040/263/689 1041/1145/689 925/1144/689 902/286/689
f 849/266/690 923/1234/690 921/1235/690 727/267/690
f 1042/264/691 1043/1232/691 922/1233/691 884/265/691
f 884/265/692 922/1233/692 923/1234/692 849/266/692
f 1058/1242/693 1219/1240/693 1217/1243/693
f 933/1194/694 929/1057/694 928/1056/694 945/1244/694 943/1245/694
f 942/1246/695 927/1089/695 926/1147/695 932/1193/695 941/1247/695
f 950/1248/696 909/64/696 912/589/696
f 945/1244/697 928/1056/697 927/1089/697 942/1246/697 940/1053/697 944/1052/697
f 681/261/698 933/1194/698 943/1245/698 939/296/698
f 940/1053/699 942/1246/699 941/1249/699
f 943/1245/700 945/1244/700 944/1250/700
f 940/1053/701 941/1247/701 936/299/701 937/298/701
f 943/1245/702 944/1052/702 938/297/702 939/296/702
f 936/299/703 941/1247/703 932/1193/703 680/262/703
f 1030/592/704 913/527/704 951/1195/704 1031/1251/704
f 1035/1252/705 1028/1253/705 949/1254/705 953/1255/705
f 953/1255/706 949/1254/706 950/1248/706 954/1256/706
f 955/1257/707 951/1195/707 948/1258/707 952/1259/707
f 1034/1260/708 1031/1251/708 951/1195/708 955/1257/708
f 1033/344/709 1034/1260/709 955/1257/709 959/342/709
f 959/342/710 955/1257/710 952/1259/710 956/343/710
f 957/338/711 953/1255/711 954/1256/711 958/340/711
f 1032/337/712 1035/1252/712 953/1255/712 957/338/712
f 951/1195/713 910/66/713 906/138/713 948/1258/713
f 1002/1261/714 1005/1262/714 998/1263/714 1000/1264/714
f 1011/1265/163 1012/1266/163 1009/1267/163 1007/1268/163
f 967/1269/163 964/1270/163 1005/1262/163 1002/1261/163
f 1013/1271/90 1008/1272/90 1006/1273/90 1010/1274/90
f 983/1275/4 984/1276/4 987/1277/4 986/1278/4
f 1009/1267/12 1010/1274/12 1006/1279/12 1007/1280/12
f 997/1281/90 990/1282/90 1004/1283/90 1003/1284/90
f 985/1285/90 982/1286/90 970/1287/90 972/1288/90
f 995/1289/163 996/1290/163 1001/1291/163 999/1292/163
f 988/1293/715 989/1294/715 982/1286/715 985/1285/715
f 1003/1284/90 1004/1283/90 1008/1272/90 1013/1271/90
f 977/1295/163 974/1296/163 991/1297/163 993/1298/163
f 999/1292/163 1001/1291/163 1012/1266/163 1011/1265/163
f 976/1299/716 975/1300/716 974/1296/716 977/1295/716
f 980/1301/163 981/1302/163 965/1303/163 966/1304/163
f 983/1305/163 986/1278/163 996/1290/163 995/1289/163
f 979/1306/717 978/1307/717 981/1302/717 980/1301/717
f 987/1277/90 984/1308/90 990/1282/90 997/1281/90
f 963/1309/718 983/1305/718 995/1289/718 978/1307/718
f 965/1303/718 984/1310/718 983/1305/718 963/1309/718
f 979/1306/719 996/1290/719 986/1278/719 968/1311/719
f 968/1311/719 986/1278/719 987/1277/719 966/1304/719
f 966/1304/719 987/1277/719 997/1281/719 980/1301/719
f 981/1302/718 990/1312/718 984/1310/718 965/1303/718
f 978/1307/718 995/1289/718 990/1312/718 981/1302/718
f 980/1301/719 997/1281/719 996/1290/719 979/1306/719
f 966/1304/720 965/1303/720 963/1309/720 968/1311/720
f 968/1311/90 963/1309/90 978/1307/90 979/1306/90
f 971/1313/718 1004/1314/718 990/1312/718 989/1294/718
f 973/1315/719 1003/1284/719 1001/1291/719 972/1288/719
f 970/1287/718 999/1292/718 1004/1314/718 971/1313/718
f 982/1286/718 995/1289/718 999/1292/718 970/1287/718
f 972/1288/719 1001/1291/719 996/1290/719 985/1285/719
f 988/1293/719 997/1281/719 1003/1284/719 973/1315/719
f 989/1294/718 990/1312/718 995/1289/718 982/1286/718
f 985/1285/719 996/1290/719 997/1281/719 988/1293/719
f 972/1288/721 970/1287/721 971/1313/721 973/1315/721
f 973/1315/163 971/1313/163 989/1294/163 988/1293/163
f 994/1316/718 999/1292/718 1011/1265/718 975/1300/718
f 976/1299/719 1012/1266/719 1001/1291/719 992/1317/719
f 993/1298/719 1003/1284/719 1013/1271/719 977/1295/719
f 992/1317/719 1001/1291/719 1003/1284/719 993/1298/719
f 991/1297/718 1004/1314/718 999/1292/718 994/1316/718
f 974/1296/718 1008/1318/718 1004/1314/718 991/1297/718
f 977/1295/719 1013/1271/719 1012/1266/719 976/1299/719
f 975/1300/718 1011/1265/718 1008/1318/718 974/1296/718
f 993/1298/722 991/1297/722 994/1316/722 992/1317/722
f 992/1317/90 994/1316/90 975/1300/90 976/1299/90
f 962/1319/718 1007/1268/718 1006/1320/718 964/1270/718
f 964/1270/718 1006/1320/718 1008/1318/718 1005/1262/718
f 967/1269/719 1010/1274/719 1009/1267/719 969/1321/719
f 998/1263/718 1011/1265/718 1007/1268/718 962/1319/718
f 969/1321/719 1009/1267/719 1012/1266/719 1000/1264/719
f 1002/1261/719 1013/1271/719 1010/1274/719 967/1269/719
f 1000/1264/719 1012/1266/719 1013/1271/719 1002/1261/719
f 1005/1262/718 1008/1318/718 1011/1265/718 998/1263/718
f 1000/1264/90 998/1263/90 962/1319/90 969/1321/90
f 969/1321/723 962/1319/723 964/1270/723 967/1269/723
f 949/1229/724 872/137/724 909/64/724 950/1248/724
f 677/1227/725 1017/144/725 1054/133/725 1053/1121/725
f 956/343/726 952/1259/726 1035/1252/726 1032/337/726
f 958/340/727 954/1256/727 1034/1260/727 1033/344/727
f 954/1256/728 950/1248/728 1031/1251/728 1034/1260/728
f 952/1259/729 948/1258/729 1028/1253/729 1035/1252/729
f 912/664/730 1030/592/730 1031/1251/730 950/1248/730
f 948/1230/731 914/139/731 1029/135/731 1028/1228/731
f 679/1322/573 704/1226/573 1213/1107/573 1214/1106/573
f 727/267/732 921/1235/732 1041/1145/732 1040/263/732
f 921/1235/733 916/1047/733 1039/1141/733 1041/1145/733
f 1058/1242/734 1059/1323/734 1215/1241/734 1219/1240/734
f 1061/1324/735 1222/1239/735 1216/1238/735 1220/1325/735
f 1217/1243/736 1218/1326/736 1060/1327/736 1058/1242/736
f 1046/1074/737 719/1073/737 838/1165/737 1045/1140/737
f 1059/1323/738 1056/1328/738 1221/1329/738 1215/1241/738
f 919/1237/90 1057/1330/90 1063/1331/90 1044/1236/90
f 1021/1332/739 1050/124/739 1049/131/739 885/1333/739
f 1016/1334/740 1051/105/740 1050/124/740 1021/1332/740
f 1025/1335/741 1052/102/741 1051/105/741 1016/1334/741
f 919/1237/742 1048/1122/742 1053/1121/742 1027/1336/742
f 1038/1337/743 1054/133/743 1052/102/743 1025/1335/743
f 1027/1336/744 1053/1121/744 1054/133/744 1038/1337/744
f 1222/1239/745 1061/1324/745 1062/1338/745 1218/1326/745
f 885/1333/746 1049/131/746 1055/145/746 1044/1236/746
f 1061/1324/747 1220/1325/747 1057/1330/747
f 1027/1336/90 1061/1324/90 1057/1330/90 919/1237/90
f 885/1333/4 1056/1328/4 1059/1323/4 1021/1332/4
f 1044/1236/4 1063/1331/4 1056/1328/4 885/1333/4
f 1025/1335/163 1060/1327/163 1062/1338/163 1038/1337/163
f 1021/1332/163 1059/1323/163 1058/1242/163 1016/1334/163
f 1038/1337/12 1062/1338/12 1061/1324/12 1027/1336/12
f 1016/1334/163 1058/1242/163 1060/1327/163 1025/1335/163
f 1184/1339/457 1066/1340/457 1067/1341/457 1185/1342/457
f 1066/1340/163 1070/1343/163 1071/1344/163 1067/1341/163
f 1186/1345/458 1191/1346/458 1190/1347/458 1187/1348/458
f 1069/1349/12 1194/197/12 1193/196/12 1065/1350/12
f 1184/1351/367 1188/1352/367 1191/1346/367 1186/1345/367
f 1187/1348/368 1190/1347/368 1189/1353/368 1185/1354/368
f 1093/1355/748 1099/1356/748 1100/1357/748 1092/1358/748
f 1079/1359/749 1090/1360/749 1073/1361/749 1077/1362/749
f 1074/1363/750 1076/1364/750 1077/1362/750 1075/1365/750
f 1073/1361/751 1103/1366/751 1096/1367/751 1072/1368/751
f 1085/1369/752 1093/1355/752 1092/1358/752 1083/1370/752
f 1076/1364/753 1078/1371/753 1079/1359/753 1077/1362/753
f 1090/1360/754 1102/1372/754 1103/1366/754 1073/1361/754
f 1075/1373/755 1072/1374/755 1095/1375/755 1089/1376/755
f 1078/1371/756 1080/1377/756 1081/1378/756 1079/1359/756
f 1094/1379/757 1098/1380/757 1099/1356/757 1093/1355/757
f 1083/1370/758 1092/1358/758 1091/1381/758 1081/1378/758
f 1080/1377/759 1082/1382/759 1083/1370/759 1081/1378/759
f 1072/1374/760 1096/1383/760 1097/1384/760 1095/1375/760
f 1089/1376/761 1095/1375/761 1094/1379/761 1087/1385/761
f 1082/1382/762 1084/1386/762 1085/1369/762 1083/1370/762
f 1096/1383/763 1104/1387/763 1105/1388/763 1097/1384/763
f 1081/1378/764 1091/1381/764 1090/1360/764 1079/1359/764
f 1084/1386/765 1086/1389/765 1087/1385/765 1085/1369/765
f 1077/1362/766 1073/1361/766 1072/1368/766 1075/1365/766
f 1091/1381/767 1101/1390/767 1102/1372/767 1090/1360/767
f 1086/1389/768 1088/1391/768 1089/1376/768 1087/1385/768
f 1095/1375/769 1097/1384/769 1098/1380/769 1094/1379/769
f 1087/1385/770 1094/1379/770 1093/1355/770 1085/1369/770
f 1088/1391/771 1074/1392/771 1075/1373/771 1089/1376/771
f 1074/1393/4 1088/1394/4 1086/1395/4 1084/1396/4 1082/1397/4 1080/1398/4 1078/1399/4 1076/1400/4
f 1092/1358/772 1100/1357/772 1101/1390/772 1091/1381/772
f 1110/1401/773 1118/1402/773 1119/1403/773 1111/1404/773
f 1103/1366/774 1111/1404/774 1104/1405/774 1096/1367/774
f 1101/1390/775 1109/1406/775 1110/1401/775 1102/1372/775
f 1099/1356/776 1107/1407/776 1108/1408/776 1100/1357/776
f 1097/1384/777 1105/1388/777 1106/1409/777 1098/1380/777
f 1102/1372/778 1110/1401/778 1111/1404/778 1103/1366/778
f 1100/1357/779 1108/1408/779 1109/1406/779 1101/1390/779
f 1098/1380/780 1106/1409/780 1107/1407/780 1099/1356/780
f 1113/1410/781 1121/1411/781 1122/1412/781 1114/1413/781
f 1108/1408/782 1116/1414/782 1117/1415/782 1109/1406/782
f 1106/1409/783 1114/1413/783 1115/1416/783 1107/1407/783
f 1104/1387/784 1112/1417/784 1113/1410/784 1105/1388/784
f 1111/1404/785 1119/1403/785 1112/1418/785 1104/1405/785
f 1109/1406/786 1117/1415/786 1118/1402/786 1110/1401/786
f 1107/1407/787 1115/1416/787 1116/1414/787 1108/1408/787
f 1105/1388/788 1113/1410/788 1114/1413/788 1106/1409/788
f 1127/1419/789 1126/1420/789 1125/1421/789 1124/1422/789 1123/1423/789 1122/1424/789 1121/1425/789 1120/1426/789
f 1118/1402/790 1126/1427/790 1127/1428/790 1119/1403/790
f 1116/1414/791 1124/1429/791 1125/1430/791 1117/1415/791
f 1114/1413/792 1122/1412/792 1123/1431/792 1115/1416/792
f 1112/1417/793 1120/1432/793 1121/1411/793 1113/1410/793
f 1119/1403/794 1127/1428/794 1120/1433/794 1112/1418/794
f 1117/1415/795 1125/1430/795 1126/1427/795 1118/1402/795
f 1115/1416/796 1123/1431/796 1124/1429/796 1116/1414/796
f 1149/1434/797 1155/1435/797 1156/1436/797 1148/1437/797
f 1135/1438/798 1146/1439/798 1129/1440/798 1133/1441/798
f 1130/1442/799 1132/1443/799 1133/1441/799 1131/1444/799
f 1129/1440/800 1159/1445/800 1152/1446/800 1128/1447/800
f 1141/1448/801 1149/1434/801 1148/1437/801 1139/1449/801
f 1132/1443/756 1134/1450/756 1135/1438/756 1133/1441/756
f 1146/1439/802 1158/1451/802 1159/1445/802 1129/1440/802
f 1131/1452/803 1128/1453/803 1151/1454/803 1145/1455/803
f 1134/1450/753 1136/1456/753 1137/1457/753 1135/1438/753
f 1150/1458/804 1154/1459/804 1155/1435/804 1149/1434/804
f 1139/1449/805 1148/1437/805 1147/1460/805 1137/1457/805
f 1136/1456/750 1138/1461/750 1139/1449/750 1137/1457/750
f 1128/1453/806 1152/1462/806 1153/1463/806 1151/1454/806
f 1145/1455/807 1151/1454/807 1150/1458/807 1143/1464/807
f 1138/1461/771 1140/1465/771 1141/1448/771 1139/1449/771
f 1152/1462/808 1160/1466/808 1161/1467/808 1153/1463/808
f 1137/1457/809 1147/1460/809 1146/1439/809 1135/1438/809
f 1140/1465/768 1142/1468/768 1143/1464/768 1141/1448/768
f 1133/1441/810 1129/1440/810 1128/1447/810 1131/1444/810
f 1147/1460/811 1157/1469/811 1158/1451/811 1146/1439/811
f 1142/1468/765 1144/1470/765 1145/1455/765 1143/1464/765
f 1151/1454/812 1153/1463/812 1154/1459/812 1150/1458/812
f 1143/1464/813 1150/1458/813 1149/1434/813 1141/1448/813
f 1144/1470/762 1130/1471/762 1131/1452/762 1145/1455/762
f 1130/1472/12 1144/1473/12 1142/1474/12 1140/1475/12 1138/1476/12 1136/1477/12 1134/1478/12 1132/1479/12
f 1148/1437/814 1156/1436/814 1157/1469/814 1147/1460/814
f 1166/1480/815 1174/1481/815 1175/1482/815 1167/1483/815
f 1159/1445/816 1167/1483/816 1160/1484/816 1152/1446/816
f 1157/1469/817 1165/1485/817 1166/1480/817 1158/1451/817
f 1155/1435/818 1163/1486/818 1164/1487/818 1156/1436/818
f 1153/1463/819 1161/1467/819 1162/1488/819 1154/1459/819
f 1158/1451/820 1166/1480/820 1167/1483/820 1159/1445/820
f 1156/1436/821 1164/1487/821 1165/1485/821 1157/1469/821
f 1154/1459/822 1162/1488/822 1163/1486/822 1155/1435/822
f 1169/1489/795 1177/1490/795 1178/1491/795 1170/1492/795
f 1164/1487/823 1172/1493/823 1173/1494/823 1165/1485/823
f 1162/1488/824 1170/1492/824 1171/1495/824 1163/1486/824
f 1160/1466/825 1168/1496/825 1169/1489/825 1161/1467/825
f 1167/1483/826 1175/1482/826 1168/1497/826 1160/1484/826
f 1165/1485/827 1173/1494/827 1174/1481/827 1166/1480/827
f 1163/1486/828 1171/1495/828 1172/1493/828 1164/1487/828
f 1161/1467/829 1169/1489/829 1170/1492/829 1162/1488/829
f 1183/1498/830 1182/1499/830 1181/1500/830 1180/1501/830 1179/1502/830 1178/1503/830 1177/1504/830 1176/1505/830
f 1174/1481/831 1182/1506/831 1183/1507/831 1175/1482/831
f 1172/1493/793 1180/1508/793 1181/1509/793 1173/1494/793
f 1170/1492/832 1178/1491/832 1179/1510/832 1171/1495/832
f 1168/1496/791 1176/1511/791 1177/1490/791 1169/1489/791
f 1175/1482/796 1183/1507/796 1176/1512/796 1168/1497/796
f 1173/1494/833 1181/1509/833 1182/1506/833 1174/1481/833
f 1171/1495/794 1179/1510/794 1180/1508/794 1172/1493/794
f 1071/1344/455 1187/1348/455 1185/1354/455 1067/1513/455
f 1066/1514/456 1184/1351/456 1186/1345/456 1070/1343/456
f 1070/1343/365 1186/1345/365 1187/1348/365 1071/1344/365
f 1188/1515/366 1184/1339/366 1185/1342/366 1189/1516/366
f 1064/1517/90 1188/1518/90 1189/1519/90 1065/1350/90
f 1069/1349/90 1190/1347/90 1191/1346/90 1068/1520/90
f 1068/1520/90 1191/1346/90 1188/1518/90 1064/1517/90
f 1065/1350/90 1189/1519/90 1190/1347/90 1069/1349/90
f 1068/1520/14 1195/194/14 1194/197/14 1069/1349/14
f 1064/1517/4 1192/195/4 1195/194/4 1068/1520/4
f 1065/1350/57 1193/196/57 1192/195/57 1064/1517/57
f 1196/1521/57 1198/888/57 1199/889/57 1197/1522/57
f 1204/1523/163 1202/1524/163 1203/1525/163 1205/1526/163
f 1202/1524/14 1200/1527/14 1201/1528/14 1203/1525/14
f 1211/1529/90 1196/873/90 1197/872/90 1209/1530/90
f 1204/1531/4 1206/1532/4 1200/1527/4 1202/1524/4
f 1210/1533/12 1209/1534/12 1197/878/12 1199/877/12
f 1203/1525/12 1201/1528/12 1207/1535/12 1205/1536/12
f 1208/1537/834 1211/1538/834 1206/1532/834 1204/1531/834
f 1200/1527/90 1206/1539/90 1207/1540/90 1201/1528/90
f 1208/1541/163 1204/1523/163 1205/1526/163 1210/1542/163
f 1198/888/163 1208/1541/163 1210/1542/163 1199/889/163
f 1198/890/835 1196/891/835 1211/1538/835 1208/1537/835
f 1205/1536/12 1207/1535/12 1209/1534/12 1210/1533/12
f 1206/1539/90 1211/1529/90 1209/1530/90 1207/1540/90
f 677/1227/836 1053/1121/836 1212/1110/836
f 725/1162/837 920/1543/837 838/1163/837
f 725/1111/838 1048/1122/838 920/1146/838
f 1217/1243/90 1227/1544/90 1228/1545/90 1218/1326/90
f 1063/1331/839 1221/1329/839 1056/1328/839
f 1060/1327/840 1218/1326/840 1062/1338/840
f 1222/1239/163 1229/1546/163 1230/1547/163 1219/1240/163
f 1226/1548/841 1225/1549/841 1224/1550/841 1223/1551/841
f 1228/1545/842 1227/1544/842 1230/1547/842 1229/1546/842
f 1220/1325/163 1225/1549/163 1226/1548/163 1221/1329/163
f 1215/1241/90 1223/1551/90 1224/1550/90 1216/1238/90
f 1219/1240/12 1230/1547/12 1227/1544/12 1217/1243/12
f 1218/1326/4 1228/1545/4 1229/1546/4 1222/1239/4
f 1221/1329/12 1226/1548/12 1223/1551/12 1215/1241/12
f 1216/1238/4 1224/1550/4 1225/1549/4 1220/1325/4
f 851/1192/275 1235/1176/275 1234/1172/275 852/1189/275
f 853/1186/274 1233/1175/274 1232/1168/274 854/1185/274
f 852/1189/273 1234/1172/273 1233/1175/273 853/1186/273
f 854/1185/272 1232/1168/272 1231/1171/272 855/1182/272
f 680/262/843 932/1193/843 934/524/843 930/207/843
f 1260/1552/485 1251/1553/485 1276/1554/485 1281/1555/485
f 1259/1556/474 1282/1557/474 1279/1558/474 1253/1559/474
f 1290/1560/480 1295/1561/480 1264/1562/480 1288/1563/480
f 1289/1564/477 1265/1565/477 1293/1566/477 1262/1567/477
f 1287/1568/476 1297/1569/476 1265/1565/476 1289/1564/476
f 1279/1558/479 1254/1570/479 1286/1571/479 1253/1572/479
f 1253/1572/478 1286/1571/478 1281/1573/478 1276/1574/478
f 1261/1575/475 1296/1576/475 1295/1561/475 1290/1560/475
f 1249/1577/507 1273/1578/507 1272/1579/507 1283/1580/507
f 1283/1580/508 1272/1579/508 1310/1581/508 1256/1582/508
f 1288/1563/490 1264/1562/490 1294/1583/490 1291/1584/490
f 1249/1577/486 1283/1580/486 1258/1585/486 1282/1557/486
f 1282/1557/473 1258/1585/473 1254/1570/473 1279/1558/473
f 1252/1586/474 1249/1577/474 1282/1557/474 1259/1556/474
f 1248/1587/474 1252/1586/474 1259/1556/474 1251/1553/474
f 1251/1553/474 1259/1556/474 1253/1559/474 1276/1554/474
f 1280/1588/484 1248/1587/484 1251/1553/484 1260/1552/484
f 1261/1589/491 1280/1588/491 1260/1552/491 1263/1590/491
f 1263/1590/496 1260/1552/496 1281/1555/496 1262/1591/496
f 1292/1592/510 1263/1590/510 1262/1591/510 1293/1593/510
f 1296/1594/483 1261/1589/483 1263/1590/483 1292/1592/483
f 1283/1580/487 1288/1563/487 1291/1584/487 1258/1585/487
f 1280/1595/495 1261/1575/495 1290/1560/495 1256/1582/495
f 1254/1570/494 1287/1568/494 1289/1564/494 1286/1571/494
f 1286/1571/493 1289/1564/493 1262/1567/493 1281/1573/493
f 1256/1582/492 1290/1560/492 1288/1563/492 1283/1580/492
f 1258/1585/488 1291/1584/488 1287/1568/488 1254/1570/488
f 1250/1596/141 1292/1597/141 1293/1598/141 1299/1599/141
f 1284/1600/141 1294/1583/141 1264/1562/141 1300/1601/141
f 1300/1601/141 1264/1562/141 1295/1602/141 1285/1603/141
f 1299/1599/141 1293/1598/141 1265/1604/141 1255/1605/141
f 1268/1606/141 1296/1607/141 1292/1597/141 1250/1596/141
f 1269/1608/141 1297/1569/141 1294/1583/141 1284/1600/141
f 1285/1603/141 1295/1602/141 1296/1607/141 1268/1606/141
f 1255/1605/141 1265/1604/141 1297/1569/141 1269/1608/141
f 1298/354/501 1250/1596/501 1299/1599/501 1303/355/501
f 1266/356/500 1284/1600/500 1300/1601/500 1305/357/500
f 1303/355/503 1299/1599/503 1255/1605/503 1267/359/503
f 1307/361/498 1268/1606/498 1250/1596/498 1298/354/498
f 1308/360/497 1269/1608/497 1284/1600/497 1266/356/497
f 1301/358/511 1285/1603/511 1268/1606/511 1307/361/511
f 1267/359/499 1255/1605/499 1269/1608/499 1308/360/499
f 1309/1609/505 1274/1610/505 1310/1581/505 1271/1611/505
f 1271/1611/504 1310/1581/504 1272/1579/504 1273/1578/504
f 1252/1586/509 1271/1612/509 1273/1578/509 1249/1577/509
f 1280/1588/481 1274/1613/481 1309/1614/481 1248/1587/481
f 1256/1582/482 1310/1581/482 1274/1610/482 1280/1595/482
f 1248/1587/506 1309/1614/506 1271/1612/506 1252/1586/506
f 1291/1584/489 1294/1583/489 1297/1569/489 1287/1568/489
f 1305/357/502 1300/1601/502 1285/1603/502 1301/358/502
f 1336/1615/844 1322/1616/844 1314/1617/844 1321/1618/844
f 1335/1619/845 1325/1620/845 1318/1621/845 1324/1622/845
f 1343/1623/846 1347/1624/846 1352/1625/846 1338/1626/846
f 1342/1627/847 1349/1628/847 1348/1629/847 1340/1630/847
f 1341/1631/848 1350/1632/848 1346/1633/848 1339/1634/848
f 1338/1626/849 1352/1625/849 1350/1632/849 1341/1631/849
f 1318/1621/850 1327/1635/850 1331/1636/850 1324/1637/850
f 1324/1637/851 1331/1636/851 1321/1638/851 1314/1639/851
f 1337/1640/852 1351/1641/852 1349/1628/852 1342/1627/852
f 1317/1642/853 1372/1643/853 1371/1644/853 1326/1645/853
f 1326/1645/854 1371/1644/854 1374/1646/854 1332/1647/854
f 1340/1630/855 1348/1629/855 1347/1624/855 1343/1623/855
f 1317/1642/856 1326/1645/856 1334/1648/856 1325/1620/856
f 1325/1620/857 1334/1648/857 1327/1635/857 1318/1621/857
f 1323/1649/845 1317/1642/845 1325/1620/845 1335/1619/845
f 1313/1650/845 1323/1649/845 1335/1619/845 1322/1616/845
f 1322/1616/845 1335/1619/845 1324/1622/845 1314/1617/845
f 1319/1651/858 1313/1650/858 1322/1616/858 1336/1615/858
f 1337/1652/859 1319/1651/859 1336/1615/859 1344/1653/859
f 1344/1653/860 1336/1615/860 1321/1618/860 1339/1654/860
f 1345/1655/861 1344/1653/861 1339/1654/861 1346/1656/861
f 1351/1657/862 1337/1652/862 1344/1653/862 1345/1655/862
f 1326/1645/863 1340/1630/863 1343/1623/863 1334/1648/863
f 1319/1658/864 1337/1640/864 1342/1627/864 1332/1647/864
f 1327/1635/865 1338/1626/865 1341/1631/865 1331/1636/865
f 1331/1636/866 1341/1631/866 1339/1634/866 1321/1638/866
f 1332/1647/867 1342/1627/867 1340/1630/867 1326/1645/867
f 1334/1648/868 1343/1623/868 1338/1626/868 1327/1635/868
f 1320/1659/869 1345/1660/869 1346/1661/869 1354/1662/869
f 1328/1663/869 1347/1624/869 1348/1629/869 1356/1664/869
f 1356/1664/869 1348/1629/869 1349/1665/869 1329/1666/869
f 1354/1662/870 1346/1661/870 1350/1667/870 1330/1668/870
f 1359/1669/869 1351/1670/869 1345/1660/869 1320/1659/869
f 1360/1671/869 1352/1625/869 1347/1624/869 1328/1663/869
f 1329/1666/869 1349/1665/869 1351/1670/869 1359/1669/869
f 1330/1668/869 1350/1667/869 1352/1625/869 1360/1671/869
f 1353/1672/871 1320/1659/871 1354/1662/871 1362/1673/871
f 1355/1674/872 1328/1663/872 1356/1664/872 1364/1675/872
f 1364/1675/873 1356/1664/873 1329/1666/873 1357/1676/873
f 1362/1673/874 1354/1662/874 1330/1668/874 1358/1677/874
f 1367/1678/875 1359/1669/875 1320/1659/875 1353/1672/875
f 1368/1679/876 1360/1671/876 1328/1663/876 1355/1674/876
f 1357/1676/877 1329/1666/877 1359/1669/877 1367/1678/877
f 1358/1677/878 1330/1668/878 1360/1671/878 1368/1679/878
f 1370/1680/879 1373/1681/879 1374/1646/879 1369/1682/879
f 1369/1682/880 1374/1646/880 1371/1644/880 1372/1643/880
f 1323/1649/881 1369/1683/881 1372/1643/881 1317/1642/881
f 1319/1651/882 1373/1684/882 1370/1685/882 1313/1650/882
f 1332/1647/883 1374/1646/883 1373/1681/883 1319/1658/883
f 1313/1650/884 1370/1685/884 1369/1683/884 1323/1649/884
f 1221/1329/885 1063/1331/885 1057/1330/885 1220/1325/885
f 1381/1222/886 1383/1221/886 1384/1686/886
f 1384/1686/887 1383/1221/887 1382/1687/887
f 1385/1201/888 1387/1200/888 1388/1688/888
f 1388/1688/889 1387/1200/889 1386/1689/889
f 1385/1201/558 1388/1690/558 1377/1691/558 1376/1211/558
f 1388/1692/559 1386/1205/559 1375/1204/559 1377/1691/559
f 1378/1210/560 1380/1693/560 1384/1694/560 1382/1202/560
f 1380/1693/561 1379/1214/561 1381/1222/561 1384/1695/561
f 1382/1202/4 1385/1201/4 1376/1211/4 1378/1210/4
usemtl Material.006
f 522/1696/890 524/1697/890 526/1698/890 525/1699/890
f 613/1700/538 646/1701/538 592/1702/538 641/1703/538
f 645/1704/538 613/1700/538 641/1703/538 591/1705/538
f 595/1706/538 643/1707/538 613/1700/538 645/1704/538
f 643/1707/538 596/1708/538 646/1701/538 613/1700/538
f 641/1703/891 592/1702/891 642/1022/891 633/1021/891
f 643/1707/892 595/1706/892 644/1024/892 635/1023/892
f 595/1706/893 645/1704/893 637/1025/893 644/1024/893
f 592/1702/894 646/1701/894 638/1026/894 642/1022/894
f 591/1705/895 641/1703/895 633/1021/895 647/1027/895
f 596/1708/896 643/1707/896 635/1023/896 648/1028/896
f 645/1704/897 591/1705/897 647/1027/897 637/1025/897
f 646/1701/898 596/1708/898 648/1028/898 638/1026/898
f 524/1697/899 522/1696/899 673/81/899 674/80/899
f 525/1699/900 526/1698/900 676/83/900 675/82/900
f 526/1698/901 524/1697/901 674/80/901 676/83/901
f 522/1696/902 525/1699/902 675/82/902 673/81/902
f 1242/1709/890 1245/1710/890 1246/1711/890 1244/1712/890
f 1333/1713/869 1361/1714/869 1312/1715/869 1366/1716/869
f 1365/1717/869 1311/1718/869 1361/1714/869 1333/1713/869
f 1315/1719/869 1365/1717/869 1333/1713/869 1363/1720/869
f 1363/1720/869 1333/1713/869 1366/1716/869 1316/1721/869
f 1361/1714/903 1353/1672/903 1362/1673/903 1312/1715/903
f 1363/1720/904 1355/1674/904 1364/1675/904 1315/1719/904
f 1315/1719/905 1364/1675/905 1357/1676/905 1365/1717/905
f 1312/1715/906 1362/1673/906 1358/1677/906 1366/1716/906
f 1311/1718/907 1367/1678/907 1353/1672/907 1361/1714/907
f 1316/1721/908 1368/1679/908 1355/1674/908 1363/1720/908
f 1365/1717/909 1357/1676/909 1367/1678/909 1311/1718/909
f 1366/1716/910 1358/1677/910 1368/1679/910 1316/1721/910
f 1244/1712/911 1394/153/911 1393/154/911 1242/1709/911
f 1245/1710/912 1395/155/912 1396/156/912 1246/1711/912
f 1246/1711/901 1396/156/901 1394/153/901 1244/1712/901
f 1242/1709/902 1393/154/902 1395/155/902 1245/1710/902
o Cube.001
v -0.287818 1.173641 0.730371
v -0.276710 1.173641 0.750508
v -0.274874 1.678224 0.751606
v -0.285534 1.678224 0.730906
v -0.276710 1.173641 0.691446
v -0.287818 1.173641 0.711582
v -0.285534 1.678224 0.711048
v -0.274874 1.678224 0.690347
v -0.245377 1.173641 0.750508
v -0.234330 1.173641 0.730371
v -0.236614 1.678224 0.730906
v -0.247240 1.678224 0.751606
v -0.234330 1.173641 0.711582
v -0.245377 1.173641 0.691446
v -0.247240 1.678224 0.690347
v -0.236614 1.678224 0.711048
v -0.325103 1.678224 0.778509
v -0.325103 1.678224 0.679157
v -0.197045 1.678224 0.685331
v -0.197045 1.678224 0.767768
v -0.279058 2.269948 0.725381
v -0.272320 2.269948 0.738483
v -0.272320 2.269948 0.703470
v -0.279058 2.269948 0.716572
v -0.243090 2.269948 0.716560
v -0.249801 2.269948 0.703470
v -0.249801 2.269948 0.738483
v -0.243090 2.269948 0.725393
v -0.325103 1.173641 0.679126
v -0.325103 1.173641 0.778552
v -0.197045 1.173641 0.685304
v -0.197045 1.173641 0.767803
v -0.276509 0.977853 0.691446
v -0.287818 0.977853 0.711299
v -0.287818 0.977853 0.730654
v -0.276509 0.977853 0.750508
v -0.234330 0.977853 0.711299
v -0.245565 0.977853 0.691446
v -0.245565 0.977853 0.750508
v -0.234330 0.977853 0.730654
v -0.274875 0.949432 0.691446
v -0.286371 0.945489 0.711094
v -0.286371 0.945489 0.730860
v -0.274875 0.949432 0.750508
v -0.235777 0.962846 0.711094
v -0.247762 0.958734 0.691446
v -0.247762 0.958734 0.750508
v -0.235777 0.962846 0.730860
v -0.255617 0.903084 0.691446
v -0.266012 0.893360 0.710949
v -0.266012 0.893360 0.731005
v -0.255617 0.903084 0.750508
v -0.226950 0.929901 0.710949
v -0.237945 0.919616 0.691446
v -0.237945 0.919616 0.750508
v -0.226950 0.929901 0.731005
v -0.218627 0.868236 0.691446
v -0.226794 0.853377 0.710853
v -0.226794 0.853377 0.731101
v -0.218627 0.868236 0.750508
v -0.201029 0.900251 0.710853
v -0.209621 0.884619 0.691446
v -0.209621 0.884619 0.750508
v -0.201029 0.900251 0.731101
v -0.172862 0.846596 0.691446
v -0.175989 0.827225 0.710798
v -0.175989 0.827225 0.731155
v -0.172862 0.846596 0.750508
v -0.167465 0.880029 0.710798
v -0.170785 0.859463 0.691446
v -0.170785 0.859463 0.750508
v -0.167465 0.880029 0.731155
v -0.131344 0.820018 0.710780
v -0.128115 0.840022 0.691446
v -0.128115 0.840022 0.750508
v -0.131344 0.820018 0.731173
v -0.126235 0.851669 0.691446
v -0.122820 0.872823 0.710780
v -0.122820 0.872823 0.731173
v -0.126235 0.851669 0.750508
v -0.247190 2.269948 0.690347
v -0.236614 2.269948 0.710978
v -0.236614 2.269948 0.730975
v -0.247190 2.269948 0.751606
v -0.274925 2.269948 0.751606
v -0.285534 2.269948 0.730975
v -0.285534 2.269948 0.710978
v -0.274925 2.269948 0.690347
v -0.249801 1.887364 0.703470
v -0.243090 1.887364 0.716560
v -0.243090 1.887364 0.725393
v -0.249801 1.887364 0.738483
v -0.272320 1.887364 0.738483
v -0.279058 1.887364 0.725381
v -0.279058 1.887364 0.716572
v -0.272320 1.887364 0.703470
v -0.321613 1.678224 0.801887
v -0.289147 1.678224 0.850712
v -0.298518 1.678224 0.811006
v -0.309084 1.678224 0.836412
v -0.289147 1.678224 0.591241
v -0.320393 1.678224 0.640747
v -0.298518 1.678224 0.630947
v -0.308727 1.678224 0.605741
v -0.202112 1.678224 0.640940
v -0.232961 1.678224 0.591241
v -0.223592 1.678224 0.630945
v -0.213498 1.678224 0.605798
v -0.232961 1.678224 0.850712
v -0.201396 1.678224 0.801372
v -0.223592 1.678224 0.811008
v -0.213288 1.678224 0.836261
v -0.320347 1.173641 0.640718
v -0.289045 1.173641 0.591241
v -0.299006 1.173641 0.631884
v -0.308641 1.173641 0.605733
v -0.289045 1.173641 0.850712
v -0.321578 1.173641 0.801928
v -0.299006 1.173641 0.810070
v -0.309002 1.173641 0.836424
v -0.233057 1.173641 0.591241
v -0.202159 1.173641 0.640917
v -0.223091 1.173641 0.631889
v -0.213579 1.173641 0.605791
v -0.201436 1.173641 0.801401
v -0.233057 1.173641 0.850712
v -0.223091 1.173641 0.810064
v -0.213367 1.173641 0.836269
v -0.013507 1.396594 0.223489
v -0.013507 1.626735 0.224094
v 0.021928 1.396594 0.238166
v 0.021499 1.626735 0.238594
v 0.036605 1.396594 0.273601
v 0.035999 1.626735 0.273601
v 0.021928 1.396594 0.309035
v 0.021499 1.626735 0.308607
v -0.013507 1.396594 0.323712
v -0.013507 1.626735 0.323107
v -0.048941 1.396594 0.309035
v -0.048513 1.626735 0.308607
v -0.063619 1.396594 0.273601
v -0.063013 1.626735 0.273601
v -0.048941 1.396594 0.238166
v -0.048513 1.626735 0.238594
v -0.013507 1.489475 0.199786
v 0.038688 1.489475 0.221406
v 0.060307 1.489475 0.273601
v 0.038688 1.489475 0.325795
v -0.013507 1.489475 0.347415
v -0.065701 1.489475 0.325795
v -0.087321 1.489475 0.273601
v -0.065701 1.489475 0.221406
v 0.021928 1.446574 0.238166
v 0.036605 1.446574 0.273601
v 0.021928 1.446574 0.309035
v -0.013507 1.446574 0.323712
v -0.048941 1.446574 0.309035
v -0.063619 1.446574 0.273601
v -0.048941 1.446574 0.238166
v -0.013507 1.446574 0.223489
vt 0.702248 0.609520
vt 0.625000 0.590655
vt 0.634893 0.547885
vt 0.676825 0.530947
vt 0.722992 0.577248
vt 0.375000 0.590630
vt 0.625000 0.670084
vt 0.375000 0.670117
vt 0.727992 0.597706
vt 0.771955 0.597706
vt 0.771955 0.597706
vt 0.727992 0.597706
vt 0.375000 0.069526
vt 0.625000 0.069568
vt 0.625000 0.165293
vt 0.375000 0.165323
vt 0.797752 0.609520
vt 0.797752 0.640480
vt 0.797752 0.640588
vt 0.797752 0.609412
vt 0.776940 0.577248
vt 0.823099 0.530949
vt 0.865805 0.547698
vt 0.875000 0.584707
vt 0.776940 0.672752
vt 0.722992 0.672752
vt 0.722894 0.672752
vt 0.777041 0.672752
vt 0.302211 0.608390
vt 0.302211 0.641610
vt 0.302211 0.642110
vt 0.302211 0.607890
vt 0.702248 0.640480
vt 0.702248 0.609412
vt 0.702248 0.640588
vt 0.219475 0.572789
vt 0.280644 0.572789
vt 0.280278 0.572789
vt 0.219867 0.572789
vt 0.197789 0.642110
vt 0.197789 0.607890
vt 0.197789 0.607527
vt 0.197789 0.642473
vt 0.875000 0.680432
vt 0.375000 0.820303
vt 0.625000 0.820117
vt 0.625000 0.929804
vt 0.375000 0.929606
vt 0.375000 0.320394
vt 0.625000 0.320196
vt 0.625000 0.429883
vt 0.375000 0.429697
vt 0.280644 0.677211
vt 0.219475 0.677211
vt 0.219867 0.677211
vt 0.280278 0.677211
vt 0.777041 0.577248
vt 0.722894 0.577248
vt 0.197789 0.608390
vt 0.197789 0.641610
vt 0.125000 0.680474
vt 0.125000 0.584677
vt 0.197789 0.607271
vt 0.197789 0.642729
vt 0.175947 0.720477
vt 0.131883 0.702997
vt 0.324151 0.529527
vt 0.365017 0.547862
vt 0.221515 0.572789
vt 0.277476 0.572789
vt 0.272820 0.572789
vt 0.225576 0.572789
vt 0.302211 0.642473
vt 0.302211 0.607527
vt 0.221515 0.677211
vt 0.277476 0.677211
vt 0.302211 0.607270
vt 0.302211 0.642730
vt 0.302211 0.642899
vt 0.302211 0.607101
vt 0.225576 0.677211
vt 0.272820 0.677211
vt 0.197789 0.607101
vt 0.197789 0.642899
vt 0.197789 0.642996
vt 0.197789 0.607004
vt 0.197789 0.606973
vt 0.197789 0.643027
vt 0.230890 0.677211
vt 0.267387 0.677211
vt 0.267387 0.572789
vt 0.230890 0.572789
vt 0.302211 0.607004
vt 0.302211 0.642996
vt 0.302211 0.643027
vt 0.302211 0.606973
vt 0.261540 0.572789
vt 0.236095 0.572789
vt 0.236095 0.677211
vt 0.261540 0.677211
vt 0.237347 0.677211
vt 0.260379 0.677211
vt 0.237347 0.572789
vt 0.260379 0.572789
vt 0.868185 0.702957
vt 0.823099 0.719051
vt 0.695117 0.500000
vt 0.804804 0.500000
vt 0.676825 0.719053
vt 0.633495 0.702460
vt 0.134285 0.547671
vt 0.175947 0.529523
vt 0.804804 0.750000
vt 0.695117 0.750000
vt 0.625000 0.211497
vt 0.375000 0.211614
vt 0.375000 0.537880
vt 0.625000 0.537992
vt 0.625000 0.710955
vt 0.375000 0.711062
vt 0.195394 0.500000
vt 0.304697 0.500000
vt 0.324151 0.720473
vt 0.304697 0.750000
vt 0.195394 0.750000
vt 0.366427 0.702489
vt 0.714891 0.618114
vt 0.714891 0.631886
vt 0.727992 0.652294
vt 0.771955 0.652294
vt 0.785109 0.631867
vt 0.785109 0.618133
vt 0.714891 0.618114
vt 0.785109 0.618133
vt 0.785109 0.631867
vt 0.771955 0.652294
vt 0.727992 0.652294
vt 0.714891 0.631886
vt 0.624996 1.009903
vt 0.624999 0.985393
vt 0.624998 0.996386
vt 0.624961 0.978953
vt 0.842821 0.511166
vt 0.835316 0.518694
vt 0.625000 0.492410
vt 0.625000 0.515401
vt 0.624963 0.479032
vt 0.657006 0.738929
vt 0.664283 0.731632
vt 0.156946 0.510636
vt 0.164195 0.517841
vt 0.375000 0.968566
vt 0.375000 0.949053
vt 0.375000 0.978754
vt 0.375000 0.467722
vt 0.375000 0.449151
vt 0.375000 0.478846
vt 0.343237 0.739451
vt 0.335905 0.732161
vt 0.624992 0.978953
vt 0.375000 0.978754
vt 0.374996 1.009911
vt 0.375000 0.271246
vt 0.624991 0.271047
vt 0.624992 0.479032
vt 0.375000 0.478846
vt 0.375000 0.771155
vt 0.624992 0.770968
vt 0.624994 1.024722
vt 0.374994 1.024840
vt 1.000000 0.706349
vt 1.000000 1.000000
vt 0.875000 1.000000
vt 0.875000 0.706349
vt 0.750000 1.000000
vt 0.750000 0.706349
vt 0.625000 1.000000
vt 0.625000 0.706349
vt 0.500000 1.000000
vt 0.500000 0.706349
vt 0.375000 1.000000
vt 0.375000 0.706349
vt 0.250000 1.000000
vt 0.250000 0.706349
vt 0.419706 0.419706
vt 0.250000 0.490000
vt 0.080294 0.419706
vt 0.010000 0.250000
vt 0.080294 0.080294
vt 0.250000 0.010000
vt 0.419706 0.080294
vt 0.490000 0.250000
vt 0.125000 1.000000
vt 0.125000 0.706349
vt 0.000000 1.000000
vt 0.000000 0.706349
vt 0.750000 0.490000
vt 0.919706 0.419706
vt 0.990000 0.250000
vt 0.919706 0.080294
vt 0.750000 0.010000
vt 0.580294 0.080294
vt 0.510000 0.250000
vt 0.580294 0.419706
vt 0.125000 0.603175
vt 0.000000 0.603175
vt 0.250000 0.603175
vt 0.375000 0.603175
vt 0.500000 0.603175
vt 0.625000 0.603175
vt 0.750000 0.603175
vt 0.875000 0.603175
vt 1.000000 0.603175
vt 1.000000 0.500000
vt 0.875000 0.500000
vt 0.750000 0.500000
vt 0.625000 0.500000
vt 0.500000 0.500000
vt 0.375000 0.500000
vt 0.250000 0.500000
vt 0.125000 0.500000
vt 0.000000 0.500000
vn 0.0000 1.0000 -0.0000
vn 1.0000 -0.0000 0.0000
vn 0.0000 0.0000 1.0000
vn -1.0000 -0.0000 0.0000
vn 0.0000 0.0000 -1.0000
vn -0.9990 -0.0447 0.0000
vn 0.0000 -1.0000 0.0000
vn -0.9315 -0.3638 0.0000
vn 0.9954 -0.0960 0.0000
vn 0.7529 0.6582 0.0000
vn 0.9659 0.2588 0.0000
vn -0.7139 -0.7002 0.0000
vn -0.1594 -0.9872 0.0000
vn -0.4577 -0.8891 0.0000
vn 0.1594 0.9872 0.0000
vn 0.5161 0.8565 0.0000
vn 0.9872 -0.1594 -0.0000
vn -0.9925 -0.0000 -0.1223
vn 0.9935 -0.0000 -0.1139
vn 0.9916 -0.0000 0.1290
vn 0.8898 -0.0001 -0.4564
vn 0.8898 -0.0001 0.4564
vn -0.8892 -0.0001 0.4576
vn -0.8892 -0.0001 -0.4576
vn -0.8723 -0.0001 0.4890
vn 0.8735 -0.0001 0.4867
vn 0.8735 -0.0001 -0.4867
vn -0.8723 -0.0001 -0.4890
vn 0.8627 -0.0891 0.4978
vn 0.8627 -0.0891 -0.4978
vn -0.8634 -0.0421 -0.5027
vn -0.8634 -0.0421 0.5027
vn -0.7785 -0.3124 -0.5443
vn -0.7785 -0.3124 0.5443
vn 0.8075 0.2100 0.5512
vn 0.8075 0.2100 -0.5512
vn -0.5515 -0.5609 0.6175
vn 0.5937 0.4991 0.6313
vn 0.5937 0.4991 -0.6313
vn -0.5515 -0.5609 -0.6175
vn 0.3837 0.6131 0.6905
vn 0.3837 0.6131 -0.6905
vn -0.3266 -0.6592 -0.6773
vn -0.3266 -0.6592 0.6773
vn -0.1062 -0.6881 0.7178
vn 0.1118 0.6659 0.7376
vn 0.1118 0.6659 -0.7376
vn -0.1062 -0.6881 -0.7178
vn 0.8893 0.0000 -0.4573
vn -0.8899 0.0000 0.4562
vn 0.8893 0.0000 0.4573
vn -0.8899 0.0000 -0.4562
vn -0.5825 -0.0001 0.8128
vn -0.9398 -0.0001 0.3418
vn -0.5949 -0.0001 -0.8038
vn -0.9485 -0.0001 -0.3167
vn 0.5987 -0.0001 -0.8010
vn 0.9512 -0.0001 -0.3087
vn 0.5917 -0.0001 0.8061
vn 0.9463 -0.0001 0.3232
vn -0.9889 -0.0000 0.1484
vn 0.3777 0.1615 -0.9118
vn 0.9118 0.1615 -0.3777
vn 0.9118 0.1615 0.3777
vn 0.3777 0.1615 0.9118
vn -0.3777 0.1615 0.9118
vn -0.9118 0.1615 0.3777
vn -0.9118 0.1615 -0.3777
vn -0.3777 0.1615 -0.9118
vn -0.3408 -0.4546 -0.8229
vn -0.8229 -0.4546 -0.3408
vn -0.8229 -0.4546 0.3408
vn -0.3408 -0.4546 0.8229
vn 0.3409 -0.4546 0.8229
vn 0.8229 -0.4546 0.3408
vn 0.8229 -0.4546 -0.3408
vn 0.3408 -0.4546 -0.8229
vn 0.3827 0.0000 -0.9239
vn 0.9239 0.0000 -0.3827
vn 0.9239 0.0000 0.3827
vn 0.3827 0.0000 0.9239
vn -0.3827 0.0000 0.9239
vn -0.9239 0.0000 0.3827
vn -0.9239 0.0000 -0.3827
vn -0.3827 0.0000 -0.9239
usemtl Material.005
s off
f 1412/1722/913 1415/1723/913 1501/1724/913 1503/1725/913 1411/1726/913
f 1427/1727/914 1415/1723/914 1416/1728/914 1428/1729/914
f 1422/1730/915 1419/1731/915 1492/1732/915 1485/1733/915
f 1426/1734/916 1413/1735/916 1414/1736/916 1425/1737/916
f 1403/1738/916 1400/1739/916 1482/1740/916 1483/1741/916
f 1404/1742/913 1499/1743/913 1498/1744/913 1414/1745/913 1403/1738/913
f 1399/1746/915 1408/1747/915 1480/1748/915 1481/1749/915
f 1409/1750/914 1406/1751/914 1436/1752/914 1433/1753/914
f 1407/1754/914 1412/1722/914 1478/1755/914 1479/1756/914
f 1401/1757/917 1410/1758/917 1434/1759/917 1429/1760/917
f 1431/1761/918 1430/1762/918 1438/1763/918 1439/1764/918
f 1400/1739/913 1403/1738/913 1414/1745/913 1413/1765/913
f 1522/1766/915 1505/1767/915 1494/1768/915 1513/1769/915
f 1510/1770/917 1497/1771/917 1502/1772/917 1517/1773/917
f 1405/1774/915 1398/1775/915 1432/1776/915 1435/1777/915
f 1411/1726/917 1404/1742/917 1484/1778/917 1477/1779/917
f 1412/1722/913 1407/1754/913 1416/1728/913 1415/1723/913
f 1402/1780/919 1397/1781/919 1426/1782/919 1425/1783/919
f 1439/1764/920 1438/1763/920 1446/1784/920 1447/1785/920
f 1398/1775/919 1515/1786/919 1514/1787/919 1426/1782/919 1397/1781/919
f 1406/1751/919 1409/1750/919 1427/1727/919 1428/1729/919
f 1427/1727/919 1409/1750/919 1410/1758/919 1519/1788/919 1518/1789/919
f 1437/1790/917 1442/1791/917 1450/1792/917 1445/1793/917
f 1429/1760/917 1434/1759/917 1442/1791/917 1437/1790/917
f 1433/1753/921 1436/1752/921 1444/1794/921 1441/1795/921
f 1435/1777/915 1432/1776/915 1440/1796/915 1443/1797/915
f 1449/1798/922 1452/1799/922 1460/1800/922 1457/1801/922
f 1441/1795/923 1444/1794/923 1452/1799/923 1449/1798/923
f 1443/1797/915 1440/1796/915 1448/1802/915 1451/1803/915
f 1447/1785/924 1446/1784/924 1454/1804/924 1455/1805/924
f 1463/1806/925 1462/1807/925 1469/1808/925 1472/1809/925
f 1451/1803/915 1448/1802/915 1456/1810/915 1459/1811/915
f 1455/1805/926 1454/1804/926 1462/1807/926 1463/1806/926
f 1445/1793/917 1450/1792/917 1458/1812/917 1453/1813/917
f 1465/1814/927 1468/1815/927 1475/1816/927 1474/1817/927
f 1453/1813/917 1458/1812/917 1466/1818/917 1461/1819/917
f 1457/1801/928 1460/1800/928 1468/1815/928 1465/1814/928
f 1459/1811/915 1456/1810/915 1464/1820/915 1467/1821/915
f 1467/1821/915 1464/1820/915 1471/1822/915 1476/1823/915
f 1469/1808/929 1470/1824/929 1473/1825/929 1474/1817/929 1475/1816/929 1476/1823/929 1471/1822/929 1472/1809/929
f 1461/1819/917 1466/1818/917 1473/1825/917 1470/1824/917
f 1493/1826/913 1495/1827/913 1399/1746/913 1400/1739/913 1413/1765/913
f 1404/1742/913 1411/1726/913 1503/1725/913 1502/1828/913 1497/1829/913 1499/1743/913
f 1408/1747/913 1507/1830/913 1506/1831/913 1416/1728/913 1407/1754/913
f 1509/1832/919 1511/1833/919 1401/1757/919 1402/1780/919 1425/1783/919
f 1408/1747/913 1399/1746/913 1495/1827/913 1494/1834/913 1505/1835/913 1507/1830/913
f 1498/1836/930 1509/1837/930 1425/1737/930 1414/1736/930
f 1415/1723/931 1427/1727/931 1518/1838/931 1501/1839/931
f 1506/1840/932 1521/1841/932 1428/1729/932 1416/1728/932
f 1411/1726/933 1477/1779/933 1478/1755/933 1412/1722/933
f 1480/1748/934 1408/1747/934 1407/1754/934 1479/1756/934
f 1399/1746/935 1481/1749/935 1482/1740/935 1400/1739/935
f 1484/1778/936 1404/1742/936 1403/1738/936 1483/1741/936
f 1410/1758/919 1401/1757/919 1511/1833/919 1510/1842/919 1517/1843/919 1519/1788/919
f 1398/1775/919 1405/1774/919 1523/1844/919 1522/1845/919 1513/1846/919 1515/1786/919
f 1521/1847/919 1523/1844/919 1405/1774/919 1406/1751/919 1428/1729/919
f 1397/1781/937 1431/1761/937 1432/1776/937 1398/1775/937
f 1436/1752/938 1406/1751/938 1405/1774/938 1435/1777/938
f 1409/1750/939 1433/1753/939 1434/1759/939 1410/1758/939
f 1430/1762/940 1402/1780/940 1401/1757/940 1429/1760/940
f 1435/1777/941 1443/1797/941 1444/1794/941 1436/1752/941
f 1442/1791/942 1434/1759/942 1433/1753/942 1441/1795/942
f 1429/1760/943 1437/1790/943 1438/1763/943 1430/1762/943
f 1440/1796/944 1432/1776/944 1431/1761/944 1439/1764/944
f 1437/1790/945 1445/1793/945 1446/1784/945 1438/1763/945
f 1448/1802/946 1440/1796/946 1439/1764/946 1447/1785/946
f 1452/1799/947 1444/1794/947 1443/1797/947 1451/1803/947
f 1441/1795/948 1449/1798/948 1450/1792/948 1442/1791/948
f 1447/1785/949 1455/1805/949 1456/1810/949 1448/1802/949
f 1460/1800/950 1452/1799/950 1451/1803/950 1459/1811/950
f 1449/1798/951 1457/1801/951 1458/1812/951 1450/1792/951
f 1454/1804/952 1446/1784/952 1445/1793/952 1453/1813/952
f 1459/1811/953 1467/1821/953 1468/1815/953 1460/1800/953
f 1466/1818/954 1458/1812/954 1457/1801/954 1465/1814/954
f 1453/1813/955 1461/1819/955 1462/1807/955 1454/1804/955
f 1464/1820/956 1456/1810/956 1455/1805/956 1463/1806/956
f 1463/1806/957 1472/1809/957 1471/1822/957 1464/1820/957
f 1475/1816/958 1468/1815/958 1467/1821/958 1476/1823/958
f 1465/1814/959 1474/1817/959 1473/1825/959 1466/1818/959
f 1469/1808/960 1462/1807/960 1461/1819/960 1470/1824/960
f 1397/1781/916 1402/1780/916 1430/1762/916 1431/1761/916
f 1422/1730/913 1421/1848/913 1478/1755/913 1477/1779/913
f 1424/1849/913 1423/1850/913 1480/1748/913 1479/1756/913
f 1418/1851/913 1417/1852/913 1482/1740/913 1481/1749/913
f 1420/1853/913 1419/1731/913 1484/1778/913 1483/1741/913
f 1417/1852/913 1420/1853/913 1483/1741/913 1482/1740/913
f 1423/1850/913 1418/1851/913 1481/1749/913 1480/1748/913
f 1419/1731/913 1422/1730/913 1477/1779/913 1484/1778/913
f 1421/1848/913 1424/1849/913 1479/1756/913 1478/1755/913
f 1486/1854/913 1485/1733/913 1492/1732/913 1491/1855/913 1490/1856/913 1489/1857/913 1488/1858/913 1487/1859/913
f 1420/1853/914 1417/1852/914 1490/1856/914 1491/1855/914
f 1417/1852/961 1418/1851/961 1489/1857/961 1490/1856/961
f 1421/1848/962 1422/1730/962 1485/1733/962 1486/1854/962
f 1424/1849/916 1421/1848/916 1486/1854/916 1487/1859/916
f 1418/1851/917 1423/1850/917 1488/1858/917 1489/1857/917
f 1419/1731/963 1420/1853/963 1491/1855/963 1492/1732/963
f 1423/1850/964 1424/1849/964 1487/1859/964 1488/1858/964
f 1493/1860/913 1496/1861/913 1495/1862/913
f 1496/1861/913 1494/1863/913 1495/1862/913
f 1497/1829/913 1500/1864/913 1499/1743/913
f 1500/1864/913 1498/1865/913 1499/1743/913
f 1501/1839/913 1504/1866/913 1503/1867/913
f 1504/1866/913 1502/1868/913 1503/1867/913
f 1505/1835/913 1508/1869/913 1507/1830/913
f 1508/1869/913 1506/1870/913 1507/1830/913
f 1509/1832/919 1512/1871/919 1511/1833/919
f 1512/1871/919 1510/1872/919 1511/1833/919
f 1513/1769/919 1516/1873/919 1515/1874/919
f 1516/1873/919 1514/1875/919 1515/1874/919
f 1517/1773/919 1520/1876/919 1519/1877/919
f 1520/1876/919 1518/1878/919 1519/1877/919
f 1521/1847/919 1524/1879/919 1523/1844/919
f 1524/1879/919 1522/1880/919 1523/1844/919
f 1513/1769/965 1494/1768/965 1496/1881/965 1516/1882/965
f 1516/1882/966 1496/1881/966 1493/1860/966 1514/1883/966
f 1497/1771/967 1510/1770/967 1512/1884/967 1500/1885/967
f 1500/1885/968 1512/1884/968 1509/1837/968 1498/1836/968
f 1517/1773/969 1502/1772/969 1504/1886/969 1520/1887/969
f 1520/1887/970 1504/1886/970 1501/1839/970 1518/1838/970
f 1505/1767/971 1522/1766/971 1524/1888/971 1508/1889/971
f 1508/1889/972 1524/1888/972 1521/1841/972 1506/1840/972
f 1514/1883/973 1493/1860/973 1413/1890/973 1426/1891/973
f 1541/1892/974 1526/1893/974 1528/1894/974 1542/1895/974
f 1542/1895/975 1528/1894/975 1530/1896/975 1543/1897/975
f 1543/1897/976 1530/1896/976 1532/1898/976 1544/1899/976
f 1544/1899/977 1532/1898/977 1534/1900/977 1545/1901/977
f 1545/1901/978 1534/1900/978 1536/1902/978 1546/1903/978
f 1546/1903/979 1536/1902/979 1538/1904/979 1547/1905/979
f 1528/1906/913 1526/1907/913 1540/1908/913 1538/1909/913 1536/1910/913 1534/1911/913 1532/1912/913 1530/1913/913
f 1547/1905/980 1538/1904/980 1540/1914/980 1548/1915/980
f 1548/1915/981 1540/1914/981 1526/1916/981 1541/1917/981
f 1525/1918/919 1527/1919/919 1529/1920/919 1531/1921/919 1533/1922/919 1535/1923/919 1537/1924/919 1539/1925/919
f 1555/1926/982 1548/1915/982 1541/1917/982 1556/1927/982
f 1554/1928/983 1547/1905/983 1548/1915/983 1555/1926/983
f 1553/1929/984 1546/1903/984 1547/1905/984 1554/1928/984
f 1552/1930/985 1545/1901/985 1546/1903/985 1553/1929/985
f 1551/1931/986 1544/1899/986 1545/1901/986 1552/1930/986
f 1550/1932/987 1543/1897/987 1544/1899/987 1551/1931/987
f 1549/1933/988 1542/1895/988 1543/1897/988 1550/1932/988
f 1556/1934/989 1541/1892/989 1542/1895/989 1549/1933/989
f 1525/1935/990 1556/1934/990 1549/1933/990 1527/1936/990
f 1527/1936/991 1549/1933/991 1550/1932/991 1529/1937/991
f 1529/1937/992 1550/1932/992 1551/1931/992 1531/1938/992
f 1531/1938/993 1551/1931/993 1552/1930/993 1533/1939/993
f 1533/1939/994 1552/1930/994 1553/1929/994 1535/1940/994
f 1535/1940/995 1553/1929/995 1554/1928/995 1537/1941/995
f 1537/1941/996 1554/1928/996 1555/1926/996 1539/1942/996
f 1539/1942/997 1555/1926/997 1556/1927/997 1525/1943/997
o Cube.002
v -0.833903 0.668158 -0.994185
v -0.833903 0.694270 -0.988991
v -0.833903 0.716406 -0.974200
v -0.833903 0.731197 -0.952063
v -0.833903 0.736391 -0.925952
v -0.833903 0.731197 -0.899840
v -0.833903 0.716406 -0.877704
v -0.833903 0.694270 -0.862913
v -0.833903 0.668158 -0.857719
v -0.833903 0.642047 -0.862913
v -0.833903 0.619910 -0.877704
v -0.833903 0.605119 -0.899840
v -0.833903 0.599925 -0.925952
v -0.833903 0.605119 -0.952064
v -0.833903 0.619910 -0.974200
v -0.833903 0.642047 -0.988991
v -0.739120 0.818626 -1.289213
v -0.739120 0.668158 -1.319143
v -0.739120 0.946186 -1.203980
v -0.739120 1.031419 -1.076419
v -0.739120 1.061349 -0.925952
v -0.739120 1.031419 -0.775484
v -0.739120 0.946186 -0.647924
v -0.739120 0.818626 -0.562691
v -0.739120 0.668158 -0.532761
v -0.739120 0.517691 -0.562691
v -0.739120 0.390130 -0.647924
v -0.739120 0.304897 -0.775484
v -0.739120 0.274967 -0.925952
v -0.739120 0.304897 -1.076419
v -0.739120 0.390131 -1.203980
v -0.739120 0.517691 -1.289213
v -0.811030 0.749673 -1.122745
v -0.811030 0.668158 -1.138959
v -0.811030 0.818777 -1.076571
v -0.811030 0.864951 -1.007466
v -0.811030 0.881166 -0.925952
v -0.811030 0.864951 -0.844437
v -0.811030 0.818777 -0.775333
v -0.811030 0.749673 -0.729159
v -0.811030 0.668158 -0.712944
v -0.811030 0.586644 -0.729159
v -0.811030 0.517539 -0.775333
v -0.811030 0.471365 -0.844437
v -0.811030 0.455151 -0.925952
v -0.811030 0.471365 -1.007466
v -0.811030 0.517539 -1.076571
v -0.811030 0.586644 -1.122745
v -0.800899 0.729335 -1.073644
v -0.800899 0.668158 -1.085813
v -0.800899 0.781197 -1.038991
v -0.800899 0.815851 -0.987128
v -0.800899 0.828020 -0.925952
v -0.800899 0.815851 -0.864775
v -0.800899 0.781197 -0.812913
v -0.800899 0.729335 -0.778259
v -0.800899 0.668158 -0.766090
v -0.800899 0.606982 -0.778259
v -0.800899 0.555119 -0.812913
v -0.800899 0.520466 -0.864775
v -0.800899 0.508297 -0.925952
v -0.800899 0.520466 -0.987128
v -0.800899 0.555119 -1.038991
v -0.800899 0.606982 -1.073645
v -0.553151 0.668158 -1.570208
v -0.485882 0.668158 -1.501622
v -0.505585 0.668158 -1.550120
v -0.485882 0.888458 -1.457802
v -0.553151 0.914705 -1.521167
v -0.505585 0.907017 -1.502608
v -0.485882 1.075219 -1.333012
v -0.553151 1.123717 -1.381510
v -0.505585 1.109512 -1.367305
v -0.485882 1.200008 -1.146251
v -0.553151 1.263374 -1.172498
v -0.505585 1.244815 -1.164811
v -0.485882 1.243829 -0.925952
v -0.553151 1.312415 -0.925952
v -0.505585 1.292326 -0.925952
v -0.485882 1.200008 -0.705652
v -0.553151 1.263374 -0.679405
v -0.505585 1.244815 -0.687093
v -0.485882 1.075219 -0.518891
v -0.553151 1.123717 -0.470393
v -0.505585 1.109512 -0.484598
v -0.485882 0.888458 -0.394102
v -0.553151 0.914705 -0.330736
v -0.505585 0.907017 -0.349296
v -0.485882 0.668158 -0.350282
v -0.553151 0.668158 -0.281695
v -0.505585 0.668158 -0.301783
v -0.485882 0.447859 -0.394102
v -0.553151 0.421612 -0.330736
v -0.505585 0.429300 -0.349295
v -0.485882 0.261098 -0.518891
v -0.553151 0.212600 -0.470393
v -0.505585 0.226805 -0.484598
v -0.485882 0.136308 -0.705652
v -0.553151 0.072943 -0.679405
v -0.505585 0.091502 -0.687093
v -0.485882 0.092488 -0.925952
v -0.553151 0.023902 -0.925952
v -0.505585 0.043990 -0.925952
v -0.485882 0.136308 -1.146251
v -0.553151 0.072943 -1.172498
v -0.505585 0.091502 -1.164811
v -0.485882 0.261098 -1.333012
v -0.553151 0.212600 -1.381510
v -0.505585 0.226805 -1.367306
v -0.485882 0.447859 -1.457802
v -0.553151 0.421612 -1.521167
v -0.505585 0.429300 -1.502608
v -0.762692 0.950223 -1.505181
v -0.829960 0.888458 -1.457802
v -0.810258 0.907017 -1.502608
v -0.829960 0.668158 -1.501622
v -0.762692 0.707090 -1.569031
v -0.810258 0.668158 -1.550120
v -0.762692 1.150413 -1.353148
v -0.829960 1.075219 -1.333012
v -0.810258 1.109512 -1.367305
v -0.762692 1.277185 -1.136079
v -0.829960 1.200008 -1.146251
v -0.810258 1.244814 -1.164811
v -0.762692 1.311238 -0.887020
v -0.829960 1.243829 -0.925952
v -0.810258 1.292326 -0.925952
v -0.762692 1.247387 -0.643887
v -0.829960 1.200008 -0.705652
v -0.810258 1.244814 -0.687093
v -0.762692 1.095355 -0.443697
v -0.829960 1.075219 -0.518891
v -0.810258 1.109512 -0.484598
v -0.762692 0.878286 -0.316925
v -0.829960 0.888458 -0.394102
v -0.810258 0.907017 -0.349296
v -0.762692 0.629226 -0.282872
v -0.829960 0.668158 -0.350282
v -0.810258 0.668158 -0.301783
v -0.762692 0.386094 -0.346722
v -0.829960 0.447859 -0.394102
v -0.810258 0.429300 -0.349295
v -0.762692 0.185903 -0.498755
v -0.829960 0.261098 -0.518891
v -0.810258 0.226805 -0.484598
v -0.762692 0.059132 -0.715824
v -0.829961 0.136308 -0.705652
v -0.810258 0.091502 -0.687093
v -0.762692 0.025079 -0.964884
v -0.829961 0.092488 -0.925952
v -0.810258 0.043990 -0.925952
v -0.762692 0.088929 -1.208016
v -0.829961 0.136308 -1.146251
v -0.810258 0.091502 -1.164811
v -0.762692 0.240962 -1.408207
v -0.829960 0.261098 -1.333012
v -0.810258 0.226805 -1.367306
v -0.762692 0.458031 -1.534978
v -0.829960 0.447859 -1.457802
v -0.810258 0.429300 -1.502608
v -0.829960 0.838615 -1.337471
v -0.803431 0.823245 -1.300365
v -0.803427 0.668158 -1.331213
v -0.829960 0.668158 -1.371706
v -0.829960 0.982596 -1.240389
v -0.803440 0.954723 -1.212517
v -0.829960 1.078400 -1.095880
v -0.803451 1.042575 -1.081040
v -0.829960 1.111984 -0.925952
v -0.803456 1.073425 -0.925952
v -0.829960 1.078400 -0.756024
v -0.803451 1.042575 -0.770863
v -0.829960 0.982596 -0.611514
v -0.803440 0.954723 -0.639387
v -0.829960 0.838615 -0.514433
v -0.803431 0.823245 -0.551538
v -0.829960 0.668158 -0.480197
v -0.803427 0.668158 -0.520690
v -0.829960 0.497702 -0.514433
v -0.803431 0.513071 -0.551538
v -0.829960 0.353721 -0.611514
v -0.803440 0.381594 -0.639387
v -0.829960 0.257916 -0.756024
v -0.803451 0.293741 -0.770863
v -0.829960 0.224333 -0.925952
v -0.803456 0.262891 -0.925952
v -0.829960 0.257916 -1.095880
v -0.803451 0.293741 -1.081040
v -0.829960 0.353721 -1.240390
v -0.803440 0.381594 -1.212517
v -0.829960 0.497702 -1.337471
v -0.803431 0.513071 -1.300365
v -0.657921 0.468663 -1.538543
v -0.657921 0.718277 -1.568256
v -0.657921 0.960261 -1.500184
v -0.657921 1.157775 -1.344690
v -0.657921 1.280750 -1.125448
v -0.657921 1.310463 -0.875833
v -0.657921 1.242391 -0.633849
v -0.657921 1.086897 -0.436335
v -0.657921 0.867654 -0.313360
v -0.657921 0.618040 -0.283647
v -0.657921 0.376056 -0.351719
v -0.657921 0.178541 -0.507213
v -0.657921 0.055567 -0.726456
v -0.657921 0.025854 -0.976070
v -0.657921 0.093926 -1.218055
v -0.657921 0.249420 -1.415569
v -0.829960 0.778308 -1.479712
v -0.810258 0.787588 -1.526364
v -0.762692 0.828657 -1.537106
v -0.829960 0.981838 -1.395407
v -0.810258 1.008265 -1.434957
v -0.762692 1.050318 -1.429165
v -0.829960 1.137613 -1.239632
v -0.810258 1.177163 -1.266058
v -0.762692 1.213799 -1.244614
v -0.829960 1.221918 -1.036101
v -0.810258 1.268570 -1.045381
v -0.762692 1.294211 -1.011549
v -0.829960 1.221918 -0.815802
v -0.810258 1.268570 -0.806522
v -0.762692 1.279313 -0.765453
v -0.829960 1.137613 -0.612272
v -0.810258 1.177163 -0.585845
v -0.762692 1.171371 -0.543792
v -0.829960 0.981838 -0.456497
v -0.810258 1.008265 -0.416947
v -0.762692 0.986820 -0.380311
v -0.829960 0.778308 -0.372192
v -0.810258 0.787588 -0.325539
v -0.762692 0.753756 -0.299899
v -0.829960 0.558009 -0.372192
v -0.810258 0.548729 -0.325539
v -0.762692 0.507660 -0.314797
v -0.829960 0.354479 -0.456497
v -0.810258 0.328052 -0.416947
v -0.762692 0.285999 -0.422739
v -0.829960 0.198703 -0.612272
v -0.810258 0.159154 -0.585845
v -0.762692 0.122518 -0.607290
v -0.829961 0.114398 -0.815802
v -0.810258 0.067746 -0.806522
v -0.762692 0.042105 -0.840354
v -0.829961 0.114398 -1.036102
v -0.810258 0.067746 -1.045381
v -0.762692 0.057004 -1.086450
v -0.829960 0.198703 -1.239632
v -0.810258 0.159153 -1.266058
v -0.762692 0.164945 -1.308112
v -0.829960 0.354479 -1.395407
v -0.810258 0.328052 -1.434957
v -0.762692 0.349497 -1.471593
v -0.829960 0.558009 -1.479712
v -0.810258 0.548729 -1.526364
v -0.762692 0.582561 -1.552005
v -0.553151 0.791431 -1.545688
v -0.505585 0.787588 -1.526364
v -0.485882 0.778308 -1.479712
v -0.553151 1.019211 -1.451339
v -0.505585 1.008265 -1.434957
v -0.485882 0.981838 -1.395407
v -0.553151 1.193545 -1.277004
v -0.505585 1.177163 -1.266058
v -0.485882 1.137613 -1.239632
v -0.553151 1.287894 -1.049225
v -0.505585 1.268571 -1.045381
v -0.485882 1.221918 -1.036101
v -0.553151 1.287894 -0.802679
v -0.505585 1.268571 -0.806522
v -0.485882 1.221918 -0.815802
v -0.553151 1.193545 -0.574899
v -0.505585 1.177163 -0.585846
v -0.485882 1.137613 -0.612272
v -0.553151 1.019211 -0.400565
v -0.505585 1.008265 -0.416947
v -0.485882 0.981838 -0.456497
v -0.553151 0.791432 -0.306216
v -0.505585 0.787588 -0.325539
v -0.485882 0.778308 -0.372192
v -0.553151 0.544885 -0.306215
v -0.505585 0.548729 -0.325539
v -0.485882 0.558009 -0.372192
v -0.553151 0.317106 -0.400565
v -0.505585 0.328052 -0.416947
v -0.485882 0.354479 -0.456497
v -0.553151 0.142771 -0.574899
v -0.505585 0.159154 -0.585845
v -0.485882 0.198703 -0.612272
v -0.553151 0.048422 -0.802678
v -0.505585 0.067746 -0.806522
v -0.485882 0.114398 -0.815802
v -0.553151 0.048422 -1.049225
v -0.505585 0.067746 -1.045381
v -0.485882 0.114398 -1.036102
v -0.553151 0.142771 -1.277004
v -0.505585 0.159154 -1.266058
v -0.485882 0.198703 -1.239632
v -0.553151 0.317106 -1.451339
v -0.505585 0.328052 -1.434957
v -0.485882 0.354479 -1.395407
v -0.553151 0.544885 -1.545688
v -0.505585 0.548729 -1.526364
v -0.485882 0.558009 -1.479712
v -0.605536 0.421612 -1.521167
v -0.710307 0.693700 -1.569702
v -0.710307 0.938108 -1.510925
v -0.710307 1.141419 -1.363091
v -0.710307 1.272680 -1.148707
v -0.710307 1.311908 -0.900410
v -0.710307 1.253132 -0.656002
v -0.710307 1.105298 -0.452691
v -0.710307 0.890914 -0.321430
v -0.710307 0.642617 -0.282201
v -0.710307 0.398208 -0.340978
v -0.710307 0.194898 -0.488812
v -0.710307 0.063636 -0.703196
v -0.710307 0.024408 -0.951493
v -0.710307 0.083185 -1.195902
v -0.710307 0.231019 -1.399213
v -0.710307 0.445403 -1.530474
v -0.605536 0.668158 -1.570208
v -0.605536 0.914705 -1.521167
v -0.605536 1.123717 -1.381510
v -0.605536 1.263374 -1.172498
v -0.605536 1.312415 -0.925952
v -0.605536 1.263374 -0.679405
v -0.605536 1.123717 -0.470393
v -0.605536 0.914705 -0.330736
v -0.605536 0.668158 -0.281695
v -0.605536 0.421612 -0.330736
v -0.605536 0.212600 -0.470393
v -0.605536 0.072943 -0.679405
v -0.605536 0.023902 -0.925952
v -0.605536 0.072943 -1.172498
v -0.605536 0.212600 -1.381510
v -0.657921 0.593470 -1.553400
v -0.657921 1.295606 -1.000640
v -0.657921 0.117054 -0.616834
v -0.657921 1.219262 -1.235069
v -0.657921 0.277299 -0.429466
v -0.657921 0.839269 -1.534220
v -0.657921 1.059018 -1.422437
v -0.657921 0.497048 -0.317683
v -0.657921 0.742847 -0.298504
v -0.657921 0.359041 -1.477056
v -0.657921 0.977275 -0.374848
v -0.657921 0.171673 -1.316812
v -0.657921 1.164644 -0.535092
v -0.657921 0.059890 -1.097062
v -0.657921 1.276427 -0.754841
v -0.657921 0.040710 -0.851263
v -0.710307 0.044022 -0.827345
v -0.710307 1.282520 -0.778206
v -0.710307 0.053796 -1.073697
v -0.710307 1.179215 -0.554346
v -0.710307 0.157102 -1.297557
v -0.710307 0.998106 -0.387060
v -0.710307 0.338211 -1.464843
v -0.710307 0.766765 -0.301816
v -0.710307 0.520413 -0.311590
v -0.710307 1.039764 -1.437008
v -0.710307 0.815904 -1.540314
v -0.710307 0.296553 -0.414895
v -0.710307 1.207050 -1.255899
v -0.710307 0.129267 -0.596004
v -0.710307 1.292295 -1.024559
v -0.710307 0.569552 -1.550088
v -0.605536 0.544885 -1.545688
v -0.605536 1.287894 -1.049225
v -0.605536 0.142771 -0.574899
v -0.605536 1.193545 -1.277004
v -0.605536 0.317106 -0.400565
v -0.605536 0.791431 -1.545688
v -0.605536 1.019211 -1.451339
v -0.605536 0.544885 -0.306215
v -0.605536 0.791432 -0.306216
v -0.605536 0.317106 -1.451339
v -0.605536 1.019211 -0.400565
v -0.605536 0.142771 -1.277004
v -0.605536 1.193545 -0.574899
v -0.605536 0.048422 -1.049225
v -0.605536 1.287894 -0.802679
v -0.605536 0.048422 -0.802678
vt 0.000000 0.000000
vt 0.000000 0.000000
vt 0.000000 0.000000
vt 0.000000 0.000000
vt 0.000000 0.000000
vt 0.000000 0.000000
vt 0.000000 0.000000
vt 0.000000 0.000000
vt 0.000000 0.000000
vt 0.000000 0.000000
vt 0.000000 0.000000
vt 0.000000 0.000000
vt 0.000000 0.000000
vt 0.000000 0.000000
vt 0.000000 0.000000
vt 0.000000 0.000000
vt 0.000000 0.000000
vt 0.000000 0.000000
vt 0.000000 0.000000
vt 0.000000 0.000000
vt 0.000000 0.000000
vt 0.000000 0.000000
vt 0.000000 0.000000
vt 0.000000 0.000000
vt 0.000000 0.000000
vt 0.000000 0.000000
vt 0.000000 0.000000
vt 0.000000 0.000000
vt 0.000000 0.000000
vt 0.000000 0.000000
vt 0.000000 0.000000
vt 0.000000 0.000000
vt 0.000000 0.000000
vt 0.000000 0.000000
vt 0.000000 0.000000
vt 0.000000 0.000000
vt 0.000000 0.000000
vt 0.000000 0.000000
vt 0.000000 0.000000
vt 0.000000 0.000000
vt 0.000000 0.000000
vt 0.000000 0.000000
vt 0.000000 0.000000
vt 0.000000 0.000000
vt 0.000000 0.000000
vt 0.000000 0.000000
vt 0.000000 0.000000
vt 0.000000 0.000000
vt 0.000000 0.000000
vt 0.000000 0.000000
vt 0.000000 0.000000
vt 0.000000 0.000000
vt 0.000000 0.000000
vt 0.000000 0.000000
vt 0.000000 0.000000
vt 0.000000 0.000000
vt 0.000000 0.000000
vt 0.000000 0.000000
vt 0.000000 0.000000
vt 0.000000 0.000000
vt 0.000000 0.000000
vt 0.000000 0.000000
vt 0.000000 0.000000
vt 0.000000 0.000000
vt 0.000000 0.000000
vt 0.000000 0.000000
vt 0.000000 0.000000
vt 0.000000 0.000000
vt 0.000000 0.000000
vt 0.000000 0.000000
vt 0.000000 0.000000
vt 0.000000 0.000000
vt 0.000000 0.000000
vt 0.000000 0.000000
vt 0.000000 0.000000
vt 0.000000 0.000000
vt 0.000000 0.000000
vt 0.000000 0.000000
vt 0.000000 0.000000
vt 0.000000 0.000000
vt 0.000000 0.000000
vt 0.000000 0.000000
vt 0.000000 0.000000
vt 0.000000 0.000000
vt 0.000000 0.000000
vt 0.000000 0.000000
vt 0.000000 0.000000
vt 0.000000 0.000000
vt 0.000000 0.000000
vt 0.000000 0.000000
vt 0.000000 0.000000
vt 0.000000 0.000000
vt 0.000000 0.000000
vt 0.000000 0.000000
vt 0.000000 0.000000
vt 0.000000 0.000000
vt 0.000000 0.000000
vt 0.000000 0.000000
vt 0.000000 0.000000
vt 0.000000 0.000000
vt 0.000000 0.000000
vt 0.000000 0.000000
vt 0.000000 0.000000
vt 0.000000 0.000000
vt 0.000000 0.000000
vt 0.000000 0.000000
vt 0.000000 0.000000
vt 0.000000 0.000000
vt 0.000000 0.000000
vt 0.000000 0.000000
vt 0.000000 0.000000
vt 0.000000 0.000000
vt 0.000000 0.000000
vt 0.000000 0.000000
vt 0.000000 0.000000
vt 0.000000 0.000000
vt 0.000000 0.000000
vt 0.000000 0.000000
vt 0.000000 0.000000
vt 0.000000 0.000000
vt 0.000000 0.000000
vt 0.000000 0.000000
vt 0.000000 0.000000
vt 0.000000 0.000000
vt 0.000000 0.000000
vt 0.000000 0.000000
vt 0.000000 0.000000
vt 0.000000 0.000000
vt 0.000000 0.000000
vt 0.000000 0.000000
vt 0.000000 0.000000
vt 0.000000 0.000000
vt 0.000000 0.000000
vt 0.000000 0.000000
vt 0.000000 0.000000
vt 0.000000 0.000000
vt 0.000000 0.000000
vt 0.000000 0.000000
vt 0.000000 0.000000
vt 0.000000 0.000000
vt 0.000000 0.000000
vt 0.000000 0.000000
vt 0.000000 0.000000
vt 0.000000 0.000000
vt 0.000000 0.000000
vt 0.000000 0.000000
vt 0.000000 0.000000
vt 0.000000 0.000000
vt 0.000000 0.000000
vt 0.000000 0.000000
vt 0.000000 0.000000
vt 0.000000 0.000000
vt 0.000000 0.000000
vt 0.000000 0.000000
vt 0.000000 0.000000
vt 0.000000 0.000000
vt 0.000000 0.000000
vt 0.000000 0.000000
vt 0.000000 0.000000
vt 0.000000 0.000000
vt 0.000000 0.000000
vt 0.000000 0.000000
vt 0.000000 0.000000
vt 0.000000 0.000000
vt 0.000000 0.000000
vt 0.000000 0.000000
vt 0.000000 0.000000
vt 0.000000 0.000000
vt 0.000000 0.000000
vt 0.000000 0.000000
vt 0.000000 0.000000
vt 0.000000 0.000000
vt 0.000000 0.000000
vt 0.000000 0.000000
vt 0.000000 0.000000
vt 0.000000 0.000000
vt 0.000000 0.000000
vt 0.000000 0.000000
vt 0.000000 0.000000
vt 0.000000 0.000000
vt 0.000000 0.000000
vt 0.000000 0.000000
vt 0.000000 0.000000
vt 0.000000 0.000000
vt 0.000000 0.000000
vt 0.000000 0.000000
vt 0.000000 0.000000
vt 0.000000 0.000000
vt 0.000000 0.000000
vt 0.000000 0.000000
vt 0.000000 0.000000
vt 0.000000 0.000000
vt 0.000000 0.000000
vt 0.000000 0.000000
vt 0.000000 0.000000
vt 0.000000 0.000000
vt 0.000000 0.000000
vt 0.000000 0.000000
vt 0.000000 0.000000
vt 0.000000 0.000000
vt 0.000000 0.000000
vt 0.000000 0.000000
vt 0.000000 0.000000
vt 0.000000 0.000000
vt 0.000000 0.000000
vt 0.000000 0.000000
vt 0.000000 0.000000
vt 0.000000 0.000000
vt 0.000000 0.000000
vt 0.000000 0.000000
vt 0.000000 0.000000
vt 0.000000 0.000000
vt 0.000000 0.000000
vt 0.000000 0.000000
vt 0.000000 0.000000
vt 0.000000 0.000000
vt 0.000000 0.000000
vt 0.000000 0.000000
vt 0.000000 0.000000
vt 0.000000 0.000000
vt 0.000000 0.000000
vt 0.000000 0.000000
vt 0.000000 0.000000
vt 0.000000 0.000000
vt 0.000000 0.000000
vt 0.000000 0.000000
vt 0.000000 0.000000
vt 0.000000 0.000000
vt 0.000000 0.000000
vt 0.000000 0.000000
vt 0.000000 0.000000
vt 0.000000 0.000000
vt 0.000000 0.000000
vt 0.000000 0.000000
vt 0.000000 0.000000
vt 0.000000 0.000000
vt 0.000000 0.000000
vt 0.000000 0.000000
vt 0.000000 0.000000
vt 0.000000 0.000000
vt 0.000000 0.000000
vt 0.000000 0.000000
vt 0.000000 0.000000
vt 0.000000 0.000000
vt 0.000000 0.000000
vt 0.000000 0.000000
vt 0.000000 0.000000
vt 0.000000 0.000000
vt 0.000000 0.000000
vt 0.000000 0.000000
vt 0.000000 0.000000
vt 0.000000 0.000000
vt 0.000000 0.000000
vt 0.000000 0.000000
vt 0.000000 0.000000
vt 0.000000 0.000000
vt 0.000000 0.000000
vt 0.000000 0.000000
vt 0.000000 0.000000
vt 0.000000 0.000000
vt 0.000000 0.000000
vt 0.000000 0.000000
vt 0.000000 0.000000
vt 0.000000 0.000000
vt 0.000000 0.000000
vt 0.000000 0.000000
vt 0.000000 0.000000
vt 0.000000 0.000000
vt 0.000000 0.000000
vt 0.000000 0.000000
vt 0.000000 0.000000
vt 0.000000 0.000000
vt 0.000000 0.000000
vt 0.000000 0.000000
vt 0.000000 0.000000
vt 0.000000 0.000000
vt 0.000000 0.000000
vt 0.000000 0.000000
vt 0.000000 0.000000
vt 0.000000 0.000000
vt 0.000000 0.000000
vt 0.000000 0.000000
vt 0.000000 0.000000
vt 0.000000 0.000000
vt 0.000000 0.000000
vt 0.000000 0.000000
vt 0.000000 0.000000
vt 0.000000 0.000000
vt 0.000000 0.000000
vt 0.000000 0.000000
vt 0.000000 0.000000
vt 0.000000 0.000000
vt 0.000000 0.000000
vt 0.000000 0.000000
vt 0.000000 0.000000
vt 0.000000 0.000000
vt 0.000000 0.000000
vt 0.000000 0.000000
vt 0.000000 0.000000
vt 0.000000 0.000000
vt 0.000000 0.000000
vt 0.000000 0.000000
vt 0.000000 0.000000
vt 0.000000 0.000000
vt 0.000000 0.000000
vt 0.000000 0.000000
vt 0.000000 0.000000
vt 0.000000 0.000000
vt 0.000000 0.000000
vt 0.000000 0.000000
vt 0.000000 0.000000
vt 0.000000 0.000000
vt 0.000000 0.000000
vt 0.000000 0.000000
vt 0.000000 0.000000
vt 0.000000 0.000000
vt 0.000000 0.000000
vt 0.000000 0.000000
vt 0.000000 0.000000
vt 0.000000 0.000000
vt 0.000000 0.000000
vt 0.000000 0.000000
vt 0.000000 0.000000
vt 0.000000 0.000000
vt 0.000000 0.000000
vt 0.000000 0.000000
vt 0.000000 0.000000
vt 0.000000 0.000000
vt 0.000000 0.000000
vt 0.000000 0.000000
vt 0.000000 0.000000
vt 0.000000 0.000000
vt 0.000000 0.000000
vt 0.000000 0.000000
vt 0.000000 0.000000
vt 0.000000 0.000000
vt 0.000000 0.000000
vt 0.000000 0.000000
vt 0.000000 0.000000
vt 0.000000 0.000000
vt 0.000000 0.000000
vt 0.000000 0.000000
vt 0.000000 0.000000
vt 0.000000 0.000000
vt 0.000000 0.000000
vt 0.000000 0.000000
vt 0.000000 0.000000
vt 0.000000 0.000000
vt 0.000000 0.000000
vt 0.000000 0.000000
vt 0.000000 0.000000
vt 0.000000 0.000000
vt 0.000000 0.000000
vt 0.000000 0.000000
vt 0.000000 0.000000
vt 0.000000 0.000000
vt 0.000000 0.000000
vt 0.000000 0.000000
vt 0.000000 0.000000
vt 0.000000 0.000000
vt 0.000000 0.000000
vt 0.000000 0.000000
vt 0.000000 0.000000
vt 0.000000 0.000000
vt 0.000000 0.000000
vt 0.000000 0.000000
vt 0.000000 0.000000
vt 0.000000 0.000000
vt 0.000000 0.000000
vt 0.000000 0.000000
vt 0.000000 0.000000
vt 0.000000 0.000000
vt 0.000000 0.000000
vt 0.000000 0.000000
vt 0.000000 0.000000
vt 0.000000 0.000000
vt 0.000000 0.000000
vt 0.000000 0.000000
vt 0.000000 0.000000
vt 0.000000 0.000000
vt 0.000000 0.000000
vt 0.000000 0.000000
vt 0.000000 0.000000
vt 0.000000 0.000000
vn 0.0000 -0.9808 0.1951
vn 0.0000 0.9808 0.1951
vn 0.0000 -0.9808 -0.1951
vn 0.0000 0.8315 0.5556
vn 0.0000 -0.8315 -0.5556
vn 0.0000 0.5556 0.8315
vn 0.0000 -0.5556 -0.8315
vn 0.0000 0.1951 0.9808
vn 0.0000 -0.1951 0.9808
vn 0.0000 0.5556 -0.8315
vn 0.0000 0.1951 -0.9808
vn 0.0000 -0.5556 0.8315
vn 0.0000 0.8315 -0.5556
vn 0.0000 -0.8315 0.5556
vn 0.0000 0.9808 -0.1951
vn -1.0000 -0.0000 0.0000
vn 0.0000 -0.1951 -0.9808
vn 0.9239 -0.0747 -0.3753
vn -0.9239 0.0747 -0.3753
vn -0.3183 0.2134 -0.9236
vn -0.9239 0.2126 -0.3182
vn -0.3183 0.5506 -0.7717
vn -0.9239 0.3182 -0.2126
vn -0.3183 0.8040 -0.5022
vn -0.9239 0.3753 -0.0747
vn -0.3183 0.9350 -0.1563
vn -0.9239 0.3753 0.0747
vn -0.3183 0.9236 0.2134
vn -0.9239 0.3182 0.2126
vn -0.3183 0.7717 0.5506
vn -0.9239 0.2126 0.3182
vn -0.3183 0.5022 0.8040
vn -0.9239 0.0747 0.3753
vn -0.3183 0.1563 0.9350
vn -0.9239 -0.0747 0.3753
vn -0.3183 -0.2134 0.9236
vn -0.9239 -0.2126 0.3182
vn -0.3183 -0.5506 0.7717
vn -0.9239 -0.3182 0.2126
vn -0.3183 -0.8040 0.5022
vn -0.9239 -0.3753 0.0747
vn -0.3183 -0.9350 0.1563
vn -0.9239 -0.3753 -0.0747
vn -0.3183 -0.9236 -0.2134
vn -0.9239 -0.3182 -0.2126
vn -0.3183 -0.7717 -0.5506
vn -0.9239 -0.2126 -0.3182
vn -0.3183 -0.5022 -0.8040
vn -0.9239 -0.0747 -0.3753
vn 0.3827 0.1802 -0.9061
vn 0.9239 0.0747 -0.3753
vn 0.3827 0.5133 -0.7682
vn 0.9239 0.2126 -0.3182
vn 0.3827 0.7682 -0.5133
vn 0.9239 0.3182 -0.2126
vn 0.3827 0.9061 -0.1802
vn 0.9239 0.3753 -0.0747
vn 0.3827 0.9061 0.1802
vn 0.9239 0.3753 0.0747
vn 0.3827 0.7682 0.5133
vn 0.9239 0.3182 0.2126
vn 0.3827 0.5133 0.7682
vn 0.9239 0.2126 0.3182
vn 0.3827 0.1802 0.9061
vn 0.9239 0.0747 0.3753
vn 0.3827 -0.1802 0.9061
vn 0.9239 -0.0747 0.3753
vn 0.3827 -0.5133 0.7682
vn 0.9239 -0.2126 0.3182
vn 0.3827 -0.7682 0.5133
vn 0.9239 -0.3182 0.2126
vn 0.3827 -0.9061 0.1802
vn 0.9239 -0.3753 0.0747
vn 0.3827 -0.9061 -0.1802
vn 0.9239 -0.3753 -0.0747
vn 0.3827 -0.7682 -0.5133
vn 0.9239 -0.3182 -0.2126
vn 0.3827 -0.5133 -0.7682
vn 0.9239 -0.2126 -0.3182
vn 0.3827 -0.1802 -0.9061
vn 1.0000 -0.0000 0.0000
vn -0.8305 -0.1092 0.5463
vn -0.8270 -0.3133 0.4667
vn -0.8225 -0.4735 0.3151
vn -0.8196 -0.5619 0.1114
vn -0.8196 -0.5619 -0.1114
vn -0.8225 -0.4735 -0.3151
vn -0.8270 -0.3133 -0.4667
vn -0.8305 -0.1092 -0.5463
vn -0.8305 0.1092 -0.5463
vn -0.8270 0.3133 -0.4667
vn -0.8225 0.4735 -0.3151
vn -0.8196 0.5619 -0.1114
vn -0.8196 0.5619 0.1114
vn -0.8225 0.4735 0.3151
vn -0.8270 0.3133 0.4667
vn -0.8305 0.1092 0.5463
vn 0.0458 -0.1370 -0.9895
vn 0.0458 0.9895 -0.1370
vn 0.0458 -0.8618 0.5052
vn 0.0458 0.8618 -0.5052
vn 0.0458 -0.6028 0.7966
vn 0.0458 0.2521 -0.9666
vn 0.0458 0.6028 -0.7966
vn 0.0458 -0.2521 0.9666
vn 0.0458 0.1370 0.9895
vn 0.0458 -0.5052 -0.8618
vn 0.0458 0.5052 0.8618
vn 0.0458 -0.7966 -0.6028
vn 0.0458 0.7966 0.6028
vn 0.0458 -0.9666 -0.2521
vn 0.0458 0.9666 0.2521
vn 0.0458 -0.9895 0.1370
vn -0.0250 -0.9890 0.1457
vn 0.0250 -0.9890 0.1457
vn -0.0458 -0.9895 0.1370
vn -0.0250 0.9695 0.2438
vn 0.0250 0.9695 0.2438
vn -0.0458 0.9666 0.2521
vn -0.0250 -0.9695 -0.2438
vn 0.0250 -0.9695 -0.2438
vn -0.0458 -0.9666 -0.2521
vn -0.0250 0.8024 0.5963
vn 0.0250 0.8024 0.5963
vn -0.0458 0.7966 0.6028
vn -0.0250 -0.8024 -0.5963
vn 0.0250 -0.8024 -0.5963
vn -0.0458 -0.7966 -0.6028
vn -0.0250 0.5131 0.8580
vn 0.0250 0.5131 0.8580
vn -0.0458 0.5052 0.8618
vn -0.0250 -0.5131 -0.8580
vn 0.0250 -0.5131 -0.8580
vn -0.0458 -0.5052 -0.8618
vn -0.0250 0.1457 0.9890
vn 0.0250 0.1457 0.9890
vn -0.0458 0.1370 0.9895
vn -0.0250 -0.2438 0.9695
vn 0.0250 -0.2438 0.9695
vn -0.0458 -0.2521 0.9666
vn -0.0250 0.5963 -0.8024
vn 0.0250 0.5963 -0.8024
vn -0.0458 0.6028 -0.7966
vn -0.0250 0.2438 -0.9695
vn 0.0250 0.2438 -0.9695
vn -0.0458 0.2521 -0.9666
vn -0.0250 -0.5963 0.8024
vn 0.0250 -0.5963 0.8024
vn -0.0458 -0.6028 0.7966
vn -0.0250 0.8580 -0.5131
vn 0.0250 0.8580 -0.5131
vn -0.0458 0.8618 -0.5052
vn -0.0250 -0.8580 0.5131
vn 0.0250 -0.8580 0.5131
vn -0.0458 -0.8618 0.5052
vn -0.0250 0.9890 -0.1457
vn 0.0250 0.9890 -0.1457
vn -0.0458 0.9895 -0.1370
vn -0.0250 -0.1457 -0.9890
vn 0.0250 -0.1457 -0.9890
vn -0.0458 -0.1370 -0.9895
vn -0.4422 -0.1479 -0.8846
vn -0.4422 -0.4752 -0.7607
vn -0.4422 -0.7301 -0.5210
vn -0.4422 -0.8739 -0.2019
vn -0.4422 -0.8846 0.1479
vn -0.4422 -0.7607 0.4752
vn -0.4422 -0.5210 0.7301
vn -0.4422 -0.2019 0.8739
vn -0.4422 0.1479 0.8846
vn -0.4422 0.4752 0.7607
vn -0.4422 0.7301 0.5210
vn -0.4422 0.8739 0.2019
vn -0.4422 0.8846 -0.1479
vn -0.4422 0.7607 -0.4752
vn -0.4422 0.5210 -0.7301
vn -0.4422 0.2019 -0.8739
vn -0.0930 -0.1561 -0.9834
vn 0.0930 -0.1561 -0.9834
vn -0.0930 0.9834 -0.1561
vn 0.0930 0.9834 -0.1561
vn -0.0930 -0.8488 0.5205
vn 0.0930 -0.8488 0.5205
vn -0.0930 0.8488 -0.5205
vn 0.0930 0.8488 -0.5205
vn -0.0930 -0.5850 0.8057
vn 0.0930 -0.5850 0.8057
vn -0.0930 0.2321 -0.9682
vn 0.0930 0.2321 -0.9682
vn -0.0930 0.5850 -0.8057
vn 0.0930 0.5850 -0.8057
vn -0.0930 -0.2321 0.9682
vn 0.0930 -0.2321 0.9682
vn -0.0930 0.1561 0.9834
vn 0.0930 0.1561 0.9834
vn -0.0930 -0.5205 -0.8488
vn 0.0930 -0.5205 -0.8488
vn -0.0930 0.5205 0.8488
vn 0.0930 0.5205 0.8488
vn -0.0930 -0.8057 -0.5850
vn 0.0930 -0.8057 -0.5850
vn -0.0930 0.8057 0.5850
vn 0.0930 0.8057 0.5850
vn -0.0930 -0.9682 -0.2321
vn 0.0930 -0.9682 -0.2321
vn -0.0930 0.9682 0.2321
vn 0.0930 0.9682 0.2321
vn -0.0930 -0.9834 0.1561
vn 0.0930 -0.9834 0.1561
vn -0.3183 -0.1563 -0.9350
vn -0.1811 -0.5464 0.8177
vn -0.1811 -0.8177 0.5464
vn -0.1811 -0.9646 -0.1919
vn -0.1811 -0.8177 -0.5464
vn -0.1811 -0.5464 -0.8177
vn -0.1811 -0.1919 -0.9646
vn -0.1811 0.1919 -0.9646
vn -0.1811 0.5464 -0.8177
vn -0.1811 0.8177 -0.5464
vn -0.1811 0.9646 -0.1919
vn -0.1811 0.9646 0.1919
vn -0.1811 0.8177 0.5464
vn -0.1811 0.5464 0.8177
vn -0.1811 -0.9646 0.1919
vn -0.1811 0.1919 0.9646
vn -0.9263 0.0735 -0.3697
vn -0.9263 0.2094 -0.3134
vn -0.9263 0.3134 -0.2094
vn -0.9263 0.3697 -0.0735
vn -0.9263 0.3697 0.0735
vn -0.9263 0.3134 0.2094
vn -0.9263 0.2094 0.3134
vn -0.9263 0.0735 0.3697
vn -0.9263 -0.0735 0.3697
vn -0.9263 -0.2094 0.3134
vn -0.9263 -0.3134 0.2094
vn -0.9263 -0.3697 0.0735
vn -0.9263 -0.3697 -0.0735
vn -0.9263 -0.3134 -0.2094
vn -0.9263 -0.2094 -0.3134
vn -0.9263 -0.0735 -0.3697
vn -0.9816 -0.0372 0.1871
vn -0.9816 -0.1060 0.1586
vn -0.9816 -0.1586 0.1060
vn -0.9816 -0.1871 0.0372
vn -0.9816 -0.1871 -0.0372
vn -0.9816 -0.1586 -0.1060
vn -0.9816 -0.1060 -0.1586
vn -0.9816 -0.0372 -0.1871
vn -0.9816 0.0372 -0.1871
vn -0.9816 0.1060 -0.1586
vn -0.9816 0.1586 -0.1060
vn -0.9816 0.1871 -0.0372
vn -0.9816 0.1871 0.0372
vn -0.9816 0.1586 0.1060
vn -0.9816 0.1060 0.1586
vn -0.9816 0.0372 0.1871
vn -0.9387 0.0673 -0.3381
vn -0.9387 0.1915 -0.2866
vn -0.9387 0.2866 -0.1915
vn -0.9387 0.3381 -0.0673
vn -0.9387 0.3381 0.0673
vn -0.9387 0.2866 0.1915
vn -0.9387 0.1915 0.2866
vn -0.9387 0.0673 0.3381
vn -0.9387 -0.0673 0.3381
vn -0.9387 -0.1915 0.2866
vn -0.9387 -0.2866 0.1915
vn -0.9387 -0.3381 0.0673
vn -0.9387 -0.3381 -0.0673
vn -0.9387 -0.2866 -0.1915
vn -0.9387 -0.1915 -0.2866
vn -0.9387 -0.0673 -0.3381
vn -0.1811 -0.1919 0.9646
usemtl Material
s off
f 1940/1944/998 1890/1945/998 1658/1946/998 1846/1947/998
f 1939/1948/999 1883/1949/999 1637/1950/999 1825/1951/999
f 1938/1952/1000 1891/1953/1000 1661/1954/1000 1849/1955/1000
f 1937/1956/1001 1884/1957/1001 1640/1958/1001 1828/1959/1001
f 1936/1960/1002 1892/1961/1002 1664/1962/1002 1852/1963/1002
f 1935/1964/1003 1885/1965/1003 1643/1966/1003 1831/1967/1003
f 1934/1968/1004 1861/1969/1004 1667/1970/1004 1855/1971/1004
f 1933/1972/1005 1886/1973/1005 1646/1974/1005 1834/1975/1005
f 1932/1976/1006 1887/1977/1006 1649/1978/1006 1837/1979/1006
f 1931/1980/1007 1880/1981/1007 1628/1982/1007 1816/1983/1007
f 1930/1984/1008 1879/1985/1008 1625/1986/1008 1813/1987/1008
f 1929/1988/1009 1888/1989/1009 1652/1990/1009 1840/1991/1009
f 1928/1992/1010 1881/1993/1010 1631/1994/1010 1819/1995/1010
f 1927/1996/1011 1889/1997/1011 1655/1998/1011 1843/1999/1011
f 1926/2000/1012 1882/2001/1012 1634/2002/1012 1822/2003/1012
f 1720/2004/1013 1717/2005/1013 1670/2006/1013 1765/2007/1013 1672/2008/1013
f 1717/2005/1013 1721/2009/1013 1676/2010/1013 1768/2011/1013 1670/2006/1013
f 1721/2009/1013 1723/2012/1013 1679/2013/1013 1771/2014/1013 1676/2010/1013
f 1723/2012/1013 1725/2015/1013 1682/2016/1013 1774/2017/1013 1679/2013/1013
f 1725/2015/1013 1727/2018/1013 1685/2019/1013 1777/2020/1013 1682/2016/1013
f 1727/2018/1013 1729/2021/1013 1688/2022/1013 1780/2023/1013 1685/2019/1013
f 1729/2021/1013 1731/2024/1013 1691/2025/1013 1783/2026/1013 1688/2022/1013
f 1731/2024/1013 1733/2027/1013 1694/2028/1013 1786/2029/1013 1691/2025/1013
f 1733/2027/1013 1735/2030/1013 1697/2031/1013 1789/2032/1013 1694/2028/1013
f 1735/2030/1013 1737/2033/1013 1700/2034/1013 1792/2035/1013 1697/2031/1013
f 1737/2033/1013 1739/2036/1013 1703/2037/1013 1795/2038/1013 1700/2034/1013
f 1739/2036/1013 1741/2039/1013 1706/2040/1013 1798/2041/1013 1703/2037/1013
f 1741/2039/1013 1743/2042/1013 1709/2043/1013 1801/2044/1013 1706/2040/1013
f 1743/2042/1013 1745/2045/1013 1712/2046/1013 1804/2047/1013 1709/2043/1013
f 1745/2045/1013 1747/2048/1013 1715/2049/1013 1807/2050/1013 1712/2046/1013
f 1747/2048/1013 1720/2004/1013 1672/2008/1013 1810/2051/1013 1715/2049/1013
f 1925/2052/1014 1878/2053/1014 1621/2054/1014 1858/2055/1014
f 1623/2056/1015 1622/2057/1015 1860/2058/1015 1859/2059/1015
f 1670/2006/1016 1671/2060/1016 1766/2061/1016 1765/2007/1016
f 1671/2060/1017 1669/2062/1017 1767/2063/1017 1766/2061/1017
f 1676/2010/1018 1677/2064/1018 1769/2065/1018 1768/2011/1018
f 1677/2064/1019 1675/2066/1019 1770/2067/1019 1769/2065/1019
f 1679/2013/1020 1680/2068/1020 1772/2069/1020 1771/2014/1020
f 1680/2068/1021 1678/2070/1021 1773/2071/1021 1772/2069/1021
f 1682/2016/1022 1683/2072/1022 1775/2073/1022 1774/2017/1022
f 1683/2072/1023 1681/2074/1023 1776/2075/1023 1775/2073/1023
f 1685/2019/1024 1686/2076/1024 1778/2077/1024 1777/2020/1024
f 1686/2076/1025 1684/2078/1025 1779/2079/1025 1778/2077/1025
f 1688/2022/1026 1689/2080/1026 1781/2081/1026 1780/2023/1026
f 1689/2080/1027 1687/2082/1027 1782/2083/1027 1781/2081/1027
f 1691/2025/1028 1692/2084/1028 1784/2085/1028 1783/2026/1028
f 1692/2084/1029 1690/2086/1029 1785/2087/1029 1784/2085/1029
f 1694/2028/1030 1695/2088/1030 1787/2089/1030 1786/2029/1030
f 1695/2088/1031 1693/2090/1031 1788/2091/1031 1787/2089/1031
f 1697/2031/1032 1698/2092/1032 1790/2093/1032 1789/2032/1032
f 1698/2092/1033 1696/2094/1033 1791/2095/1033 1790/2093/1033
f 1700/2034/1034 1701/2096/1034 1793/2097/1034 1792/2035/1034
f 1701/2096/1035 1699/2098/1035 1794/2099/1035 1793/2097/1035
f 1703/2037/1036 1704/2100/1036 1796/2101/1036 1795/2038/1036
f 1704/2100/1037 1702/2102/1037 1797/2103/1037 1796/2101/1037
f 1706/2040/1038 1707/2104/1038 1799/2105/1038 1798/2041/1038
f 1707/2104/1039 1705/2106/1039 1800/2107/1039 1799/2105/1039
f 1709/2043/1040 1710/2108/1040 1802/2109/1040 1801/2044/1040
f 1710/2108/1041 1708/2110/1041 1803/2111/1041 1802/2109/1041
f 1712/2046/1042 1713/2112/1042 1805/2113/1042 1804/2047/1042
f 1713/2112/1043 1711/2114/1043 1806/2115/1043 1805/2113/1043
f 1715/2049/1044 1716/2116/1044 1808/2117/1044 1807/2050/1044
f 1716/2116/1045 1714/2118/1045 1809/2119/1045 1808/2117/1045
f 1672/2008/1046 1674/2120/1046 1811/2121/1046 1810/2051/1046
f 1625/1986/1047 1626/2122/1047 1814/2123/1047 1813/1987/1047
f 1626/2122/1048 1624/2124/1048 1815/2125/1048 1814/2123/1048
f 1628/1982/1049 1629/2126/1049 1817/2127/1049 1816/1983/1049
f 1629/2126/1050 1627/2128/1050 1818/2129/1050 1817/2127/1050
f 1631/1994/1051 1632/2130/1051 1820/2131/1051 1819/1995/1051
f 1632/2130/1052 1630/2132/1052 1821/2133/1052 1820/2131/1052
f 1634/2002/1053 1635/2134/1053 1823/2135/1053 1822/2003/1053
f 1635/2134/1054 1633/2136/1054 1824/2137/1054 1823/2135/1054
f 1637/1950/1055 1638/2138/1055 1826/2139/1055 1825/1951/1055
f 1638/2138/1056 1636/2140/1056 1827/2141/1056 1826/2139/1056
f 1640/1958/1057 1641/2142/1057 1829/2143/1057 1828/1959/1057
f 1641/2142/1058 1639/2144/1058 1830/2145/1058 1829/2143/1058
f 1643/1966/1059 1644/2146/1059 1832/2147/1059 1831/1967/1059
f 1644/2146/1060 1642/2148/1060 1833/2149/1060 1832/2147/1060
f 1646/1974/1061 1647/2150/1061 1835/2151/1061 1834/1975/1061
f 1647/2150/1062 1645/2152/1062 1836/2153/1062 1835/2151/1062
f 1649/1978/1063 1650/2154/1063 1838/2155/1063 1837/1979/1063
f 1650/2154/1064 1648/2156/1064 1839/2157/1064 1838/2155/1064
f 1652/1990/1065 1653/2158/1065 1841/2159/1065 1840/1991/1065
f 1653/2158/1066 1651/2160/1066 1842/2161/1066 1841/2159/1066
f 1655/1998/1067 1656/2162/1067 1844/2163/1067 1843/1999/1067
f 1656/2162/1068 1654/2164/1068 1845/2165/1068 1844/2163/1068
f 1658/1946/1069 1659/2166/1069 1847/2167/1069 1846/1947/1069
f 1659/2166/1070 1657/2168/1070 1848/2169/1070 1847/2167/1070
f 1661/1954/1071 1662/2170/1071 1850/2171/1071 1849/1955/1071
f 1662/2170/1072 1660/2172/1072 1851/2173/1072 1850/2171/1072
f 1664/1962/1073 1665/2174/1073 1853/2175/1073 1852/1963/1073
f 1665/2174/1074 1663/2176/1074 1854/2177/1074 1853/2175/1074
f 1667/1970/1075 1668/2178/1075 1856/2179/1075 1855/1971/1075
f 1668/2178/1076 1666/2180/1076 1857/2181/1076 1856/2179/1076
f 1621/2054/1077 1623/2056/1077 1859/2059/1077 1858/2055/1077
f 1624/2124/1078 1818/2129/1078 1627/2128/1078 1821/2133/1078 1630/2132/1078 1824/2137/1078 1633/2136/1078 1827/2141/1078 1636/2140/1078 1830/2145/1078 1639/2144/1078 1833/2149/1078 1642/2148/1078 1836/2153/1078 1645/2152/1078 1839/2157/1078 1648/2156/1078 1842/2161/1078 1651/2160/1078 1845/2165/1078 1654/2164/1078 1848/2169/1078 1657/2168/1078 1851/2173/1078 1660/2172/1078 1854/2177/1078 1663/2176/1078 1857/2181/1078 1666/2180/1078 1860/2058/1078 1622/2057/1078 1815/2125/1078
f 1718/2182/1079 1717/2005/1079 1720/2004/1079 1719/2183/1079
f 1722/2184/1080 1721/2009/1080 1717/2005/1080 1718/2182/1080
f 1724/2185/1081 1723/2012/1081 1721/2009/1081 1722/2184/1081
f 1726/2186/1082 1725/2015/1082 1723/2012/1082 1724/2185/1082
f 1728/2187/1083 1727/2018/1083 1725/2015/1083 1726/2186/1083
f 1730/2188/1084 1729/2021/1084 1727/2018/1084 1728/2187/1084
f 1732/2189/1085 1731/2024/1085 1729/2021/1085 1730/2188/1085
f 1734/2190/1086 1733/2027/1086 1731/2024/1086 1732/2189/1086
f 1736/2191/1087 1735/2030/1087 1733/2027/1087 1734/2190/1087
f 1738/2192/1088 1737/2033/1088 1735/2030/1088 1736/2191/1088
f 1740/2193/1089 1739/2036/1089 1737/2033/1089 1738/2192/1089
f 1742/2194/1090 1741/2039/1090 1739/2036/1090 1740/2193/1090
f 1744/2195/1091 1743/2042/1091 1741/2039/1091 1742/2194/1091
f 1746/2196/1092 1745/2045/1092 1743/2042/1092 1744/2195/1092
f 1748/2197/1093 1747/2048/1093 1745/2045/1093 1746/2196/1093
f 1719/2183/1094 1720/2004/1094 1747/2048/1094 1748/2197/1094
f 1924/2198/1095 1862/2199/1095 1750/2200/1095 1893/2201/1095
f 1923/2202/1096 1866/2203/1096 1754/2204/1096 1894/2205/1096
f 1922/2206/1097 1873/2207/1097 1761/2208/1097 1895/2209/1097
f 1921/2210/1098 1865/2211/1098 1753/2212/1098 1896/2213/1098
f 1920/2214/1099 1872/2215/1099 1760/2216/1099 1897/2217/1099
f 1919/2218/1100 1863/2219/1100 1751/2220/1100 1898/2221/1100
f 1918/2222/1101 1864/2223/1101 1752/2224/1101 1899/2225/1101
f 1917/2226/1102 1871/2227/1102 1759/2228/1102 1900/2229/1102
f 1916/2230/1103 1870/2231/1103 1758/2232/1103 1901/2233/1103
f 1915/2234/1104 1877/2235/1104 1749/2236/1104 1902/2237/1104
f 1914/2238/1105 1869/2239/1105 1757/2240/1105 1903/2241/1105
f 1913/2242/1106 1876/2243/1106 1764/2244/1106 1904/2245/1106
f 1912/2246/1107 1868/2247/1107 1756/2248/1107 1905/2249/1107
f 1911/2250/1108 1875/2251/1108 1763/2252/1108 1906/2253/1108
f 1910/2254/1109 1867/2255/1109 1755/2256/1109 1907/2257/1109
f 1909/2258/1110 1874/2259/1110 1762/2260/1110 1908/2261/1110
f 1800/2107/1111 1705/2106/1111 1874/2259/1111 1909/2258/1111
f 1702/2102/1112 1800/2107/1112 1909/2258/1112 1873/2207/1112
f 1873/2207/1113 1909/2258/1113 1908/2261/1113 1761/2208/1113
f 1779/2079/1114 1684/2078/1114 1867/2255/1114 1910/2254/1114
f 1681/2074/1115 1779/2079/1115 1910/2254/1115 1866/2203/1115
f 1866/2203/1116 1910/2254/1116 1907/2257/1116 1754/2204/1116
f 1803/2111/1117 1708/2110/1117 1875/2251/1117 1911/2250/1117
f 1705/2106/1118 1803/2111/1118 1911/2250/1118 1874/2259/1118
f 1874/2259/1119 1911/2250/1119 1906/2253/1119 1762/2260/1119
f 1782/2083/1120 1687/2082/1120 1868/2247/1120 1912/2246/1120
f 1684/2078/1121 1782/2083/1121 1912/2246/1121 1867/2255/1121
f 1867/2255/1122 1912/2246/1122 1905/2249/1122 1755/2256/1122
f 1806/2115/1123 1711/2114/1123 1876/2243/1123 1913/2242/1123
f 1708/2110/1124 1806/2115/1124 1913/2242/1124 1875/2251/1124
f 1875/2251/1125 1913/2242/1125 1904/2245/1125 1763/2252/1125
f 1785/2087/1126 1690/2086/1126 1869/2239/1126 1914/2238/1126
f 1687/2082/1127 1785/2087/1127 1914/2238/1127 1868/2247/1127
f 1868/2247/1128 1914/2238/1128 1903/2241/1128 1756/2248/1128
f 1809/2119/1129 1714/2118/1129 1877/2235/1129 1915/2234/1129
f 1711/2114/1130 1809/2119/1130 1915/2234/1130 1876/2243/1130
f 1876/2243/1131 1915/2234/1131 1902/2237/1131 1764/2244/1131
f 1788/2091/1132 1693/2090/1132 1870/2231/1132 1916/2230/1132
f 1690/2086/1133 1788/2091/1133 1916/2230/1133 1869/2239/1133
f 1869/2239/1134 1916/2230/1134 1901/2233/1134 1757/2240/1134
f 1791/2095/1135 1696/2094/1135 1871/2227/1135 1917/2226/1135
f 1693/2090/1136 1791/2095/1136 1917/2226/1136 1870/2231/1136
f 1870/2231/1137 1917/2226/1137 1900/2229/1137 1758/2232/1137
f 1770/2067/1138 1675/2066/1138 1864/2223/1138 1918/2222/1138
f 1669/2062/1139 1770/2067/1139 1918/2222/1139 1863/2219/1139
f 1863/2219/1140 1918/2222/1140 1899/2225/1140 1751/2220/1140
f 1767/2063/1141 1669/2062/1141 1863/2219/1141 1919/2218/1141
f 1673/2262/1142 1767/2063/1142 1919/2218/1142 1862/2199/1142
f 1862/2199/1143 1919/2218/1143 1898/2221/1143 1750/2200/1143
f 1794/2099/1144 1699/2098/1144 1872/2215/1144 1920/2214/1144
f 1696/2094/1145 1794/2099/1145 1920/2214/1145 1871/2227/1145
f 1871/2227/1146 1920/2214/1146 1897/2217/1146 1759/2228/1146
f 1773/2071/1147 1678/2070/1147 1865/2211/1147 1921/2210/1147
f 1675/2066/1148 1773/2071/1148 1921/2210/1148 1864/2223/1148
f 1864/2223/1149 1921/2210/1149 1896/2213/1149 1752/2224/1149
f 1797/2103/1150 1702/2102/1150 1873/2207/1150 1922/2206/1150
f 1699/2098/1151 1797/2103/1151 1922/2206/1151 1872/2215/1151
f 1872/2215/1152 1922/2206/1152 1895/2209/1152 1760/2216/1152
f 1776/2075/1153 1681/2074/1153 1866/2203/1153 1923/2202/1153
f 1678/2070/1154 1776/2075/1154 1923/2202/1154 1865/2211/1154
f 1865/2211/1155 1923/2202/1155 1894/2205/1155 1753/2212/1155
f 1812/2263/1156 1673/2262/1156 1862/2199/1156 1924/2198/1156
f 1714/2118/1157 1812/2263/1157 1924/2198/1157 1877/2235/1157
f 1877/2235/1158 1924/2198/1158 1893/2201/1158 1749/2236/1158
f 1859/2059/1015 1860/2058/1015 1666/2180/1015 1668/2178/1015
f 1858/2055/1077 1859/2059/1077 1668/2178/1077 1667/1970/1077
f 1856/2179/1076 1857/2181/1076 1663/2176/1076 1665/2174/1076
f 1855/1971/1075 1856/2179/1075 1665/2174/1075 1664/1962/1075
f 1853/2175/1074 1854/2177/1074 1660/2172/1074 1662/2170/1074
f 1852/1963/1073 1853/2175/1073 1662/2170/1073 1661/1954/1073
f 1850/2171/1072 1851/2173/1072 1657/2168/1072 1659/2166/1072
f 1849/1955/1071 1850/2171/1071 1659/2166/1071 1658/1946/1071
f 1847/2167/1070 1848/2169/1070 1654/2164/1070 1656/2162/1070
f 1846/1947/1069 1847/2167/1069 1656/2162/1069 1655/1998/1069
f 1844/2163/1068 1845/2165/1068 1651/2160/1068 1653/2158/1068
f 1843/1999/1067 1844/2163/1067 1653/2158/1067 1652/1990/1067
f 1841/2159/1066 1842/2161/1066 1648/2156/1066 1650/2154/1066
f 1840/1991/1065 1841/2159/1065 1650/2154/1065 1649/1978/1065
f 1838/2155/1064 1839/2157/1064 1645/2152/1064 1647/2150/1064
f 1837/1979/1063 1838/2155/1063 1647/2150/1063 1646/1974/1063
f 1835/2151/1062 1836/2153/1062 1642/2148/1062 1644/2146/1062
f 1834/1975/1061 1835/2151/1061 1644/2146/1061 1643/1966/1061
f 1832/2147/1060 1833/2149/1060 1639/2144/1060 1641/2142/1060
f 1831/1967/1059 1832/2147/1059 1641/2142/1059 1640/1958/1059
f 1829/2143/1058 1830/2145/1058 1636/2140/1058 1638/2138/1058
f 1828/1959/1057 1829/2143/1057 1638/2138/1057 1637/1950/1057
f 1826/2139/1056 1827/2141/1056 1633/2136/1056 1635/2134/1056
f 1825/1951/1055 1826/2139/1055 1635/2134/1055 1634/2002/1055
f 1823/2135/1054 1824/2137/1054 1630/2132/1054 1632/2130/1054
f 1822/2003/1053 1823/2135/1053 1632/2130/1053 1631/1994/1053
f 1820/2131/1052 1821/2133/1052 1627/2128/1052 1629/2126/1052
f 1819/1995/1051 1820/2131/1051 1629/2126/1051 1628/1982/1051
f 1817/2127/1050 1818/2129/1050 1624/2124/1050 1626/2122/1050
f 1816/1983/1049 1817/2127/1049 1626/2122/1049 1625/1986/1049
f 1814/2123/1048 1815/2125/1048 1622/2057/1048 1623/2056/1048
f 1813/1987/1047 1814/2123/1047 1623/2056/1047 1621/2054/1047
f 1811/2121/1159 1812/2263/1159 1714/2118/1159 1716/2116/1159
f 1810/2051/1046 1811/2121/1046 1716/2116/1046 1715/2049/1046
f 1808/2117/1160 1809/2119/1160 1711/2114/1160 1713/2112/1160
f 1807/2050/1044 1808/2117/1044 1713/2112/1044 1712/2046/1044
f 1805/2113/1161 1806/2115/1161 1708/2110/1161 1710/2108/1161
f 1804/2047/1042 1805/2113/1042 1710/2108/1042 1709/2043/1042
f 1802/2109/1162 1803/2111/1162 1705/2106/1162 1707/2104/1162
f 1801/2044/1040 1802/2109/1040 1707/2104/1040 1706/2040/1040
f 1799/2105/1163 1800/2107/1163 1702/2102/1163 1704/2100/1163
f 1798/2041/1038 1799/2105/1038 1704/2100/1038 1703/2037/1038
f 1796/2101/1164 1797/2103/1164 1699/2098/1164 1701/2096/1164
f 1795/2038/1036 1796/2101/1036 1701/2096/1036 1700/2034/1036
f 1793/2097/1165 1794/2099/1165 1696/2094/1165 1698/2092/1165
f 1792/2035/1034 1793/2097/1034 1698/2092/1034 1697/2031/1034
f 1790/2093/1166 1791/2095/1166 1693/2090/1166 1695/2088/1166
f 1789/2032/1032 1790/2093/1032 1695/2088/1032 1694/2028/1032
f 1787/2089/1167 1788/2091/1167 1690/2086/1167 1692/2084/1167
f 1786/2029/1030 1787/2089/1030 1692/2084/1030 1691/2025/1030
f 1784/2085/1168 1785/2087/1168 1687/2082/1168 1689/2080/1168
f 1783/2026/1028 1784/2085/1028 1689/2080/1028 1688/2022/1028
f 1781/2081/1169 1782/2083/1169 1684/2078/1169 1686/2076/1169
f 1780/2023/1026 1781/2081/1026 1686/2076/1026 1685/2019/1026
f 1778/2077/1170 1779/2079/1170 1681/2074/1170 1683/2072/1170
f 1777/2020/1024 1778/2077/1024 1683/2072/1024 1682/2016/1024
f 1775/2073/1171 1776/2075/1171 1678/2070/1171 1680/2068/1171
f 1774/2017/1022 1775/2073/1022 1680/2068/1022 1679/2013/1022
f 1772/2069/1172 1773/2071/1172 1675/2066/1172 1677/2064/1172
f 1771/2014/1020 1772/2069/1020 1677/2064/1020 1676/2010/1020
f 1769/2065/1173 1770/2067/1173 1669/2062/1173 1671/2060/1173
f 1768/2011/1018 1769/2065/1018 1671/2060/1018 1670/2006/1018
f 1766/2061/1174 1767/2063/1174 1673/2262/1174 1674/2120/1174
f 1765/2007/1016 1766/2061/1016 1674/2120/1016 1672/2008/1016
f 1893/2201/1175 1750/2200/1175 1878/2053/1175 1925/2052/1175
f 1749/2236/1176 1893/2201/1176 1925/2052/1176 1861/1969/1176
f 1861/1969/1014 1925/2052/1014 1858/2055/1014 1667/1970/1014
f 1894/2205/1177 1754/2204/1177 1882/2001/1177 1926/2000/1177
f 1753/2212/1178 1894/2205/1178 1926/2000/1178 1881/1993/1178
f 1881/1993/1012 1926/2000/1012 1822/2003/1012 1631/1994/1012
f 1895/2209/1179 1761/2208/1179 1889/1997/1179 1927/1996/1179
f 1760/2216/1180 1895/2209/1180 1927/1996/1180 1888/1989/1180
f 1888/1989/1011 1927/1996/1011 1843/1999/1011 1652/1990/1011
f 1896/2213/1181 1753/2212/1181 1881/1993/1181 1928/1992/1181
f 1752/2224/1182 1896/2213/1182 1928/1992/1182 1880/1981/1182
f 1880/1981/1010 1928/1992/1010 1819/1995/1010 1628/1982/1010
f 1897/2217/1183 1760/2216/1183 1888/1989/1183 1929/1988/1183
f 1759/2228/1184 1897/2217/1184 1929/1988/1184 1887/1977/1184
f 1887/1977/1009 1929/1988/1009 1840/1991/1009 1649/1978/1009
f 1898/2221/1185 1751/2220/1185 1879/1985/1185 1930/1984/1185
f 1750/2200/1186 1898/2221/1186 1930/1984/1186 1878/2053/1186
f 1878/2053/1008 1930/1984/1008 1813/1987/1008 1621/2054/1008
f 1899/2225/1187 1752/2224/1187 1880/1981/1187 1931/1980/1187
f 1751/2220/1188 1899/2225/1188 1931/1980/1188 1879/1985/1188
f 1879/1985/1007 1931/1980/1007 1816/1983/1007 1625/1986/1007
f 1900/2229/1189 1759/2228/1189 1887/1977/1189 1932/1976/1189
f 1758/2232/1190 1900/2229/1190 1932/1976/1190 1886/1973/1190
f 1886/1973/1006 1932/1976/1006 1837/1979/1006 1646/1974/1006
f 1901/2233/1191 1758/2232/1191 1886/1973/1191 1933/1972/1191
f 1757/2240/1192 1901/2233/1192 1933/1972/1192 1885/1965/1192
f 1885/1965/1005 1933/1972/1005 1834/1975/1005 1643/1966/1005
f 1902/2237/1193 1749/2236/1193 1861/1969/1193 1934/1968/1193
f 1764/2244/1194 1902/2237/1194 1934/1968/1194 1892/1961/1194
f 1892/1961/1004 1934/1968/1004 1855/1971/1004 1664/1962/1004
f 1903/2241/1195 1757/2240/1195 1885/1965/1195 1935/1964/1195
f 1756/2248/1196 1903/2241/1196 1935/1964/1196 1884/1957/1196
f 1884/1957/1003 1935/1964/1003 1831/1967/1003 1640/1958/1003
f 1904/2245/1197 1764/2244/1197 1892/1961/1197 1936/1960/1197
f 1763/2252/1198 1904/2245/1198 1936/1960/1198 1891/1953/1198
f 1891/1953/1002 1936/1960/1002 1852/1963/1002 1661/1954/1002
f 1905/2249/1199 1756/2248/1199 1884/1957/1199 1937/1956/1199
f 1755/2256/1200 1905/2249/1200 1937/1956/1200 1883/1949/1200
f 1883/1949/1001 1937/1956/1001 1828/1959/1001 1637/1950/1001
f 1906/2253/1201 1763/2252/1201 1891/1953/1201 1938/1952/1201
f 1762/2260/1202 1906/2253/1202 1938/1952/1202 1890/1945/1202
f 1890/1945/1000 1938/1952/1000 1849/1955/1000 1658/1946/1000
f 1907/2257/1203 1755/2256/1203 1883/1949/1203 1939/1948/1203
f 1754/2204/1204 1907/2257/1204 1939/1948/1204 1882/2001/1204
f 1882/2001/999 1939/1948/999 1825/1951/999 1634/2002/999
f 1908/2261/1205 1762/2260/1205 1890/1945/1205 1940/1944/1205
f 1761/2208/1206 1908/2261/1206 1940/1944/1206 1889/1997/1206
f 1889/1997/998 1940/1944/998 1846/1947/998 1655/1998/998
f 1674/2120/1207 1673/2262/1207 1812/2263/1207 1811/2121/1207
usemtl Material.002
f 1573/2264/1208 1575/2265/1208 1722/2184/1208 1718/2182/1208
f 1558/2266/1013 1557/2267/1013 1572/2268/1013 1571/2269/1013 1570/2270/1013 1569/2271/1013 1568/2272/1013 1567/2273/1013 1566/2274/1013 1565/2275/1013 1564/2276/1013 1563/2277/1013 1562/2278/1013 1561/2279/1013 1560/2280/1013 1559/2281/1013
f 1575/2265/1209 1576/2282/1209 1724/2185/1209 1722/2184/1209
f 1577/2283/1210 1578/2284/1210 1728/2187/1210 1726/2186/1210
f 1578/2284/1211 1579/2285/1211 1730/2188/1211 1728/2187/1211
f 1579/2285/1212 1580/2286/1212 1732/2189/1212 1730/2188/1212
f 1580/2286/1213 1581/2287/1213 1734/2190/1213 1732/2189/1213
f 1581/2287/1214 1582/2288/1214 1736/2191/1214 1734/2190/1214
f 1582/2288/1215 1583/2289/1215 1738/2192/1215 1736/2191/1215
f 1583/2289/1216 1584/2290/1216 1740/2193/1216 1738/2192/1216
f 1584/2290/1217 1585/2291/1217 1742/2194/1217 1740/2193/1217
f 1585/2291/1218 1586/2292/1218 1744/2195/1218 1742/2194/1218
f 1586/2292/1219 1587/2293/1219 1746/2196/1219 1744/2195/1219
f 1587/2293/1220 1588/2294/1220 1748/2197/1220 1746/2196/1220
f 1576/2282/1221 1577/2283/1221 1726/2186/1221 1724/2185/1221
f 1588/2294/1222 1574/2295/1222 1719/2183/1222 1748/2197/1222
f 1590/2296/1223 1589/2297/1223 1573/2264/1223 1574/2295/1223
f 1589/2297/1224 1591/2298/1224 1575/2265/1224 1573/2264/1224
f 1591/2298/1225 1592/2299/1225 1576/2282/1225 1575/2265/1225
f 1592/2299/1226 1593/2300/1226 1577/2283/1226 1576/2282/1226
f 1593/2300/1227 1594/2301/1227 1578/2284/1227 1577/2283/1227
f 1594/2301/1228 1595/2302/1228 1579/2285/1228 1578/2284/1228
f 1595/2302/1229 1596/2303/1229 1580/2286/1229 1579/2285/1229
f 1596/2303/1230 1597/2304/1230 1581/2287/1230 1580/2286/1230
f 1597/2304/1231 1598/2305/1231 1582/2288/1231 1581/2287/1231
f 1598/2305/1232 1599/2306/1232 1583/2289/1232 1582/2288/1232
f 1599/2306/1233 1600/2307/1233 1584/2290/1233 1583/2289/1233
f 1600/2307/1234 1601/2308/1234 1585/2291/1234 1584/2290/1234
f 1601/2308/1235 1602/2309/1235 1586/2292/1235 1585/2291/1235
f 1602/2309/1236 1603/2310/1236 1587/2293/1236 1586/2292/1236
f 1603/2310/1237 1604/2311/1237 1588/2294/1237 1587/2293/1237
f 1604/2311/1238 1590/2296/1238 1574/2295/1238 1588/2294/1238
f 1606/2312/1239 1605/2313/1239 1589/2297/1239 1590/2296/1239
f 1605/2313/1240 1607/2314/1240 1591/2298/1240 1589/2297/1240
f 1607/2314/1241 1608/2315/1241 1592/2299/1241 1591/2298/1241
f 1608/2315/1242 1609/2316/1242 1593/2300/1242 1592/2299/1242
f 1609/2316/1243 1610/2317/1243 1594/2301/1243 1593/2300/1243
f 1610/2317/1244 1611/2318/1244 1595/2302/1244 1594/2301/1244
f 1611/2318/1245 1612/2319/1245 1596/2303/1245 1595/2302/1245
f 1612/2319/1246 1613/2320/1246 1597/2304/1246 1596/2303/1246
f 1613/2320/1247 1614/2321/1247 1598/2305/1247 1597/2304/1247
f 1614/2321/1248 1615/2322/1248 1599/2306/1248 1598/2305/1248
f 1615/2322/1249 1616/2323/1249 1600/2307/1249 1599/2306/1249
f 1616/2323/1250 1617/2324/1250 1601/2308/1250 1600/2307/1250
f 1617/2324/1251 1618/2325/1251 1602/2309/1251 1601/2308/1251
f 1618/2325/1252 1619/2326/1252 1603/2310/1252 1602/2309/1252
f 1619/2326/1253 1620/2327/1253 1604/2311/1253 1603/2310/1253
f 1620/2327/1254 1606/2312/1254 1590/2296/1254 1604/2311/1254
f 1557/2267/1255 1558/2266/1255 1605/2313/1255 1606/2312/1255
f 1558/2266/1256 1559/2281/1256 1607/2314/1256 1605/2313/1256
f 1559/2281/1257 1560/2280/1257 1608/2315/1257 1607/2314/1257
f 1560/2280/1258 1561/2279/1258 1609/2316/1258 1608/2315/1258
f 1561/2279/1259 1562/2278/1259 1610/2317/1259 1609/2316/1259
f 1562/2278/1260 1563/2277/1260 1611/2318/1260 1610/2317/1260
f 1563/2277/1261 1564/2276/1261 1612/2319/1261 1611/2318/1261
f 1564/2276/1262 1565/2275/1262 1613/2320/1262 1612/2319/1262
f 1565/2275/1263 1566/2274/1263 1614/2321/1263 1613/2320/1263
f 1566/2274/1264 1567/2273/1264 1615/2322/1264 1614/2321/1264
f 1567/2273/1265 1568/2272/1265 1616/2323/1265 1615/2322/1265
f 1568/2272/1266 1569/2271/1266 1617/2324/1266 1616/2323/1266
f 1569/2271/1267 1570/2270/1267 1618/2325/1267 1617/2324/1267
f 1570/2270/1268 1571/2269/1268 1619/2326/1268 1618/2325/1268
f 1571/2269/1269 1572/2268/1269 1620/2327/1269 1619/2326/1269
f 1572/2268/1270 1557/2267/1270 1606/2312/1270 1620/2327/1270
f 1574/2295/1271 1573/2264/1271 1718/2182/1271 1719/2183/1271
o Cube.003
v -0.743334 0.363697 1.148828
v -0.743334 0.379473 1.151966
v -0.743334 0.392848 1.160903
v -0.743334 0.401784 1.174277
v -0.743334 0.404922 1.190053
v -0.743334 0.401784 1.205830
v -0.743334 0.392848 1.219204
v -0.743334 0.379473 1.228141
v -0.743334 0.363697 1.231279
v -0.743334 0.347921 1.228141
v -0.743334 0.334547 1.219204
v -0.743334 0.325610 1.205830
v -0.743334 0.322472 1.190053
v -0.743334 0.325610 1.174277
v -0.743334 0.334547 1.160903
v -0.743334 0.347921 1.151966
v -0.681884 0.454607 0.970577
v -0.681884 0.363697 0.952494
v -0.681884 0.531677 1.022074
v -0.681884 0.583173 1.099143
v -0.681884 0.601256 1.190053
v -0.681884 0.583173 1.280964
v -0.681884 0.531677 1.358033
v -0.681884 0.454607 1.409530
v -0.681884 0.363697 1.427613
v -0.681884 0.272787 1.409530
v -0.681884 0.195717 1.358033
v -0.681884 0.144221 1.280964
v -0.681884 0.126138 1.190053
v -0.681884 0.144221 1.099143
v -0.681884 0.195717 1.022074
v -0.681884 0.272787 0.970577
v -0.728505 0.412947 1.071154
v -0.728505 0.363697 1.061358
v -0.728505 0.454699 1.099052
v -0.728505 0.482596 1.140804
v -0.728505 0.492393 1.190053
v -0.728505 0.482596 1.239303
v -0.728505 0.454699 1.281055
v -0.728505 0.412947 1.308953
v -0.728505 0.363697 1.318749
v -0.728505 0.314447 1.308953
v -0.728505 0.272696 1.281055
v -0.728505 0.244798 1.239303
v -0.728505 0.235002 1.190053
v -0.728505 0.244798 1.140804
v -0.728505 0.272696 1.099052
v -0.728505 0.314448 1.071154
v -0.586598 0.363697 0.800804
v -0.542986 0.363697 0.842243
v -0.555759 0.363697 0.812941
v -0.542986 0.496798 0.868719
v -0.586598 0.512656 0.830434
v -0.555759 0.508012 0.841647
v -0.542986 0.609636 0.944114
v -0.586598 0.638938 0.914813
v -0.555759 0.630356 0.923395
v -0.542986 0.685032 1.056952
v -0.586597 0.723317 1.041094
v -0.555759 0.712103 1.045739
v -0.542986 0.711507 1.190053
v -0.586597 0.752946 1.190053
v -0.555759 0.740809 1.190053
v -0.542986 0.685032 1.323155
v -0.586597 0.723317 1.339013
v -0.555759 0.712103 1.334368
v -0.542986 0.609636 1.435992
v -0.586598 0.638938 1.465294
v -0.555759 0.630356 1.456712
v -0.542986 0.496798 1.511388
v -0.586598 0.512656 1.549673
v -0.555759 0.508012 1.538460
v -0.542986 0.363697 1.537864
v -0.586598 0.363697 1.579303
v -0.555759 0.363697 1.567166
v -0.542986 0.230596 1.511388
v -0.586598 0.214738 1.549673
v -0.555759 0.219383 1.538460
v -0.542986 0.117758 1.435993
v -0.586598 0.088456 1.465294
v -0.555759 0.097039 1.456712
v -0.542986 0.042362 1.323155
v -0.586598 0.004078 1.339013
v -0.555759 0.015291 1.334368
v -0.542986 0.015887 1.190053
v -0.586598 -0.025552 1.190053
v -0.555759 -0.013415 1.190053
v -0.542986 0.042362 1.056952
v -0.586598 0.004078 1.041094
v -0.555759 0.015291 1.045739
v -0.542986 0.117758 0.944114
v -0.586598 0.088456 0.914813
v -0.555759 0.097039 0.923395
v -0.542986 0.230596 0.868718
v -0.586598 0.214738 0.830434
v -0.555759 0.219383 0.841647
v -0.722448 0.512656 0.830434
v -0.766060 0.496798 0.868719
v -0.753286 0.508012 0.841647
v -0.766060 0.363697 0.842243
v -0.722448 0.363697 0.800804
v -0.753286 0.363697 0.812941
v -0.722448 0.638938 0.914813
v -0.766060 0.609636 0.944114
v -0.753286 0.630356 0.923395
v -0.722448 0.723317 1.041094
v -0.766060 0.685032 1.056952
v -0.753286 0.712103 1.045739
v -0.722448 0.752946 1.190053
v -0.766060 0.711507 1.190053
v -0.753286 0.740809 1.190053
v -0.722448 0.723317 1.339013
v -0.766060 0.685032 1.323155
v -0.753286 0.712103 1.334368
v -0.722448 0.638938 1.465294
v -0.766060 0.609636 1.435992
v -0.753286 0.630356 1.456712
v -0.722448 0.512656 1.549673
v -0.766060 0.496798 1.511388
v -0.753286 0.508012 1.538460
v -0.722448 0.363697 1.579303
v -0.766060 0.363697 1.537864
v -0.753286 0.363697 1.567166
v -0.722448 0.214738 1.549673
v -0.766060 0.230596 1.511388
v -0.753286 0.219383 1.538460
v -0.722448 0.088456 1.465294
v -0.766060 0.117758 1.435993
v -0.753286 0.097039 1.456712
v -0.722448 0.004078 1.339013
v -0.766060 0.042362 1.323155
v -0.753286 0.015291 1.334368
v -0.722448 -0.025552 1.190053
v -0.766060 0.015887 1.190053
v -0.753286 -0.013415 1.190053
v -0.722448 0.004078 1.041094
v -0.766060 0.042362 1.056952
v -0.753286 0.015291 1.045739
v -0.722448 0.088456 0.914813
v -0.766060 0.117758 0.944114
v -0.753286 0.097039 0.923395
v -0.722448 0.214738 0.830434
v -0.766060 0.230596 0.868718
v -0.753286 0.219383 0.841647
v -0.712755 0.363697 1.024580
v -0.712755 0.427021 1.037176
v -0.712755 0.480705 1.073046
v -0.712755 0.516575 1.126729
v -0.712755 0.529171 1.190053
v -0.712755 0.516575 1.253378
v -0.712755 0.480705 1.307061
v -0.712755 0.427021 1.342931
v -0.712755 0.363697 1.355527
v -0.712755 0.300373 1.342931
v -0.712755 0.246689 1.307061
v -0.712755 0.210819 1.253378
v -0.712755 0.198223 1.190053
v -0.712755 0.210819 1.126729
v -0.712755 0.246689 1.073046
v -0.712755 0.300373 1.037175
v -0.766060 0.472014 0.928554
v -0.739378 0.457300 0.964076
v -0.739376 0.363697 0.945458
v -0.766060 0.363697 0.906679
v -0.766060 0.563314 0.990436
v -0.739382 0.536653 1.017098
v -0.766060 0.623919 1.082266
v -0.739387 0.589675 1.096450
v -0.766060 0.645142 1.190053
v -0.739389 0.608294 1.190053
v -0.766060 0.623919 1.297841
v -0.739387 0.589675 1.283657
v -0.766060 0.563314 1.389671
v -0.739382 0.536653 1.363009
v -0.766060 0.472014 1.451552
v -0.739378 0.457300 1.416031
v -0.766060 0.363697 1.473428
v -0.739376 0.363697 1.434649
v -0.766060 0.255381 1.451552
v -0.739378 0.270094 1.416031
v -0.766060 0.164080 1.389671
v -0.739382 0.190741 1.363009
v -0.766060 0.103475 1.297841
v -0.739387 0.137719 1.283657
v -0.766060 0.082252 1.190053
v -0.739389 0.119100 1.190053
v -0.766060 0.103475 1.082266
v -0.739387 0.137719 1.096450
v -0.766060 0.164080 0.990436
v -0.739382 0.190741 1.017097
v -0.766060 0.255381 0.928554
v -0.739378 0.270094 0.964076
v -0.654523 0.269822 0.812294
v -0.654523 0.421530 0.805124
v -0.654523 0.564434 0.856557
v -0.654523 0.676777 0.958761
v -0.654523 0.741457 1.096178
v -0.654523 0.748626 1.247886
v -0.654523 0.697194 1.390790
v -0.654523 0.594989 1.503133
v -0.654523 0.457573 1.567813
v -0.654523 0.305864 1.574982
v -0.654523 0.162961 1.523550
v -0.654523 0.050617 1.421345
v -0.654523 -0.014063 1.283929
v -0.654523 -0.021232 1.132221
v -0.654523 0.030201 0.989317
v -0.654523 0.132405 0.876974
vt 0.000000 0.000000
vt 0.000000 0.000000
vt 0.000000 0.000000
vt 0.000000 0.000000
vt 0.000000 0.000000
vt 0.000000 0.000000
vt 0.000000 0.000000
vt 0.000000 0.000000
vt 0.000000 0.000000
vt 0.000000 0.000000
vt 0.000000 0.000000
vt 0.000000 0.000000
vt 0.000000 0.000000
vt 0.000000 0.000000
vt 0.000000 0.000000
vt 0.000000 0.000000
vt 0.000000 0.000000
vt 0.000000 0.000000
vt 0.000000 0.000000
vt 0.000000 0.000000
vt 0.000000 0.000000
vt 0.000000 0.000000
vt 0.000000 0.000000
vt 0.000000 0.000000
vt 0.000000 0.000000
vt 0.000000 0.000000
vt 0.000000 0.000000
vt 0.000000 0.000000
vt 0.000000 0.000000
vt 0.000000 0.000000
vt 0.000000 0.000000
vt 0.000000 0.000000
vt 0.000000 0.000000
vt 0.000000 0.000000
vt 0.000000 0.000000
vt 0.000000 0.000000
vt 0.000000 0.000000
vt 0.000000 0.000000
vt 0.000000 0.000000
vt 0.000000 0.000000
vt 0.000000 0.000000
vt 0.000000 0.000000
vt 0.000000 0.000000
vt 0.000000 0.000000
vt 0.000000 0.000000
vt 0.000000 0.000000
vt 0.000000 0.000000
vt 0.000000 0.000000
vt 0.000000 0.000000
vt 0.000000 0.000000
vt 0.000000 0.000000
vt 0.000000 0.000000
vt 0.000000 0.000000
vt 0.000000 0.000000
vt 0.000000 0.000000
vt 0.000000 0.000000
vt 0.000000 0.000000
vt 0.000000 0.000000
vt 0.000000 0.000000
vt 0.000000 0.000000
vt 0.000000 0.000000
vt 0.000000 0.000000
vt 0.000000 0.000000
vt 0.000000 0.000000
vt 0.000000 0.000000
vt 0.000000 0.000000
vt 0.000000 0.000000
vt 0.000000 0.000000
vt 0.000000 0.000000
vt 0.000000 0.000000
vt 0.000000 0.000000
vt 0.000000 0.000000
vt 0.000000 0.000000
vt 0.000000 0.000000
vt 0.000000 0.000000
vt 0.000000 0.000000
vt 0.000000 0.000000
vt 0.000000 0.000000
vt 0.000000 0.000000
vt 0.000000 0.000000
vt 0.000000 0.000000
vt 0.000000 0.000000
vt 0.000000 0.000000
vt 0.000000 0.000000
vt 0.000000 0.000000
vt 0.000000 0.000000
vt 0.000000 0.000000
vt 0.000000 0.000000
vt 0.000000 0.000000
vt 0.000000 0.000000
vt 0.000000 0.000000
vt 0.000000 0.000000
vt 0.000000 0.000000
vt 0.000000 0.000000
vt 0.000000 0.000000
vt 0.000000 0.000000
vt 0.000000 0.000000
vt 0.000000 0.000000
vt 0.000000 0.000000
vt 0.000000 0.000000
vt 0.000000 0.000000
vt 0.000000 0.000000
vt 0.000000 0.000000
vt 0.000000 0.000000
vt 0.000000 0.000000
vt 0.000000 0.000000
vt 0.000000 0.000000
vt 0.000000 0.000000
vt 0.000000 0.000000
vt 0.000000 0.000000
vt 0.000000 0.000000
vt 0.000000 0.000000
vt 0.000000 0.000000
vt 0.000000 0.000000
vt 0.000000 0.000000
vt 0.000000 0.000000
vt 0.000000 0.000000
vt 0.000000 0.000000
vt 0.000000 0.000000
vt 0.000000 0.000000
vt 0.000000 0.000000
vt 0.000000 0.000000
vt 0.000000 0.000000
vt 0.000000 0.000000
vt 0.000000 0.000000
vt 0.000000 0.000000
vt 0.000000 0.000000
vt 0.000000 0.000000
vt 0.000000 0.000000
vt 0.000000 0.000000
vt 0.000000 0.000000
vt 0.000000 0.000000
vt 0.000000 0.000000
vt 0.000000 0.000000
vt 0.000000 0.000000
vt 0.000000 0.000000
vt 0.000000 0.000000
vt 0.000000 0.000000
vt 0.000000 0.000000
vt 0.000000 0.000000
vt 0.000000 0.000000
vt 0.000000 0.000000
vt 0.000000 0.000000
vt 0.000000 0.000000
vt 0.000000 0.000000
vt 0.000000 0.000000
vt 0.000000 0.000000
vt 0.000000 0.000000
vt 0.000000 0.000000
vt 0.000000 0.000000
vt 0.000000 0.000000
vt 0.000000 0.000000
vt 0.000000 0.000000
vt 0.000000 0.000000
vt 0.000000 0.000000
vt 0.000000 0.000000
vt 0.000000 0.000000
vt 0.000000 0.000000
vt 0.000000 0.000000
vt 0.000000 0.000000
vt 0.000000 0.000000
vt 0.000000 0.000000
vt 0.000000 0.000000
vt 0.000000 0.000000
vt 0.000000 0.000000
vt 0.000000 0.000000
vt 0.000000 0.000000
vt 0.000000 0.000000
vt 0.000000 0.000000
vt 0.000000 0.000000
vt 0.000000 0.000000
vt 0.000000 0.000000
vt 0.000000 0.000000
vt 0.000000 0.000000
vt 0.000000 0.000000
vt 0.000000 0.000000
vt 0.000000 0.000000
vt 0.000000 0.000000
vt 0.000000 0.000000
vt 0.000000 0.000000
vt 0.000000 0.000000
vt 0.000000 0.000000
vt 0.000000 0.000000
vt 0.000000 0.000000
vt 0.000000 0.000000
vt 0.000000 0.000000
vt 0.000000 0.000000
vt 0.000000 0.000000
vt 0.000000 0.000000
vt 0.000000 0.000000
vt 0.000000 0.000000
vt 0.000000 0.000000
vt 0.000000 0.000000
vt 0.000000 0.000000
vt 0.000000 0.000000
vt 0.000000 0.000000
vt 0.000000 0.000000
vt 0.000000 0.000000
vt 0.000000 0.000000
vt 0.000000 0.000000
vt 0.000000 0.000000
vt 0.000000 0.000000
vt 0.000000 0.000000
vt 0.000000 0.000000
vt 0.000000 0.000000
vt 0.000000 0.000000
vt 0.000000 0.000000
vt 0.000000 0.000000
vn 0.0000 -0.9926 0.1215
vn -0.0000 0.9635 0.2676
vn -0.0000 -0.9635 -0.2676
vn -0.0000 0.7878 0.6160
vn 0.0000 -0.7878 -0.6160
vn 0.0000 0.4921 0.8705
vn -0.0000 -0.4921 -0.8705
vn 0.0000 0.1215 0.9926
vn -0.0000 -0.2676 0.9635
vn 0.0000 0.6160 -0.7878
vn 0.0000 0.2676 -0.9635
vn -0.0000 -0.6160 0.7878
vn 0.0000 0.8705 -0.4921
vn -0.0000 -0.8705 0.4921
vn 0.0000 0.9926 -0.1215
vn -1.0000 0.0000 0.0000
vn 0.0000 -0.1215 -0.9926
vn -0.9138 0.0792 -0.3984
vn -0.3601 0.1820 -0.9150
vn -0.9138 0.2257 -0.3377
vn -0.3601 0.5183 -0.7757
vn -0.9138 0.3377 -0.2256
vn -0.3601 0.7757 -0.5183
vn -0.9138 0.3984 -0.0792
vn -0.3601 0.9150 -0.1820
vn -0.9138 0.3984 0.0792
vn -0.3601 0.9150 0.1820
vn -0.9138 0.3377 0.2257
vn -0.3601 0.7757 0.5183
vn -0.9138 0.2257 0.3377
vn -0.3601 0.5183 0.7757
vn -0.9138 0.0792 0.3984
vn -0.3601 0.1820 0.9150
vn -0.9138 -0.0792 0.3984
vn -0.3601 -0.1820 0.9150
vn -0.9138 -0.2257 0.3377
vn -0.3601 -0.5183 0.7757
vn -0.9138 -0.3377 0.2257
vn -0.3601 -0.7757 0.5183
vn -0.9138 -0.3984 0.0792
vn -0.3601 -0.9150 0.1820
vn -0.9138 -0.3984 -0.0792
vn -0.3601 -0.9150 -0.1820
vn -0.9138 -0.3377 -0.2257
vn -0.3601 -0.7757 -0.5183
vn -0.9138 -0.2257 -0.3377
vn -0.3601 -0.5183 -0.7757
vn -0.9138 -0.0792 -0.3984
vn -0.3601 -0.1820 -0.9150
vn 0.3601 0.1820 -0.9150
vn 0.9138 0.0792 -0.3984
vn 0.3601 0.5183 -0.7757
vn 0.9138 0.2257 -0.3377
vn 0.3601 0.7757 -0.5183
vn 0.9138 0.3377 -0.2257
vn 0.3601 0.9150 -0.1820
vn 0.9138 0.3984 -0.0792
vn 0.3601 0.9150 0.1820
vn 0.9138 0.3984 0.0792
vn 0.3601 0.7757 0.5183
vn 0.9138 0.3377 0.2257
vn 0.3601 0.5183 0.7757
vn 0.9138 0.2257 0.3377
vn 0.3601 0.1820 0.9150
vn 0.9138 0.0792 0.3984
vn 0.3601 -0.1820 0.9150
vn 0.9138 -0.0792 0.3984
vn 0.3601 -0.5183 0.7757
vn 0.9138 -0.2257 0.3377
vn 0.3601 -0.7757 0.5183
vn 0.9138 -0.3377 0.2257
vn 0.3601 -0.9150 0.1820
vn 0.9138 -0.3984 0.0792
vn 0.3601 -0.9150 -0.1820
vn 0.9138 -0.3984 -0.0792
vn 0.3601 -0.7757 -0.5183
vn 0.9138 -0.3377 -0.2257
vn 0.3601 -0.5183 -0.7757
vn 0.9138 -0.2257 -0.3377
vn 0.3601 -0.1820 -0.9150
vn 0.9138 -0.0792 -0.3984
vn 1.0000 -0.0000 0.0000
vn -0.8175 -0.1133 0.5647
vn -0.8137 -0.3247 0.4822
vn -0.8086 -0.4902 0.3253
vn -0.8054 -0.5814 0.1150
vn -0.8054 -0.5814 -0.1150
vn -0.8086 -0.4902 -0.3253
vn -0.8137 -0.3247 -0.4822
vn -0.8175 -0.1133 -0.5647
vn -0.8175 0.1133 -0.5647
vn -0.8137 0.3247 -0.4822
vn -0.8086 0.4902 -0.3253
vn -0.8054 0.5814 -0.1150
vn -0.8054 0.5814 0.1150
vn -0.8086 0.4902 0.3253
vn -0.8137 0.3247 0.4822
vn -0.8175 0.1133 0.5647
vn -0.1192 -0.1937 0.9738
vn -0.1192 -0.5516 0.8255
vn -0.1192 -0.8255 0.5516
vn -0.1192 -0.9738 -0.1937
vn -0.1192 -0.8255 -0.5516
vn -0.1192 -0.5516 -0.8255
vn -0.1192 -0.1937 -0.9738
vn -0.1192 0.1937 -0.9738
vn -0.1192 0.5516 -0.8255
vn -0.1192 0.8255 -0.5516
vn -0.1192 0.9738 -0.1937
vn -0.1192 0.9738 0.1937
vn -0.1192 0.8255 0.5516
vn -0.1192 0.5516 0.8255
vn -0.1192 -0.9738 0.1937
vn -0.1192 0.1937 0.9738
vn -0.9164 0.0781 -0.3925
vn -0.9164 0.3327 -0.2223
vn -0.9164 0.3925 0.0781
vn -0.9164 0.2223 0.3327
vn -0.9164 -0.0781 0.3925
vn -0.9164 -0.3327 0.2223
vn -0.9164 -0.3925 -0.0781
vn -0.9164 -0.2223 -0.3327
vn -0.9854 0.0946 -0.1416
vn -0.9854 0.1416 -0.0946
vn -0.9854 0.1671 -0.0332
vn -0.9854 0.1671 0.0332
vn -0.9854 0.1416 0.0946
vn -0.9854 0.0946 0.1416
vn -0.9854 0.0332 0.1671
vn -0.9854 -0.0332 0.1671
vn -0.9854 -0.0946 0.1416
vn -0.9854 -0.1416 0.0946
vn -0.9854 -0.1671 0.0332
vn -0.9854 -0.1671 -0.0332
vn -0.9854 -0.1416 -0.0946
vn -0.9854 -0.0946 -0.1416
vn -0.9854 -0.0332 -0.1671
vn -0.9854 0.0332 -0.1671
vn -0.9164 -0.0781 -0.3925
vn -0.9164 -0.3327 -0.2223
vn -0.9164 -0.3925 0.0781
vn -0.9164 -0.2223 0.3327
vn -0.9164 0.0781 0.3925
vn -0.9164 0.3327 0.2223
vn -0.9164 0.3925 -0.0781
vn -0.9164 0.2223 -0.3327
usemtl Material
s off
f 2145/2328/1272 2146/2329/1272 2026/2330/1272 2023/2331/1272
f 2138/2332/1273 2139/2333/1273 2005/2334/1273 2002/2335/1273
f 2146/2329/1274 2147/2336/1274 2029/2337/1274 2026/2330/1274
f 2139/2333/1275 2140/2338/1275 2008/2339/1275 2005/2334/1275
f 2147/2336/1276 2148/2340/1276 2032/2341/1276 2029/2337/1276
f 2140/2338/1277 2141/2342/1277 2011/2343/1277 2008/2339/1277
f 2148/2340/1278 2133/2344/1278 2035/2345/1278 2032/2341/1278
f 2141/2342/1279 2142/2346/1279 2014/2347/1279 2011/2343/1279
f 2142/2346/1280 2143/2348/1280 2017/2349/1280 2014/2347/1280
f 2135/2350/1281 2136/2351/1281 1996/2352/1281 1993/2353/1281
f 2134/2354/1282 2135/2350/1282 1993/2353/1282 1989/2355/1282
f 2143/2348/1283 2144/2356/1283 2020/2357/1283 2017/2349/1283
f 2136/2351/1284 2137/2358/1284 1999/2359/1284 1996/2352/1284
f 2144/2356/1285 2145/2328/1285 2023/2331/1285 2020/2357/1285
f 2137/2358/1286 2138/2332/1286 2002/2335/1286 1999/2359/1286
f 2104/2360/1287 2101/2361/1287 2038/2362/1287 2040/2363/1287
f 2101/2361/1287 2105/2364/1287 2044/2365/1287 2038/2362/1287
f 2105/2364/1287 2107/2366/1287 2047/2367/1287 2044/2365/1287
f 2107/2366/1287 2109/2368/1287 2050/2369/1287 2047/2367/1287
f 2109/2368/1287 2111/2370/1287 2053/2371/1287 2050/2369/1287
f 2111/2370/1287 2113/2372/1287 2056/2373/1287 2053/2371/1287
f 2113/2372/1287 2115/2374/1287 2059/2375/1287 2056/2373/1287
f 2115/2374/1287 2117/2376/1287 2062/2377/1287 2059/2375/1287
f 2117/2376/1287 2119/2378/1287 2065/2379/1287 2062/2377/1287
f 2119/2378/1287 2121/2380/1287 2068/2381/1287 2065/2379/1287
f 2121/2380/1287 2123/2382/1287 2071/2383/1287 2068/2381/1287
f 2123/2382/1287 2125/2384/1287 2074/2385/1287 2071/2383/1287
f 2125/2384/1287 2127/2386/1287 2077/2387/1287 2074/2385/1287
f 2127/2386/1287 2129/2388/1287 2080/2389/1287 2077/2387/1287
f 2129/2388/1287 2131/2390/1287 2083/2391/1287 2080/2389/1287
f 2131/2390/1287 2104/2360/1287 2040/2363/1287 2083/2391/1287
f 2133/2344/1288 2134/2354/1288 1989/2355/1288 2035/2345/1288
f 2038/2362/1289 2039/2392/1289 2042/2393/1289 2040/2363/1289
f 2039/2392/1290 2037/2394/1290 2041/2395/1290 2042/2393/1290
f 2044/2365/1291 2045/2396/1291 2039/2392/1291 2038/2362/1291
f 2045/2396/1292 2043/2397/1292 2037/2394/1292 2039/2392/1292
f 2047/2367/1293 2048/2398/1293 2045/2396/1293 2044/2365/1293
f 2048/2398/1294 2046/2399/1294 2043/2397/1294 2045/2396/1294
f 2050/2369/1295 2051/2400/1295 2048/2398/1295 2047/2367/1295
f 2051/2400/1296 2049/2401/1296 2046/2399/1296 2048/2398/1296
f 2053/2371/1297 2054/2402/1297 2051/2400/1297 2050/2369/1297
f 2054/2402/1298 2052/2403/1298 2049/2401/1298 2051/2400/1298
f 2056/2373/1299 2057/2404/1299 2054/2402/1299 2053/2371/1299
f 2057/2404/1300 2055/2405/1300 2052/2403/1300 2054/2402/1300
f 2059/2375/1301 2060/2406/1301 2057/2404/1301 2056/2373/1301
f 2060/2406/1302 2058/2407/1302 2055/2405/1302 2057/2404/1302
f 2062/2377/1303 2063/2408/1303 2060/2406/1303 2059/2375/1303
f 2063/2408/1304 2061/2409/1304 2058/2407/1304 2060/2406/1304
f 2065/2379/1305 2066/2410/1305 2063/2408/1305 2062/2377/1305
f 2066/2410/1306 2064/2411/1306 2061/2409/1306 2063/2408/1306
f 2068/2381/1307 2069/2412/1307 2066/2410/1307 2065/2379/1307
f 2069/2412/1308 2067/2413/1308 2064/2411/1308 2066/2410/1308
f 2071/2383/1309 2072/2414/1309 2069/2412/1309 2068/2381/1309
f 2072/2414/1310 2070/2415/1310 2067/2413/1310 2069/2412/1310
f 2074/2385/1311 2075/2416/1311 2072/2414/1311 2071/2383/1311
f 2075/2416/1312 2073/2417/1312 2070/2415/1312 2072/2414/1312
f 2077/2387/1313 2078/2418/1313 2075/2416/1313 2074/2385/1313
f 2078/2418/1314 2076/2419/1314 2073/2417/1314 2075/2416/1314
f 2080/2389/1315 2081/2420/1315 2078/2418/1315 2077/2387/1315
f 2081/2420/1316 2079/2421/1316 2076/2419/1316 2078/2418/1316
f 2083/2391/1317 2084/2422/1317 2081/2420/1317 2080/2389/1317
f 2084/2422/1318 2082/2423/1318 2079/2421/1318 2081/2420/1318
f 2040/2363/1319 2042/2393/1319 2084/2422/1319 2083/2391/1319
f 2042/2393/1320 2041/2395/1320 2082/2423/1320 2084/2422/1320
f 1993/2353/1321 1994/2424/1321 1991/2425/1321 1989/2355/1321
f 1994/2424/1322 1992/2426/1322 1990/2427/1322 1991/2425/1322
f 1996/2352/1323 1997/2428/1323 1994/2424/1323 1993/2353/1323
f 1997/2428/1324 1995/2429/1324 1992/2426/1324 1994/2424/1324
f 1999/2359/1325 2000/2430/1325 1997/2428/1325 1996/2352/1325
f 2000/2430/1326 1998/2431/1326 1995/2429/1326 1997/2428/1326
f 2002/2335/1327 2003/2432/1327 2000/2430/1327 1999/2359/1327
f 2003/2432/1328 2001/2433/1328 1998/2431/1328 2000/2430/1328
f 2005/2334/1329 2006/2434/1329 2003/2432/1329 2002/2335/1329
f 2006/2434/1330 2004/2435/1330 2001/2433/1330 2003/2432/1330
f 2008/2339/1331 2009/2436/1331 2006/2434/1331 2005/2334/1331
f 2009/2436/1332 2007/2437/1332 2004/2435/1332 2006/2434/1332
f 2011/2343/1333 2012/2438/1333 2009/2436/1333 2008/2339/1333
f 2012/2438/1334 2010/2439/1334 2007/2437/1334 2009/2436/1334
f 2014/2347/1335 2015/2440/1335 2012/2438/1335 2011/2343/1335
f 2015/2440/1336 2013/2441/1336 2010/2439/1336 2012/2438/1336
f 2017/2349/1337 2018/2442/1337 2015/2440/1337 2014/2347/1337
f 2018/2442/1338 2016/2443/1338 2013/2441/1338 2015/2440/1338
f 2020/2357/1339 2021/2444/1339 2018/2442/1339 2017/2349/1339
f 2021/2444/1340 2019/2445/1340 2016/2443/1340 2018/2442/1340
f 2023/2331/1341 2024/2446/1341 2021/2444/1341 2020/2357/1341
f 2024/2446/1342 2022/2447/1342 2019/2445/1342 2021/2444/1342
f 2026/2330/1343 2027/2448/1343 2024/2446/1343 2023/2331/1343
f 2027/2448/1344 2025/2449/1344 2022/2447/1344 2024/2446/1344
f 2029/2337/1345 2030/2450/1345 2027/2448/1345 2026/2330/1345
f 2030/2450/1346 2028/2451/1346 2025/2449/1346 2027/2448/1346
f 2032/2341/1347 2033/2452/1347 2030/2450/1347 2029/2337/1347
f 2033/2452/1348 2031/2453/1348 2028/2451/1348 2030/2450/1348
f 2035/2345/1349 2036/2454/1349 2033/2452/1349 2032/2341/1349
f 2036/2454/1350 2034/2455/1350 2031/2453/1350 2033/2452/1350
f 1989/2355/1351 1991/2425/1351 2036/2454/1351 2035/2345/1351
f 1991/2425/1352 1990/2427/1352 2034/2455/1352 2036/2454/1352
f 1992/2426/1353 1995/2429/1353 1998/2431/1353 2001/2433/1353 2004/2435/1353 2007/2437/1353 2010/2439/1353 2013/2441/1353 2016/2443/1353 2019/2445/1353 2022/2447/1353 2025/2449/1353 2028/2451/1353 2031/2453/1353 2034/2455/1353 1990/2427/1353
f 2102/2456/1354 2101/2361/1354 2104/2360/1354 2103/2457/1354
f 2106/2458/1355 2105/2364/1355 2101/2361/1355 2102/2456/1355
f 2108/2459/1356 2107/2366/1356 2105/2364/1356 2106/2458/1356
f 2110/2460/1357 2109/2368/1357 2107/2366/1357 2108/2459/1357
f 2112/2461/1358 2111/2370/1358 2109/2368/1358 2110/2460/1358
f 2114/2462/1359 2113/2372/1359 2111/2370/1359 2112/2461/1359
f 2116/2463/1360 2115/2374/1360 2113/2372/1360 2114/2462/1360
f 2118/2464/1361 2117/2376/1361 2115/2374/1361 2116/2463/1361
f 2120/2465/1362 2119/2378/1362 2117/2376/1362 2118/2464/1362
f 2122/2466/1363 2121/2380/1363 2119/2378/1363 2120/2465/1363
f 2124/2467/1364 2123/2382/1364 2121/2380/1364 2122/2466/1364
f 2126/2468/1365 2125/2384/1365 2123/2382/1365 2124/2467/1365
f 2128/2469/1366 2127/2386/1366 2125/2384/1366 2126/2468/1366
f 2130/2470/1367 2129/2388/1367 2127/2386/1367 2128/2469/1367
f 2132/2471/1368 2131/2390/1368 2129/2388/1368 2130/2470/1368
f 2103/2457/1369 2104/2360/1369 2131/2390/1369 2132/2471/1369
f 2082/2423/1288 2041/2395/1288 2134/2354/1288 2133/2344/1288
f 2046/2399/1286 2049/2401/1286 2138/2332/1286 2137/2358/1286
f 2067/2413/1285 2070/2415/1285 2145/2328/1285 2144/2356/1285
f 2043/2397/1284 2046/2399/1284 2137/2358/1284 2136/2351/1284
f 2064/2411/1283 2067/2413/1283 2144/2356/1283 2143/2348/1283
f 2041/2395/1282 2037/2394/1282 2135/2350/1282 2134/2354/1282
f 2037/2394/1281 2043/2397/1281 2136/2351/1281 2135/2350/1281
f 2061/2409/1280 2064/2411/1280 2143/2348/1280 2142/2346/1280
f 2058/2407/1279 2061/2409/1279 2142/2346/1279 2141/2342/1279
f 2079/2421/1278 2082/2423/1278 2133/2344/1278 2148/2340/1278
f 2055/2405/1277 2058/2407/1277 2141/2342/1277 2140/2338/1277
f 2076/2419/1276 2079/2421/1276 2148/2340/1276 2147/2336/1276
f 2052/2403/1275 2055/2405/1275 2140/2338/1275 2139/2333/1275
f 2073/2417/1274 2076/2419/1274 2147/2336/1274 2146/2329/1274
f 2049/2401/1273 2052/2403/1273 2139/2333/1273 2138/2332/1273
f 2070/2415/1272 2073/2417/1272 2146/2329/1272 2145/2328/1272
usemtl Material.002
f 1958/2472/1370 1957/2473/1370 2102/2456/1370 2103/2457/1370
f 1957/2473/1371 1959/2474/1371 2106/2458/1371 2102/2456/1371
f 1942/2475/1287 1941/2476/1287 1956/2477/1287 1955/2478/1287 1954/2479/1287 1953/2480/1287 1952/2481/1287 1951/2482/1287 1950/2483/1287 1949/2484/1287 1948/2485/1287 1947/2486/1287 1946/2487/1287 1945/2488/1287 1944/2489/1287 1943/2490/1287
f 1959/2474/1372 1960/2491/1372 2108/2459/1372 2106/2458/1372
f 1961/2492/1373 1962/2493/1373 2112/2461/1373 2110/2460/1373
f 1962/2493/1374 1963/2494/1374 2114/2462/1374 2112/2461/1374
f 1963/2494/1375 1964/2495/1375 2116/2463/1375 2114/2462/1375
f 1964/2495/1376 1965/2496/1376 2118/2464/1376 2116/2463/1376
f 1965/2496/1377 1966/2497/1377 2120/2465/1377 2118/2464/1377
f 1966/2497/1378 1967/2498/1378 2122/2466/1378 2120/2465/1378
f 1967/2498/1379 1968/2499/1379 2124/2467/1379 2122/2466/1379
f 1968/2499/1380 1969/2500/1380 2126/2468/1380 2124/2467/1380
f 1969/2500/1381 1970/2501/1381 2128/2469/1381 2126/2468/1381
f 1970/2501/1382 1971/2502/1382 2130/2470/1382 2128/2469/1382
f 1971/2502/1383 1972/2503/1383 2132/2471/1383 2130/2470/1383
f 1960/2491/1384 1961/2492/1384 2110/2460/1384 2108/2459/1384
f 1972/2503/1385 1958/2472/1385 2103/2457/1385 2132/2471/1385
f 2085/2504/1386 2086/2505/1386 1957/2473/1386 1958/2472/1386
f 2087/2506/1387 2088/2507/1387 1960/2491/1387 1959/2474/1387
f 2089/2508/1388 2090/2509/1388 1962/2493/1388 1961/2492/1388
f 2091/2510/1389 2092/2511/1389 1964/2495/1389 1963/2494/1389
f 2093/2512/1390 2094/2513/1390 1966/2497/1390 1965/2496/1390
f 2095/2514/1391 2096/2515/1391 1968/2499/1391 1967/2498/1391
f 2097/2516/1392 2098/2517/1392 1970/2501/1392 1969/2500/1392
f 2099/2518/1393 2100/2519/1393 1972/2503/1393 1971/2502/1393
f 1942/2475/1394 1943/2490/1394 1975/2520/1394 1973/2521/1394
f 1943/2490/1395 1944/2489/1395 1976/2522/1395 1975/2520/1395
f 1944/2489/1396 1945/2488/1396 1977/2523/1396 1976/2522/1396
f 1945/2488/1397 1946/2487/1397 1978/2524/1397 1977/2523/1397
f 1946/2487/1398 1947/2486/1398 1979/2525/1398 1978/2524/1398
f 1947/2486/1399 1948/2485/1399 1980/2526/1399 1979/2525/1399
f 1948/2485/1400 1949/2484/1400 1981/2527/1400 1980/2526/1400
f 1949/2484/1401 1950/2483/1401 1982/2528/1401 1981/2527/1401
f 1950/2483/1402 1951/2482/1402 1983/2529/1402 1982/2528/1402
f 1951/2482/1403 1952/2481/1403 1984/2530/1403 1983/2529/1403
f 1952/2481/1404 1953/2480/1404 1985/2531/1404 1984/2530/1404
f 1953/2480/1405 1954/2479/1405 1986/2532/1405 1985/2531/1405
f 1954/2479/1406 1955/2478/1406 1987/2533/1406 1986/2532/1406
f 1955/2478/1407 1956/2477/1407 1988/2534/1407 1987/2533/1407
f 1956/2477/1408 1941/2476/1408 1974/2535/1408 1988/2534/1408
f 1941/2476/1409 1942/2475/1409 1973/2521/1409 1974/2535/1409
f 1988/2534/1410 1974/2535/1410 2085/2504/1410 2100/2519/1410
f 1987/2533/1393 1988/2534/1393 2100/2519/1393 2099/2518/1393
f 1986/2532/1411 1987/2533/1411 2099/2518/1411 2098/2517/1411
f 1985/2531/1392 1986/2532/1392 2098/2517/1392 2097/2516/1392
f 1984/2530/1412 1985/2531/1412 2097/2516/1412 2096/2515/1412
f 1983/2529/1391 1984/2530/1391 2096/2515/1391 2095/2514/1391
f 1982/2528/1413 1983/2529/1413 2095/2514/1413 2094/2513/1413
f 1981/2527/1390 1982/2528/1390 2094/2513/1390 2093/2512/1390
f 1980/2526/1414 1981/2527/1414 2093/2512/1414 2092/2511/1414
f 1979/2525/1389 1980/2526/1389 2092/2511/1389 2091/2510/1389
f 1978/2524/1415 1979/2525/1415 2091/2510/1415 2090/2509/1415
f 1977/2523/1388 1978/2524/1388 2090/2509/1388 2089/2508/1388
f 1976/2522/1416 1977/2523/1416 2089/2508/1416 2088/2507/1416
f 1975/2520/1387 1976/2522/1387 2088/2507/1387 2087/2506/1387
f 1973/2521/1417 1975/2520/1417 2087/2506/1417 2086/2505/1417
f 1974/2535/1386 1973/2521/1386 2086/2505/1386 2085/2504/1386
o Cube.004
v 1.031717 0.668158 -0.994185
v 1.031717 0.694270 -0.988991
v 1.031717 0.716406 -0.974200
v 1.031717 0.731197 -0.952063
v 1.031717 0.736391 -0.925952
v 1.031717 0.731197 -0.899840
v 1.031717 0.716406 -0.877704
v 1.031717 0.694270 -0.862913
v 1.031717 0.668158 -0.857719
v 1.031717 0.642047 -0.862913
v 1.031717 0.619910 -0.877704
v 1.031717 0.605119 -0.899840
v 1.031717 0.599925 -0.925952
v 1.031717 0.605119 -0.952064
v 1.031717 0.619910 -0.974200
v 1.031717 0.642047 -0.988991
v 0.936934 0.818626 -1.289213
v 0.936934 0.668158 -1.319143
v 0.936934 0.946186 -1.203980
v 0.936934 1.031419 -1.076419
v 0.936934 1.061349 -0.925952
v 0.936934 1.031419 -0.775484
v 0.936934 0.946186 -0.647924
v 0.936934 0.818626 -0.562691
v 0.936934 0.668158 -0.532761
v 0.936934 0.517691 -0.562691
v 0.936934 0.390130 -0.647924
v 0.936934 0.304897 -0.775484
v 0.936934 0.274967 -0.925952
v 0.936934 0.304897 -1.076419
v 0.936934 0.390131 -1.203980
v 0.936934 0.517691 -1.289213
v 1.008844 0.749673 -1.122745
v 1.008844 0.668158 -1.138959
v 1.008844 0.818777 -1.076571
v 1.008844 0.864951 -1.007466
v 1.008844 0.881166 -0.925952
v 1.008844 0.864951 -0.844437
v 1.008844 0.818777 -0.775333
v 1.008844 0.749673 -0.729159
v 1.008844 0.668158 -0.712944
v 1.008844 0.586644 -0.729159
v 1.008844 0.517539 -0.775333
v 1.008844 0.471365 -0.844437
v 1.008844 0.455151 -0.925952
v 1.008844 0.471365 -1.007466
v 1.008844 0.517539 -1.076571
v 1.008844 0.586644 -1.122745
v 0.998713 0.729335 -1.073644
v 0.998713 0.668158 -1.085813
v 0.998713 0.781197 -1.038991
v 0.998713 0.815851 -0.987128
v 0.998713 0.828020 -0.925952
v 0.998713 0.815851 -0.864775
v 0.998713 0.781197 -0.812913
v 0.998713 0.729335 -0.778259
v 0.998713 0.668158 -0.766090
v 0.998713 0.606982 -0.778259
v 0.998713 0.555119 -0.812913
v 0.998713 0.520466 -0.864775
v 0.998713 0.508297 -0.925952
v 0.998713 0.520466 -0.987128
v 0.998713 0.555119 -1.038991
v 0.998713 0.606982 -1.073645
v 0.750965 0.668158 -1.570208
v 0.683696 0.668158 -1.501622
v 0.703398 0.668158 -1.550120
v 0.683696 0.888458 -1.457802
v 0.750965 0.914705 -1.521167
v 0.703398 0.907017 -1.502608
v 0.683696 1.075219 -1.333012
v 0.750965 1.123717 -1.381510
v 0.703398 1.109512 -1.367305
v 0.683696 1.200008 -1.146251
v 0.750965 1.263374 -1.172498
v 0.703398 1.244815 -1.164811
v 0.683696 1.243829 -0.925952
v 0.750965 1.312415 -0.925952
v 0.703398 1.292326 -0.925952
v 0.683696 1.200008 -0.705652
v 0.750965 1.263374 -0.679405
v 0.703398 1.244815 -0.687093
v 0.683696 1.075219 -0.518891
v 0.750965 1.123717 -0.470393
v 0.703398 1.109512 -0.484598
v 0.683696 0.888458 -0.394102
v 0.750965 0.914705 -0.330736
v 0.703398 0.907017 -0.349296
v 0.683696 0.668158 -0.350282
v 0.750965 0.668158 -0.281695
v 0.703398 0.668158 -0.301783
v 0.683696 0.447859 -0.394102
v 0.750965 0.421612 -0.330736
v 0.703398 0.429300 -0.349295
v 0.683696 0.261098 -0.518891
v 0.750965 0.212600 -0.470393
v 0.703398 0.226805 -0.484598
v 0.683696 0.136308 -0.705652
v 0.750965 0.072943 -0.679405
v 0.703398 0.091502 -0.687093
v 0.683696 0.092488 -0.925952
v 0.750965 0.023902 -0.925952
v 0.703398 0.043990 -0.925952
v 0.683696 0.136308 -1.146251
v 0.750965 0.072943 -1.172498
v 0.703398 0.091502 -1.164811
v 0.683696 0.261098 -1.333012
v 0.750965 0.212600 -1.381510
v 0.703398 0.226805 -1.367306
v 0.683696 0.447859 -1.457802
v 0.750965 0.421612 -1.521167
v 0.703398 0.429300 -1.502608
v 0.960505 0.950223 -1.505181
v 1.027774 0.888458 -1.457802
v 1.008072 0.907017 -1.502608
v 1.027774 0.668158 -1.501622
v 0.960505 0.707090 -1.569031
v 1.008072 0.668158 -1.550120
v 0.960505 1.150413 -1.353148
v 1.027774 1.075219 -1.333012
v 1.008072 1.109512 -1.367305
v 0.960505 1.277185 -1.136079
v 1.027774 1.200008 -1.146251
v 1.008072 1.244814 -1.164811
v 0.960505 1.311238 -0.887020
v 1.027774 1.243829 -0.925952
v 1.008072 1.292326 -0.925952
v 0.960505 1.247387 -0.643887
v 1.027774 1.200008 -0.705652
v 1.008072 1.244814 -0.687093
v 0.960505 1.095355 -0.443697
v 1.027774 1.075219 -0.518891
v 1.008072 1.109512 -0.484598
v 0.960505 0.878286 -0.316925
v 1.027774 0.888458 -0.394102
v 1.008072 0.907017 -0.349296
v 0.960505 0.629226 -0.282872
v 1.027774 0.668158 -0.350282
v 1.008072 0.668158 -0.301783
v 0.960505 0.386094 -0.346722
v 1.027774 0.447859 -0.394102
v 1.008072 0.429300 -0.349295
v 0.960505 0.185903 -0.498755
v 1.027774 0.261098 -0.518891
v 1.008072 0.226805 -0.484598
v 0.960505 0.059132 -0.715824
v 1.027774 0.136308 -0.705652
v 1.008072 0.091502 -0.687093
v 0.960505 0.025079 -0.964884
v 1.027774 0.092488 -0.925952
v 1.008072 0.043990 -0.925952
v 0.960505 0.088929 -1.208016
v 1.027774 0.136308 -1.146251
v 1.008072 0.091502 -1.164811
v 0.960505 0.240962 -1.408207
v 1.027774 0.261098 -1.333012
v 1.008072 0.226805 -1.367306
v 0.960505 0.458031 -1.534978
v 1.027774 0.447859 -1.457802
v 1.008072 0.429300 -1.502608
v 1.027774 0.838615 -1.337471
v 1.001244 0.823245 -1.300365
v 1.001241 0.668158 -1.331213
v 1.027774 0.668158 -1.371706
v 1.027774 0.982596 -1.240389
v 1.001254 0.954723 -1.212517
v 1.027774 1.078400 -1.095880
v 1.001264 1.042575 -1.081040
v 1.027774 1.111984 -0.925952
v 1.001270 1.073425 -0.925952
v 1.027774 1.078400 -0.756024
v 1.001264 1.042575 -0.770863
v 1.027774 0.982596 -0.611514
v 1.001254 0.954723 -0.639387
v 1.027774 0.838615 -0.514433
v 1.001244 0.823245 -0.551538
v 1.027774 0.668158 -0.480197
v 1.001241 0.668158 -0.520690
v 1.027774 0.497702 -0.514433
v 1.001244 0.513071 -0.551538
v 1.027774 0.353721 -0.611514
v 1.001254 0.381594 -0.639387
v 1.027774 0.257916 -0.756024
v 1.001264 0.293741 -0.770863
v 1.027774 0.224333 -0.925952
v 1.001270 0.262891 -0.925952
v 1.027774 0.257916 -1.095880
v 1.001264 0.293741 -1.081040
v 1.027774 0.353721 -1.240390
v 1.001254 0.381594 -1.212517
v 1.027774 0.497702 -1.337471
v 1.001244 0.513071 -1.300365
v 0.855735 0.468663 -1.538543
v 0.855735 0.718277 -1.568256
v 0.855735 0.960261 -1.500184
v 0.855735 1.157775 -1.344690
v 0.855735 1.280750 -1.125448
v 0.855735 1.310463 -0.875833
v 0.855735 1.242391 -0.633849
v 0.855735 1.086897 -0.436335
v 0.855735 0.867654 -0.313360
v 0.855735 0.618040 -0.283647
v 0.855735 0.376056 -0.351719
v 0.855735 0.178541 -0.507213
v 0.855735 0.055567 -0.726456
v 0.855735 0.025854 -0.976070
v 0.855735 0.093926 -1.218055
v 0.855735 0.249420 -1.415569
v 1.027774 0.778308 -1.479712
v 1.008072 0.787588 -1.526364
v 0.960505 0.828657 -1.537106
v 1.027774 0.981838 -1.395407
v 1.008072 1.008265 -1.434957
v 0.960505 1.050318 -1.429165
v 1.027774 1.137613 -1.239632
v 1.008072 1.177163 -1.266058
v 0.960505 1.213799 -1.244614
v 1.027774 1.221918 -1.036101
v 1.008072 1.268570 -1.045381
v 0.960505 1.294211 -1.011549
v 1.027774 1.221918 -0.815802
v 1.008072 1.268570 -0.806522
v 0.960505 1.279313 -0.765453
v 1.027774 1.137613 -0.612272
v 1.008072 1.177163 -0.585845
v 0.960505 1.171371 -0.543792
v 1.027774 0.981838 -0.456497
v 1.008072 1.008265 -0.416947
v 0.960505 0.986820 -0.380311
v 1.027774 0.778308 -0.372192
v 1.008072 0.787588 -0.325539
v 0.960505 0.753756 -0.299899
v 1.027774 0.558009 -0.372192
v 1.008072 0.548729 -0.325539
v 0.960505 0.507660 -0.314797
v 1.027774 0.354479 -0.456497
v 1.008072 0.328052 -0.416947
v 0.960505 0.285999 -0.422739
v 1.027774 0.198703 -0.612272
v 1.008072 0.159154 -0.585845
v 0.960505 0.122518 -0.607290
v 1.027774 0.114398 -0.815802
v 1.008072 0.067746 -0.806522
v 0.960505 0.042105 -0.840354
v 1.027774 0.114398 -1.036102
v 1.008072 0.067746 -1.045381
v 0.960505 0.057004 -1.086450
v 1.027774 0.198703 -1.239632
v 1.008072 0.159153 -1.266058
v 0.960505 0.164945 -1.308112
v 1.027774 0.354479 -1.395407
v 1.008072 0.328052 -1.434957
v 0.960505 0.349497 -1.471593
v 1.027774 0.558009 -1.479712
v 1.008072 0.548729 -1.526364
v 0.960505 0.582561 -1.552005
v 0.750965 0.791431 -1.545688
v 0.703398 0.787588 -1.526364
v 0.683696 0.778308 -1.479712
v 0.750965 1.019211 -1.451339
v 0.703398 1.008265 -1.434957
v 0.683696 0.981838 -1.395407
v 0.750965 1.193545 -1.277004
v 0.703398 1.177163 -1.266058
v 0.683696 1.137613 -1.239632
v 0.750965 1.287894 -1.049225
v 0.703398 1.268571 -1.045381
v 0.683696 1.221918 -1.036101
v 0.750965 1.287894 -0.802679
v 0.703398 1.268571 -0.806522
v 0.683696 1.221918 -0.815802
v 0.750965 1.193545 -0.574899
v 0.703398 1.177163 -0.585846
v 0.683696 1.137613 -0.612272
v 0.750965 1.019211 -0.400565
v 0.703398 1.008265 -0.416947
v 0.683696 0.981838 -0.456497
v 0.750965 0.791432 -0.306216
v 0.703398 0.787588 -0.325539
v 0.683696 0.778308 -0.372192
v 0.750965 0.544885 -0.306215
v 0.703398 0.548729 -0.325539
v 0.683696 0.558009 -0.372192
v 0.750965 0.317106 -0.400565
v 0.703398 0.328052 -0.416947
v 0.683696 0.354479 -0.456497
v 0.750965 0.142771 -0.574899
v 0.703398 0.159154 -0.585845
v 0.683696 0.198703 -0.612272
v 0.750965 0.048422 -0.802678
v 0.703398 0.067746 -0.806522
v 0.683696 0.114398 -0.815802
v 0.750965 0.048422 -1.049225
v 0.703398 0.067746 -1.045381
v 0.683696 0.114398 -1.036102
v 0.750965 0.142771 -1.277004
v 0.703398 0.159154 -1.266058
v 0.683696 0.198703 -1.239632
v 0.750965 0.317106 -1.451339
v 0.703398 0.328052 -1.434957
v 0.683696 0.354479 -1.395407
v 0.750965 0.544885 -1.545688
v 0.703398 0.548729 -1.526364
v 0.683696 0.558009 -1.479712
v 0.803350 0.421612 -1.521167
v 0.908120 0.693700 -1.569702
v 0.908120 0.938108 -1.510925
v 0.908120 1.141419 -1.363091
v 0.908120 1.272680 -1.148707
v 0.908120 1.311908 -0.900410
v 0.908120 1.253132 -0.656002
v 0.908120 1.105298 -0.452691
v 0.908120 0.890914 -0.321430
v 0.908120 0.642617 -0.282201
v 0.908120 0.398208 -0.340978
v 0.908120 0.194898 -0.488812
v 0.908120 0.063636 -0.703196
v 0.908120 0.024408 -0.951493
v 0.908120 0.083185 -1.195902
v 0.908120 0.231019 -1.399213
v 0.908120 0.445403 -1.530474
v 0.803350 0.668158 -1.570208
v 0.803350 0.914705 -1.521167
v 0.803350 1.123717 -1.381510
v 0.803350 1.263374 -1.172498
v 0.803350 1.312415 -0.925952
v 0.803350 1.263374 -0.679405
v 0.803350 1.123717 -0.470393
v 0.803350 0.914705 -0.330736
v 0.803350 0.668158 -0.281695
v 0.803350 0.421612 -0.330736
v 0.803350 0.212600 -0.470393
v 0.803350 0.072943 -0.679405
v 0.803350 0.023902 -0.925952
v 0.803350 0.072943 -1.172498
v 0.803350 0.212600 -1.381510
v 0.855735 0.593470 -1.553400
v 0.855735 1.295606 -1.000640
v 0.855735 0.117054 -0.616834
v 0.855735 1.219262 -1.235069
v 0.855735 0.277299 -0.429466
v 0.855735 0.839269 -1.534220
v 0.855735 1.059018 -1.422437
v 0.855735 0.497048 -0.317683
v 0.855735 0.742847 -0.298504
v 0.855735 0.359041 -1.477056
v 0.855735 0.977275 -0.374848
v 0.855735 0.171673 -1.316812
v 0.855735 1.164644 -0.535092
v 0.855735 0.059890 -1.097062
v 0.855735 1.276427 -0.754841
v 0.855735 0.040710 -0.851263
v 0.908120 0.044022 -0.827345
v 0.908120 1.282520 -0.778206
v 0.908120 0.053796 -1.073697
v 0.908120 1.179215 -0.554346
v 0.908120 0.157102 -1.297557
v 0.908120 0.998106 -0.387060
v 0.908120 0.338211 -1.464843
v 0.908120 0.766765 -0.301816
v 0.908120 0.520413 -0.311590
v 0.908120 1.039764 -1.437008
v 0.908120 0.815904 -1.540314
v 0.908120 0.296553 -0.414895
v 0.908120 1.207050 -1.255899
v 0.908120 0.129267 -0.596004
v 0.908120 1.292295 -1.024559
v 0.908120 0.569552 -1.550088
v 0.803350 0.544885 -1.545688
v 0.803350 1.287894 -1.049225
v 0.803350 0.142771 -0.574899
v 0.803350 1.193545 -1.277004
v 0.803350 0.317106 -0.400565
v 0.803350 0.791431 -1.545688
v 0.803350 1.019211 -1.451339
v 0.803350 0.544885 -0.306215
v 0.803350 0.791432 -0.306216
v 0.803350 0.317106 -1.451339
v 0.803350 1.019211 -0.400565
v 0.803350 0.142771 -1.277004
v 0.803350 1.193545 -0.574899
v 0.803350 0.048422 -1.049225
v 0.803350 1.287894 -0.802679
v 0.803350 0.048422 -0.802678
vt 0.000000 0.000000
vt 0.000000 0.000000
vt 0.000000 0.000000
vt 0.000000 0.000000
vt 0.000000 0.000000
vt 0.000000 0.000000
vt 0.000000 0.000000
vt 0.000000 0.000000
vt 0.000000 0.000000
vt 0.000000 0.000000
vt 0.000000 0.000000
vt 0.000000 0.000000
vt 0.000000 0.000000
vt 0.000000 0.000000
vt 0.000000 0.000000
vt 0.000000 0.000000
vt 0.000000 0.000000
vt 0.000000 0.000000
vt 0.000000 0.000000
vt 0.000000 0.000000
vt 0.000000 0.000000
vt 0.000000 0.000000
vt 0.000000 0.000000
vt 0.000000 0.000000
vt 0.000000 0.000000
vt 0.000000 0.000000
vt 0.000000 0.000000
vt 0.000000 0.000000
vt 0.000000 0.000000
vt 0.000000 0.000000
vt 0.000000 0.000000
vt 0.000000 0.000000
vt 0.000000 0.000000
vt 0.000000 0.000000
vt 0.000000 0.000000
vt 0.000000 0.000000
vt 0.000000 0.000000
vt 0.000000 0.000000
vt 0.000000 0.000000
vt 0.000000 0.000000
vt 0.000000 0.000000
vt 0.000000 0.000000
vt 0.000000 0.000000
vt 0.000000 0.000000
vt 0.000000 0.000000
vt 0.000000 0.000000
vt 0.000000 0.000000
vt 0.000000 0.000000
vt 0.000000 0.000000
vt 0.000000 0.000000
vt 0.000000 0.000000
vt 0.000000 0.000000
vt 0.000000 0.000000
vt 0.000000 0.000000
vt 0.000000 0.000000
vt 0.000000 0.000000
vt 0.000000 0.000000
vt 0.000000 0.000000
vt 0.000000 0.000000
vt 0.000000 0.000000
vt 0.000000 0.000000
vt 0.000000 0.000000
vt 0.000000 0.000000
vt 0.000000 0.000000
vt 0.000000 0.000000
vt 0.000000 0.000000
vt 0.000000 0.000000
vt 0.000000 0.000000
vt 0.000000 0.000000
vt 0.000000 0.000000
vt 0.000000 0.000000
vt 0.000000 0.000000
vt 0.000000 0.000000
vt 0.000000 0.000000
vt 0.000000 0.000000
vt 0.000000 0.000000
vt 0.000000 0.000000
vt 0.000000 0.000000
vt 0.000000 0.000000
vt 0.000000 0.000000
vt 0.000000 0.000000
vt 0.000000 0.000000
vt 0.000000 0.000000
vt 0.000000 0.000000
vt 0.000000 0.000000
vt 0.000000 0.000000
vt 0.000000 0.000000
vt 0.000000 0.000000
vt 0.000000 0.000000
vt 0.000000 0.000000
vt 0.000000 0.000000
vt 0.000000 0.000000
vt 0.000000 0.000000
vt 0.000000 0.000000
vt 0.000000 0.000000
vt 0.000000 0.000000
vt 0.000000 0.000000
vt 0.000000 0.000000
vt 0.000000 0.000000
vt 0.000000 0.000000
vt 0.000000 0.000000
vt 0.000000 0.000000
vt 0.000000 0.000000
vt 0.000000 0.000000
vt 0.000000 0.000000
vt 0.000000 0.000000
vt 0.000000 0.000000
vt 0.000000 0.000000
vt 0.000000 0.000000
vt 0.000000 0.000000
vt 0.000000 0.000000
vt 0.000000 0.000000
vt 0.000000 0.000000
vt 0.000000 0.000000
vt 0.000000 0.000000
vt 0.000000 0.000000
vt 0.000000 0.000000
vt 0.000000 0.000000
vt 0.000000 0.000000
vt 0.000000 0.000000
vt 0.000000 0.000000
vt 0.000000 0.000000
vt 0.000000 0.000000
vt 0.000000 0.000000
vt 0.000000 0.000000
vt 0.000000 0.000000
vt 0.000000 0.000000
vt 0.000000 0.000000
vt 0.000000 0.000000
vt 0.000000 0.000000
vt 0.000000 0.000000
vt 0.000000 0.000000
vt 0.000000 0.000000
vt 0.000000 0.000000
vt 0.000000 0.000000
vt 0.000000 0.000000
vt 0.000000 0.000000
vt 0.000000 0.000000
vt 0.000000 0.000000
vt 0.000000 0.000000
vt 0.000000 0.000000
vt 0.000000 0.000000
vt 0.000000 0.000000
vt 0.000000 0.000000
vt 0.000000 0.000000
vt 0.000000 0.000000
vt 0.000000 0.000000
vt 0.000000 0.000000
vt 0.000000 0.000000
vt 0.000000 0.000000
vt 0.000000 0.000000
vt 0.000000 0.000000
vt 0.000000 0.000000
vt 0.000000 0.000000
vt 0.000000 0.000000
vt 0.000000 0.000000
vt 0.000000 0.000000
vt 0.000000 0.000000
vt 0.000000 0.000000
vt 0.000000 0.000000
vt 0.000000 0.000000
vt 0.000000 0.000000
vt 0.000000 0.000000
vt 0.000000 0.000000
vt 0.000000 0.000000
vt 0.000000 0.000000
vt 0.000000 0.000000
vt 0.000000 0.000000
vt 0.000000 0.000000
vt 0.000000 0.000000
vt 0.000000 0.000000
vt 0.000000 0.000000
vt 0.000000 0.000000
vt 0.000000 0.000000
vt 0.000000 0.000000
vt 0.000000 0.000000
vt 0.000000 0.000000
vt 0.000000 0.000000
vt 0.000000 0.000000
vt 0.000000 0.000000
vt 0.000000 0.000000
vt 0.000000 0.000000
vt 0.000000 0.000000
vt 0.000000 0.000000
vt 0.000000 0.000000
vt 0.000000 0.000000
vt 0.000000 0.000000
vt 0.000000 0.000000
vt 0.000000 0.000000
vt 0.000000 0.000000
vt 0.000000 0.000000
vt 0.000000 0.000000
vt 0.000000 0.000000
vt 0.000000 0.000000
vt 0.000000 0.000000
vt 0.000000 0.000000
vt 0.000000 0.000000
vt 0.000000 0.000000
vt 0.000000 0.000000
vt 0.000000 0.000000
vt 0.000000 0.000000
vt 0.000000 0.000000
vt 0.000000 0.000000
vt 0.000000 0.000000
vt 0.000000 0.000000
vt 0.000000 0.000000
vt 0.000000 0.000000
vt 0.000000 0.000000
vt 0.000000 0.000000
vt 0.000000 0.000000
vt 0.000000 0.000000
vt 0.000000 0.000000
vt 0.000000 0.000000
vt 0.000000 0.000000
vt 0.000000 0.000000
vt 0.000000 0.000000
vt 0.000000 0.000000
vt 0.000000 0.000000
vt 0.000000 0.000000
vt 0.000000 0.000000
vt 0.000000 0.000000
vt 0.000000 0.000000
vt 0.000000 0.000000
vt 0.000000 0.000000
vt 0.000000 0.000000
vt 0.000000 0.000000
vt 0.000000 0.000000
vt 0.000000 0.000000
vt 0.000000 0.000000
vt 0.000000 0.000000
vt 0.000000 0.000000
vt 0.000000 0.000000
vt 0.000000 0.000000
vt 0.000000 0.000000
vt 0.000000 0.000000
vt 0.000000 0.000000
vt 0.000000 0.000000
vt 0.000000 0.000000
vt 0.000000 0.000000
vt 0.000000 0.000000
vt 0.000000 0.000000
vt 0.000000 0.000000
vt 0.000000 0.000000
vt 0.000000 0.000000
vt 0.000000 0.000000
vt 0.000000 0.000000
vt 0.000000 0.000000
vt 0.000000 0.000000
vt 0.000000 0.000000
vt 0.000000 0.000000
vt 0.000000 0.000000
vt 0.000000 0.000000
vt 0.000000 0.000000
vt 0.000000 0.000000
vt 0.000000 0.000000
vt 0.000000 0.000000
vt 0.000000 0.000000
vt 0.000000 0.000000
vt 0.000000 0.000000
vt 0.000000 0.000000
vt 0.000000 0.000000
vt 0.000000 0.000000
vt 0.000000 0.000000
vt 0.000000 0.000000
vt 0.000000 0.000000
vt 0.000000 0.000000
vt 0.000000 0.000000
vt 0.000000 0.000000
vt 0.000000 0.000000
vt 0.000000 0.000000
vt 0.000000 0.000000
vt 0.000000 0.000000
vt 0.000000 0.000000
vt 0.000000 0.000000
vt 0.000000 0.000000
vt 0.000000 0.000000
vt 0.000000 0.000000
vt 0.000000 0.000000
vt 0.000000 0.000000
vt 0.000000 0.000000
vt 0.000000 0.000000
vt 0.000000 0.000000
vt 0.000000 0.000000
vt 0.000000 0.000000
vt 0.000000 0.000000
vt 0.000000 0.000000
vt 0.000000 0.000000
vt 0.000000 0.000000
vt 0.000000 0.000000
vt 0.000000 0.000000
vt 0.000000 0.000000
vt 0.000000 0.000000
vt 0.000000 0.000000
vt 0.000000 0.000000
vt 0.000000 0.000000
vt 0.000000 0.000000
vt 0.000000 0.000000
vt 0.000000 0.000000
vt 0.000000 0.000000
vt 0.000000 0.000000
vt 0.000000 0.000000
vt 0.000000 0.000000
vt 0.000000 0.000000
vt 0.000000 0.000000
vt 0.000000 0.000000
vt 0.000000 0.000000
vt 0.000000 0.000000
vt 0.000000 0.000000
vt 0.000000 0.000000
vt 0.000000 0.000000
vt 0.000000 0.000000
vt 0.000000 0.000000
vt 0.000000 0.000000
vt 0.000000 0.000000
vt 0.000000 0.000000
vt 0.000000 0.000000
vt 0.000000 0.000000
vt 0.000000 0.000000
vt 0.000000 0.000000
vt 0.000000 0.000000
vt 0.000000 0.000000
vt 0.000000 0.000000
vt 0.000000 0.000000
vt 0.000000 0.000000
vt 0.000000 0.000000
vt 0.000000 0.000000
vt 0.000000 0.000000
vt 0.000000 0.000000
vt 0.000000 0.000000
vt 0.000000 0.000000
vt 0.000000 0.000000
vt 0.000000 0.000000
vt 0.000000 0.000000
vt 0.000000 0.000000
vt 0.000000 0.000000
vt 0.000000 0.000000
vt 0.000000 0.000000
vt 0.000000 0.000000
vt 0.000000 0.000000
vt 0.000000 0.000000
vt 0.000000 0.000000
vt 0.000000 0.000000
vt 0.000000 0.000000
vt 0.000000 0.000000
vt 0.000000 0.000000
vt 0.000000 0.000000
vt 0.000000 0.000000
vt 0.000000 0.000000
vt 0.000000 0.000000
vt 0.000000 0.000000
vt 0.000000 0.000000
vt 0.000000 0.000000
vt 0.000000 0.000000
vt 0.000000 0.000000
vt 0.000000 0.000000
vt 0.000000 0.000000
vt 0.000000 0.000000
vt 0.000000 0.000000
vt 0.000000 0.000000
vt 0.000000 0.000000
vt 0.000000 0.000000
vt 0.000000 0.000000
vt 0.000000 0.000000
vt 0.000000 0.000000
vt 0.000000 0.000000
vt 0.000000 0.000000
vt 0.000000 0.000000
vt 0.000000 0.000000
vt 0.000000 0.000000
vt 0.000000 0.000000
vt 0.000000 0.000000
vt 0.000000 0.000000
vt 0.000000 0.000000
vt 0.000000 0.000000
vt 0.000000 0.000000
vt 0.000000 0.000000
vt 0.000000 0.000000
vt 0.000000 0.000000
vt 0.000000 0.000000
vt 0.000000 0.000000
vt 0.000000 0.000000
vt 0.000000 0.000000
vt 0.000000 0.000000
vt 0.000000 0.000000
vn 0.0000 -0.9808 0.1951
vn 0.0000 0.9808 0.1951
vn -0.0000 -0.9808 -0.1951
vn 0.0000 0.8315 0.5556
vn 0.0000 -0.8315 -0.5556
vn 0.0000 0.5556 0.8315
vn 0.0000 -0.5556 -0.8315
vn 0.0000 0.1951 0.9808
vn 0.0000 -0.1951 0.9808
vn 0.0000 0.5556 -0.8315
vn 0.0000 0.1951 -0.9808
vn 0.0000 -0.5556 0.8315
vn 0.0000 0.8315 -0.5556
vn 0.0000 -0.8315 0.5556
vn 0.0000 0.9808 -0.1951
vn 1.0000 -0.0000 0.0000
vn 0.0000 -0.1951 -0.9808
vn -0.9239 -0.0747 -0.3753
vn 0.9239 0.0747 -0.3753
vn 0.3183 0.2134 -0.9236
vn 0.9239 0.2126 -0.3182
vn 0.3183 0.5506 -0.7717
vn 0.9239 0.3182 -0.2126
vn 0.3183 0.8040 -0.5022
vn 0.9239 0.3753 -0.0747
vn 0.3183 0.9350 -0.1563
vn 0.9239 0.3753 0.0747
vn 0.3183 0.9236 0.2134
vn 0.9239 0.3182 0.2126
vn 0.3183 0.7717 0.5506
vn 0.9239 0.2126 0.3182
vn 0.3183 0.5022 0.8040
vn 0.9239 0.0747 0.3753
vn 0.3183 0.1563 0.9350
vn 0.9239 -0.0747 0.3753
vn 0.3183 -0.2134 0.9236
vn 0.9239 -0.2126 0.3182
vn 0.3183 -0.5506 0.7717
vn 0.9239 -0.3182 0.2126
vn 0.3183 -0.8040 0.5022
vn 0.9239 -0.3753 0.0747
vn 0.3183 -0.9350 0.1563
vn 0.9239 -0.3753 -0.0747
vn 0.3183 -0.9236 -0.2134
vn 0.9239 -0.3182 -0.2126
vn 0.3183 -0.7717 -0.5506
vn 0.9239 -0.2126 -0.3182
vn 0.3183 -0.5022 -0.8040
vn 0.9239 -0.0747 -0.3753
vn -0.3827 0.1802 -0.9061
vn -0.9239 0.0747 -0.3753
vn -0.3827 0.5133 -0.7682
vn -0.9239 0.2126 -0.3182
vn -0.3827 0.7682 -0.5133
vn -0.9239 0.3182 -0.2126
vn -0.3827 0.9061 -0.1802
vn -0.9239 0.3753 -0.0747
vn -0.3827 0.9061 0.1802
vn -0.9239 0.3753 0.0747
vn -0.3827 0.7682 0.5133
vn -0.9239 0.3182 0.2126
vn -0.3827 0.5133 0.7682
vn -0.9239 0.2126 0.3182
vn -0.3827 0.1802 0.9061
vn -0.9239 0.0747 0.3753
vn -0.3827 -0.1802 0.9061
vn -0.9239 -0.0747 0.3753
vn -0.3827 -0.5133 0.7682
vn -0.9239 -0.2126 0.3182
vn -0.3827 -0.7682 0.5133
vn -0.9239 -0.3182 0.2126
vn -0.3827 -0.9061 0.1802
vn -0.9239 -0.3753 0.0747
vn -0.3827 -0.9061 -0.1802
vn -0.9239 -0.3753 -0.0747
vn -0.3827 -0.7682 -0.5133
vn -0.9239 -0.3182 -0.2126
vn -0.3827 -0.5133 -0.7682
vn -0.9239 -0.2126 -0.3182
vn -0.3827 -0.1802 -0.9061
vn -1.0000 -0.0000 0.0000
vn 0.8305 -0.1092 0.5463
vn 0.8270 -0.3133 0.4667
vn 0.8225 -0.4735 0.3151
vn 0.8196 -0.5619 0.1114
vn 0.8196 -0.5619 -0.1114
vn 0.8225 -0.4735 -0.3151
vn 0.8270 -0.3133 -0.4667
vn 0.8305 -0.1092 -0.5463
vn 0.8305 0.1092 -0.5463
vn 0.8270 0.3133 -0.4667
vn 0.8225 0.4735 -0.3151
vn 0.8196 0.5619 -0.1114
vn 0.8196 0.5619 0.1114
vn 0.8225 0.4735 0.3151
vn 0.8270 0.3133 0.4667
vn 0.8305 0.1092 0.5463
vn -0.0458 -0.1370 -0.9895
vn -0.0458 0.9895 -0.1370
vn -0.0458 -0.8618 0.5052
vn -0.0458 0.8618 -0.5052
vn -0.0458 -0.6028 0.7966
vn -0.0458 0.2521 -0.9666
vn -0.0458 0.6028 -0.7966
vn -0.0458 -0.2521 0.9666
vn -0.0458 0.1370 0.9895
vn -0.0458 -0.5052 -0.8618
vn -0.0458 0.5052 0.8618
vn -0.0458 -0.7966 -0.6028
vn -0.0458 0.7966 0.6028
vn -0.0458 -0.9666 -0.2521
vn -0.0458 0.9666 0.2521
vn -0.0458 -0.9895 0.1370
vn 0.0250 -0.9890 0.1457
vn -0.0250 -0.9890 0.1457
vn 0.0458 -0.9895 0.1370
vn 0.0250 0.9695 0.2438
vn -0.0250 0.9695 0.2438
vn 0.0458 0.9666 0.2521
vn 0.0250 -0.9695 -0.2438
vn -0.0250 -0.9695 -0.2438
vn 0.0458 -0.9666 -0.2521
vn 0.0250 0.8024 0.5963
vn -0.0250 0.8024 0.5963
vn 0.0458 0.7966 0.6028
vn 0.0250 -0.8024 -0.5963
vn -0.0250 -0.8024 -0.5963
vn 0.0458 -0.7966 -0.6028
vn 0.0250 0.5131 0.8580
vn -0.0250 0.5131 0.8580
vn 0.0458 0.5052 0.8618
vn 0.0250 -0.5131 -0.8580
vn -0.0250 -0.5131 -0.8580
vn 0.0458 -0.5052 -0.8618
vn 0.0250 0.1457 0.9890
vn -0.0250 0.1457 0.9890
vn 0.0458 0.1370 0.9895
vn 0.0250 -0.2438 0.9695
vn -0.0250 -0.2438 0.9695
vn 0.0458 -0.2521 0.9666
vn 0.0250 0.5963 -0.8024
vn -0.0250 0.5963 -0.8024
vn 0.0458 0.6028 -0.7966
vn 0.0250 0.2438 -0.9695
vn -0.0250 0.2438 -0.9695
vn 0.0458 0.2521 -0.9666
vn 0.0250 -0.5963 0.8024
vn -0.0250 -0.5963 0.8024
vn 0.0458 -0.6028 0.7966
vn 0.0250 0.8580 -0.5131
vn -0.0250 0.8580 -0.5131
vn 0.0458 0.8618 -0.5052
vn 0.0250 -0.8580 0.5131
vn -0.0250 -0.8580 0.5131
vn 0.0458 -0.8618 0.5052
vn 0.0250 0.9890 -0.1457
vn -0.0250 0.9890 -0.1457
vn 0.0458 0.9895 -0.1370
vn 0.0250 -0.1457 -0.9890
vn -0.0250 -0.1457 -0.9890
vn 0.0458 -0.1370 -0.9895
vn 0.4422 -0.1479 -0.8846
vn 0.4422 -0.4752 -0.7607
vn 0.4422 -0.7301 -0.5210
vn 0.4422 -0.8739 -0.2019
vn 0.4422 -0.8846 0.1479
vn 0.4422 -0.7607 0.4752
vn 0.4422 -0.5210 0.7301
vn 0.4422 -0.2019 0.8739
vn 0.4422 0.1479 0.8846
vn 0.4422 0.4752 0.7607
vn 0.4422 0.7301 0.5210
vn 0.4422 0.8739 0.2019
vn 0.4422 0.8846 -0.1479
vn 0.4422 0.7607 -0.4752
vn 0.4422 0.5210 -0.7301
vn 0.4422 0.2019 -0.8739
vn 0.0930 -0.1561 -0.9834
vn -0.0930 -0.1561 -0.9834
vn 0.0930 0.9834 -0.1561
vn -0.0930 0.9834 -0.1561
vn 0.0930 -0.8488 0.5205
vn -0.0930 -0.8488 0.5205
vn 0.0930 0.8488 -0.5205
vn -0.0930 0.8488 -0.5205
vn 0.0930 -0.5850 0.8057
vn -0.0930 -0.5850 0.8057
vn 0.0930 0.2321 -0.9682
vn -0.0930 0.2321 -0.9682
vn 0.0930 0.5850 -0.8057
vn -0.0930 0.5850 -0.8057
vn 0.0930 -0.2321 0.9682
vn -0.0930 -0.2321 0.9682
vn 0.0930 0.1561 0.9834
vn -0.0930 0.1561 0.9834
vn 0.0930 -0.5205 -0.8488
vn -0.0930 -0.5205 -0.8488
vn 0.0930 0.5205 0.8488
vn -0.0930 0.5205 0.8488
vn 0.0930 -0.8057 -0.5850
vn -0.0930 -0.8057 -0.5850
vn 0.0930 0.8057 0.5850
vn -0.0930 0.8057 0.5850
vn 0.0930 -0.9682 -0.2321
vn -0.0930 -0.9682 -0.2321
vn 0.0930 0.9682 0.2321
vn -0.0930 0.9682 0.2321
vn 0.0930 -0.9834 0.1561
vn -0.0930 -0.9834 0.1561
vn 0.3183 -0.1563 -0.9350
vn 0.1811 -0.5464 0.8177
vn 0.1811 -0.8177 0.5464
vn 0.1811 -0.9646 -0.1919
vn 0.1811 -0.8177 -0.5464
vn 0.1811 -0.5464 -0.8177
vn 0.1811 -0.1919 -0.9646
vn 0.1811 0.1919 -0.9646
vn 0.1811 0.5464 -0.8177
vn 0.1811 0.8177 -0.5464
vn 0.1811 0.9646 -0.1919
vn 0.1811 0.9646 0.1919
vn 0.1811 0.8177 0.5464
vn 0.1811 0.5464 0.8177
vn 0.1811 -0.9646 0.1919
vn 0.1811 0.1919 0.9646
vn 0.9263 0.0735 -0.3697
vn 0.9263 0.2094 -0.3134
vn 0.9263 0.3134 -0.2094
vn 0.9263 0.3697 -0.0735
vn 0.9263 0.3697 0.0735
vn 0.9263 0.3134 0.2094
vn 0.9263 0.2094 0.3134
vn 0.9263 0.0735 0.3697
vn 0.9263 -0.0735 0.3697
vn 0.9263 -0.2094 0.3134
vn 0.9263 -0.3134 0.2094
vn 0.9263 -0.3697 0.0735
vn 0.9263 -0.3697 -0.0735
vn 0.9263 -0.3134 -0.2094
vn 0.9263 -0.2094 -0.3134
vn 0.9263 -0.0735 -0.3697
vn 0.9816 -0.0372 0.1871
vn 0.9816 -0.1060 0.1586
vn 0.9816 -0.1586 0.1060
vn 0.9816 -0.1871 0.0372
vn 0.9816 -0.1871 -0.0372
vn 0.9816 -0.1586 -0.1060
vn 0.9816 -0.1060 -0.1586
vn 0.9816 -0.0372 -0.1871
vn 0.9816 0.0372 -0.1871
vn 0.9816 0.1060 -0.1586
vn 0.9816 0.1586 -0.1060
vn 0.9816 0.1871 -0.0372
vn 0.9816 0.1871 0.0372
vn 0.9816 0.1586 0.1060
vn 0.9816 0.1060 0.1586
vn 0.9816 0.0372 0.1871
vn 0.9387 0.0673 -0.3381
vn 0.9387 0.1915 -0.2866
vn 0.9387 0.2866 -0.1915
vn 0.9387 0.3381 -0.0673
vn 0.9387 0.3381 0.0673
vn 0.9387 0.2866 0.1915
vn 0.9387 0.1915 0.2866
vn 0.9387 0.0673 0.3381
vn 0.9387 -0.0673 0.3381
vn 0.9387 -0.1915 0.2866
vn 0.9387 -0.2866 0.1915
vn 0.9387 -0.3381 0.0673
vn 0.9387 -0.3381 -0.0673
vn 0.9387 -0.2866 -0.1915
vn 0.9387 -0.1915 -0.2866
vn 0.9387 -0.0673 -0.3381
vn 0.1811 -0.1919 0.9646
usemtl Material
s off
f 2532/2536/1418 2438/2537/1418 2250/2538/1418 2482/2539/1418
f 2531/2540/1419 2417/2541/1419 2229/2542/1419 2475/2543/1419
f 2530/2544/1420 2441/2545/1420 2253/2546/1420 2483/2547/1420
f 2529/2548/1421 2420/2549/1421 2232/2550/1421 2476/2551/1421
f 2528/2552/1422 2444/2553/1422 2256/2554/1422 2484/2555/1422
f 2527/2556/1423 2423/2557/1423 2235/2558/1423 2477/2559/1423
f 2526/2560/1424 2447/2561/1424 2259/2562/1424 2453/2563/1424
f 2525/2564/1425 2426/2565/1425 2238/2566/1425 2478/2567/1425
f 2524/2568/1426 2429/2569/1426 2241/2570/1426 2479/2571/1426
f 2523/2572/1427 2408/2573/1427 2220/2574/1427 2472/2575/1427
f 2522/2576/1428 2405/2577/1428 2217/2578/1428 2471/2579/1428
f 2521/2580/1429 2432/2581/1429 2244/2582/1429 2480/2583/1429
f 2520/2584/1430 2411/2585/1430 2223/2586/1430 2473/2587/1430
f 2519/2588/1431 2435/2589/1431 2247/2590/1431 2481/2591/1431
f 2518/2592/1432 2414/2593/1432 2226/2594/1432 2474/2595/1432
f 2312/2596/1433 2264/2597/1433 2357/2598/1433 2262/2599/1433 2309/2600/1433
f 2309/2600/1433 2262/2599/1433 2360/2601/1433 2268/2602/1433 2313/2603/1433
f 2313/2603/1433 2268/2602/1433 2363/2604/1433 2271/2605/1433 2315/2606/1433
f 2315/2606/1433 2271/2605/1433 2366/2607/1433 2274/2608/1433 2317/2609/1433
f 2317/2609/1433 2274/2608/1433 2369/2610/1433 2277/2611/1433 2319/2612/1433
f 2319/2612/1433 2277/2611/1433 2372/2613/1433 2280/2614/1433 2321/2615/1433
f 2321/2615/1433 2280/2614/1433 2375/2616/1433 2283/2617/1433 2323/2618/1433
f 2323/2618/1433 2283/2617/1433 2378/2619/1433 2286/2620/1433 2325/2621/1433
f 2325/2621/1433 2286/2620/1433 2381/2622/1433 2289/2623/1433 2327/2624/1433
f 2327/2624/1433 2289/2623/1433 2384/2625/1433 2292/2626/1433 2329/2627/1433
f 2329/2627/1433 2292/2626/1433 2387/2628/1433 2295/2629/1433 2331/2630/1433
f 2331/2630/1433 2295/2629/1433 2390/2631/1433 2298/2632/1433 2333/2633/1433
f 2333/2633/1433 2298/2632/1433 2393/2634/1433 2301/2635/1433 2335/2636/1433
f 2335/2636/1433 2301/2635/1433 2396/2637/1433 2304/2638/1433 2337/2639/1433
f 2337/2639/1433 2304/2638/1433 2399/2640/1433 2307/2641/1433 2339/2642/1433
f 2339/2642/1433 2307/2641/1433 2402/2643/1433 2264/2597/1433 2312/2596/1433
f 2517/2644/1434 2450/2645/1434 2213/2646/1434 2470/2647/1434
f 2215/2648/1435 2451/2649/1435 2452/2650/1435 2214/2651/1435
f 2262/2599/1436 2357/2598/1436 2358/2652/1436 2263/2653/1436
f 2263/2653/1437 2358/2652/1437 2359/2654/1437 2261/2655/1437
f 2268/2602/1438 2360/2601/1438 2361/2656/1438 2269/2657/1438
f 2269/2657/1439 2361/2656/1439 2362/2658/1439 2267/2659/1439
f 2271/2605/1440 2363/2604/1440 2364/2660/1440 2272/2661/1440
f 2272/2661/1441 2364/2660/1441 2365/2662/1441 2270/2663/1441
f 2274/2608/1442 2366/2607/1442 2367/2664/1442 2275/2665/1442
f 2275/2665/1443 2367/2664/1443 2368/2666/1443 2273/2667/1443
f 2277/2611/1444 2369/2610/1444 2370/2668/1444 2278/2669/1444
f 2278/2669/1445 2370/2668/1445 2371/2670/1445 2276/2671/1445
f 2280/2614/1446 2372/2613/1446 2373/2672/1446 2281/2673/1446
f 2281/2673/1447 2373/2672/1447 2374/2674/1447 2279/2675/1447
f 2283/2617/1448 2375/2616/1448 2376/2676/1448 2284/2677/1448
f 2284/2677/1449 2376/2676/1449 2377/2678/1449 2282/2679/1449
f 2286/2620/1450 2378/2619/1450 2379/2680/1450 2287/2681/1450
f 2287/2681/1451 2379/2680/1451 2380/2682/1451 2285/2683/1451
f 2289/2623/1452 2381/2622/1452 2382/2684/1452 2290/2685/1452
f 2290/2685/1453 2382/2684/1453 2383/2686/1453 2288/2687/1453
f 2292/2626/1454 2384/2625/1454 2385/2688/1454 2293/2689/1454
f 2293/2689/1455 2385/2688/1455 2386/2690/1455 2291/2691/1455
f 2295/2629/1456 2387/2628/1456 2388/2692/1456 2296/2693/1456
f 2296/2693/1457 2388/2692/1457 2389/2694/1457 2294/2695/1457
f 2298/2632/1458 2390/2631/1458 2391/2696/1458 2299/2697/1458
f 2299/2697/1459 2391/2696/1459 2392/2698/1459 2297/2699/1459
f 2301/2635/1460 2393/2634/1460 2394/2700/1460 2302/2701/1460
f 2302/2701/1461 2394/2700/1461 2395/2702/1461 2300/2703/1461
f 2304/2638/1462 2396/2637/1462 2397/2704/1462 2305/2705/1462
f 2305/2705/1463 2397/2704/1463 2398/2706/1463 2303/2707/1463
f 2307/2641/1464 2399/2640/1464 2400/2708/1464 2308/2709/1464
f 2308/2709/1465 2400/2708/1465 2401/2710/1465 2306/2711/1465
f 2264/2597/1466 2402/2643/1466 2403/2712/1466 2266/2713/1466
f 2217/2578/1467 2405/2577/1467 2406/2714/1467 2218/2715/1467
f 2218/2715/1468 2406/2714/1468 2407/2716/1468 2216/2717/1468
f 2220/2574/1469 2408/2573/1469 2409/2718/1469 2221/2719/1469
f 2221/2719/1470 2409/2718/1470 2410/2720/1470 2219/2721/1470
f 2223/2586/1471 2411/2585/1471 2412/2722/1471 2224/2723/1471
f 2224/2723/1472 2412/2722/1472 2413/2724/1472 2222/2725/1472
f 2226/2594/1473 2414/2593/1473 2415/2726/1473 2227/2727/1473
f 2227/2727/1474 2415/2726/1474 2416/2728/1474 2225/2729/1474
f 2229/2542/1475 2417/2541/1475 2418/2730/1475 2230/2731/1475
f 2230/2731/1476 2418/2730/1476 2419/2732/1476 2228/2733/1476
f 2232/2550/1477 2420/2549/1477 2421/2734/1477 2233/2735/1477
f 2233/2735/1478 2421/2734/1478 2422/2736/1478 2231/2737/1478
f 2235/2558/1479 2423/2557/1479 2424/2738/1479 2236/2739/1479
f 2236/2739/1480 2424/2738/1480 2425/2740/1480 2234/2741/1480
f 2238/2566/1481 2426/2565/1481 2427/2742/1481 2239/2743/1481
f 2239/2743/1482 2427/2742/1482 2428/2744/1482 2237/2745/1482
f 2241/2570/1483 2429/2569/1483 2430/2746/1483 2242/2747/1483
f 2242/2747/1484 2430/2746/1484 2431/2748/1484 2240/2749/1484
f 2244/2582/1485 2432/2581/1485 2433/2750/1485 2245/2751/1485
f 2245/2751/1486 2433/2750/1486 2434/2752/1486 2243/2753/1486
f 2247/2590/1487 2435/2589/1487 2436/2754/1487 2248/2755/1487
f 2248/2755/1488 2436/2754/1488 2437/2756/1488 2246/2757/1488
f 2250/2538/1489 2438/2537/1489 2439/2758/1489 2251/2759/1489
f 2251/2759/1490 2439/2758/1490 2440/2760/1490 2249/2761/1490
f 2253/2546/1491 2441/2545/1491 2442/2762/1491 2254/2763/1491
f 2254/2763/1492 2442/2762/1492 2443/2764/1492 2252/2765/1492
f 2256/2554/1493 2444/2553/1493 2445/2766/1493 2257/2767/1493
f 2257/2767/1494 2445/2766/1494 2446/2768/1494 2255/2769/1494
f 2259/2562/1495 2447/2561/1495 2448/2770/1495 2260/2771/1495
f 2260/2771/1496 2448/2770/1496 2449/2772/1496 2258/2773/1496
f 2213/2646/1497 2450/2645/1497 2451/2649/1497 2215/2648/1497
f 2216/2717/1498 2407/2716/1498 2214/2651/1498 2452/2650/1498 2258/2773/1498 2449/2772/1498 2255/2769/1498 2446/2768/1498 2252/2765/1498 2443/2764/1498 2249/2761/1498 2440/2760/1498 2246/2757/1498 2437/2756/1498 2243/2753/1498 2434/2752/1498 2240/2749/1498 2431/2748/1498 2237/2745/1498 2428/2744/1498 2234/2741/1498 2425/2740/1498 2231/2737/1498 2422/2736/1498 2228/2733/1498 2419/2732/1498 2225/2729/1498 2416/2728/1498 2222/2725/1498 2413/2724/1498 2219/2721/1498 2410/2720/1498
f 2310/2774/1499 2311/2775/1499 2312/2596/1499 2309/2600/1499
f 2314/2776/1500 2310/2774/1500 2309/2600/1500 2313/2603/1500
f 2316/2777/1501 2314/2776/1501 2313/2603/1501 2315/2606/1501
f 2318/2778/1502 2316/2777/1502 2315/2606/1502 2317/2609/1502
f 2320/2779/1503 2318/2778/1503 2317/2609/1503 2319/2612/1503
f 2322/2780/1504 2320/2779/1504 2319/2612/1504 2321/2615/1504
f 2324/2781/1505 2322/2780/1505 2321/2615/1505 2323/2618/1505
f 2326/2782/1506 2324/2781/1506 2323/2618/1506 2325/2621/1506
f 2328/2783/1507 2326/2782/1507 2325/2621/1507 2327/2624/1507
f 2330/2784/1508 2328/2783/1508 2327/2624/1508 2329/2627/1508
f 2332/2785/1509 2330/2784/1509 2329/2627/1509 2331/2630/1509
f 2334/2786/1510 2332/2785/1510 2331/2630/1510 2333/2633/1510
f 2336/2787/1511 2334/2786/1511 2333/2633/1511 2335/2636/1511
f 2338/2788/1512 2336/2787/1512 2335/2636/1512 2337/2639/1512
f 2340/2789/1513 2338/2788/1513 2337/2639/1513 2339/2642/1513
f 2311/2775/1514 2340/2789/1514 2339/2642/1514 2312/2596/1514
f 2516/2790/1515 2485/2791/1515 2342/2792/1515 2454/2793/1515
f 2515/2794/1516 2486/2795/1516 2346/2796/1516 2458/2797/1516
f 2514/2798/1517 2487/2799/1517 2353/2800/1517 2465/2801/1517
f 2513/2802/1518 2488/2803/1518 2345/2804/1518 2457/2805/1518
f 2512/2806/1519 2489/2807/1519 2352/2808/1519 2464/2809/1519
f 2511/2810/1520 2490/2811/1520 2343/2812/1520 2455/2813/1520
f 2510/2814/1521 2491/2815/1521 2344/2816/1521 2456/2817/1521
f 2509/2818/1522 2492/2819/1522 2351/2820/1522 2463/2821/1522
f 2508/2822/1523 2493/2823/1523 2350/2824/1523 2462/2825/1523
f 2507/2826/1524 2494/2827/1524 2341/2828/1524 2469/2829/1524
f 2506/2830/1525 2495/2831/1525 2349/2832/1525 2461/2833/1525
f 2505/2834/1526 2496/2835/1526 2356/2836/1526 2468/2837/1526
f 2504/2838/1527 2497/2839/1527 2348/2840/1527 2460/2841/1527
f 2503/2842/1528 2498/2843/1528 2355/2844/1528 2467/2845/1528
f 2502/2846/1529 2499/2847/1529 2347/2848/1529 2459/2849/1529
f 2501/2850/1530 2500/2851/1530 2354/2852/1530 2466/2853/1530
f 2392/2698/1531 2501/2850/1531 2466/2853/1531 2297/2699/1531
f 2294/2695/1532 2465/2801/1532 2501/2850/1532 2392/2698/1532
f 2465/2801/1533 2353/2800/1533 2500/2851/1533 2501/2850/1533
f 2371/2670/1534 2502/2846/1534 2459/2849/1534 2276/2671/1534
f 2273/2667/1535 2458/2797/1535 2502/2846/1535 2371/2670/1535
f 2458/2797/1536 2346/2796/1536 2499/2847/1536 2502/2846/1536
f 2395/2702/1537 2503/2842/1537 2467/2845/1537 2300/2703/1537
f 2297/2699/1538 2466/2853/1538 2503/2842/1538 2395/2702/1538
f 2466/2853/1539 2354/2852/1539 2498/2843/1539 2503/2842/1539
f 2374/2674/1540 2504/2838/1540 2460/2841/1540 2279/2675/1540
f 2276/2671/1541 2459/2849/1541 2504/2838/1541 2374/2674/1541
f 2459/2849/1542 2347/2848/1542 2497/2839/1542 2504/2838/1542
f 2398/2706/1543 2505/2834/1543 2468/2837/1543 2303/2707/1543
f 2300/2703/1544 2467/2845/1544 2505/2834/1544 2398/2706/1544
f 2467/2845/1545 2355/2844/1545 2496/2835/1545 2505/2834/1545
f 2377/2678/1546 2506/2830/1546 2461/2833/1546 2282/2679/1546
f 2279/2675/1547 2460/2841/1547 2506/2830/1547 2377/2678/1547
f 2460/2841/1548 2348/2840/1548 2495/2831/1548 2506/2830/1548
f 2401/2710/1549 2507/2826/1549 2469/2829/1549 2306/2711/1549
f 2303/2707/1550 2468/2837/1550 2507/2826/1550 2401/2710/1550
f 2468/2837/1551 2356/2836/1551 2494/2827/1551 2507/2826/1551
f 2380/2682/1552 2508/2822/1552 2462/2825/1552 2285/2683/1552
f 2282/2679/1553 2461/2833/1553 2508/2822/1553 2380/2682/1553
f 2461/2833/1554 2349/2832/1554 2493/2823/1554 2508/2822/1554
f 2383/2686/1555 2509/2818/1555 2463/2821/1555 2288/2687/1555
f 2285/2683/1556 2462/2825/1556 2509/2818/1556 2383/2686/1556
f 2462/2825/1557 2350/2824/1557 2492/2819/1557 2509/2818/1557
f 2362/2658/1558 2510/2814/1558 2456/2817/1558 2267/2659/1558
f 2261/2655/1559 2455/2813/1559 2510/2814/1559 2362/2658/1559
f 2455/2813/1560 2343/2812/1560 2491/2815/1560 2510/2814/1560
f 2359/2654/1561 2511/2810/1561 2455/2813/1561 2261/2655/1561
f 2265/2854/1562 2454/2793/1562 2511/2810/1562 2359/2654/1562
f 2454/2793/1563 2342/2792/1563 2490/2811/1563 2511/2810/1563
f 2386/2690/1564 2512/2806/1564 2464/2809/1564 2291/2691/1564
f 2288/2687/1565 2463/2821/1565 2512/2806/1565 2386/2690/1565
f 2463/2821/1566 2351/2820/1566 2489/2807/1566 2512/2806/1566
f 2365/2662/1567 2513/2802/1567 2457/2805/1567 2270/2663/1567
f 2267/2659/1568 2456/2817/1568 2513/2802/1568 2365/2662/1568
f 2456/2817/1569 2344/2816/1569 2488/2803/1569 2513/2802/1569
f 2389/2694/1570 2514/2798/1570 2465/2801/1570 2294/2695/1570
f 2291/2691/1571 2464/2809/1571 2514/2798/1571 2389/2694/1571
f 2464/2809/1572 2352/2808/1572 2487/2799/1572 2514/2798/1572
f 2368/2666/1573 2515/2794/1573 2458/2797/1573 2273/2667/1573
f 2270/2663/1574 2457/2805/1574 2515/2794/1574 2368/2666/1574
f 2457/2805/1575 2345/2804/1575 2486/2795/1575 2515/2794/1575
f 2404/2855/1576 2516/2790/1576 2454/2793/1576 2265/2854/1576
f 2306/2711/1577 2469/2829/1577 2516/2790/1577 2404/2855/1577
f 2469/2829/1578 2341/2828/1578 2485/2791/1578 2516/2790/1578
f 2451/2649/1435 2260/2771/1435 2258/2773/1435 2452/2650/1435
f 2450/2645/1497 2259/2562/1497 2260/2771/1497 2451/2649/1497
f 2448/2770/1496 2257/2767/1496 2255/2769/1496 2449/2772/1496
f 2447/2561/1495 2256/2554/1495 2257/2767/1495 2448/2770/1495
f 2445/2766/1494 2254/2763/1494 2252/2765/1494 2446/2768/1494
f 2444/2553/1493 2253/2546/1493 2254/2763/1493 2445/2766/1493
f 2442/2762/1492 2251/2759/1492 2249/2761/1492 2443/2764/1492
f 2441/2545/1491 2250/2538/1491 2251/2759/1491 2442/2762/1491
f 2439/2758/1490 2248/2755/1490 2246/2757/1490 2440/2760/1490
f 2438/2537/1489 2247/2590/1489 2248/2755/1489 2439/2758/1489
f 2436/2754/1488 2245/2751/1488 2243/2753/1488 2437/2756/1488
f 2435/2589/1487 2244/2582/1487 2245/2751/1487 2436/2754/1487
f 2433/2750/1486 2242/2747/1486 2240/2749/1486 2434/2752/1486
f 2432/2581/1485 2241/2570/1485 2242/2747/1485 2433/2750/1485
f 2430/2746/1484 2239/2743/1484 2237/2745/1484 2431/2748/1484
f 2429/2569/1483 2238/2566/1483 2239/2743/1483 2430/2746/1483
f 2427/2742/1482 2236/2739/1482 2234/2741/1482 2428/2744/1482
f 2426/2565/1481 2235/2558/1481 2236/2739/1481 2427/2742/1481
f 2424/2738/1480 2233/2735/1480 2231/2737/1480 2425/2740/1480
f 2423/2557/1479 2232/2550/1479 2233/2735/1479 2424/2738/1479
f 2421/2734/1478 2230/2731/1478 2228/2733/1478 2422/2736/1478
f 2420/2549/1477 2229/2542/1477 2230/2731/1477 2421/2734/1477
f 2418/2730/1476 2227/2727/1476 2225/2729/1476 2419/2732/1476
f 2417/2541/1475 2226/2594/1475 2227/2727/1475 2418/2730/1475
f 2415/2726/1474 2224/2723/1474 2222/2725/1474 2416/2728/1474
f 2414/2593/1473 2223/2586/1473 2224/2723/1473 2415/2726/1473
f 2412/2722/1472 2221/2719/1472 2219/2721/1472 2413/2724/1472
f 2411/2585/1471 2220/2574/1471 2221/2719/1471 2412/2722/1471
f 2409/2718/1470 2218/2715/1470 2216/2717/1470 2410/2720/1470
f 2408/2573/1469 2217/2578/1469 2218/2715/1469 2409/2718/1469
f 2406/2714/1468 2215/2648/1468 2214/2651/1468 2407/2716/1468
f 2405/2577/1467 2213/2646/1467 2215/2648/1467 2406/2714/1467
f 2403/2712/1579 2308/2709/1579 2306/2711/1579 2404/2855/1579
f 2402/2643/1466 2307/2641/1466 2308/2709/1466 2403/2712/1466
f 2400/2708/1580 2305/2705/1580 2303/2707/1580 2401/2710/1580
f 2399/2640/1464 2304/2638/1464 2305/2705/1464 2400/2708/1464
f 2397/2704/1581 2302/2701/1581 2300/2703/1581 2398/2706/1581
f 2396/2637/1462 2301/2635/1462 2302/2701/1462 2397/2704/1462
f 2394/2700/1582 2299/2697/1582 2297/2699/1582 2395/2702/1582
f 2393/2634/1460 2298/2632/1460 2299/2697/1460 2394/2700/1460
f 2391/2696/1583 2296/2693/1583 2294/2695/1583 2392/2698/1583
f 2390/2631/1458 2295/2629/1458 2296/2693/1458 2391/2696/1458
f 2388/2692/1584 2293/2689/1584 2291/2691/1584 2389/2694/1584
f 2387/2628/1456 2292/2626/1456 2293/2689/1456 2388/2692/1456
f 2385/2688/1585 2290/2685/1585 2288/2687/1585 2386/2690/1585
f 2384/2625/1454 2289/2623/1454 2290/2685/1454 2385/2688/1454
f 2382/2684/1586 2287/2681/1586 2285/2683/1586 2383/2686/1586
f 2381/2622/1452 2286/2620/1452 2287/2681/1452 2382/2684/1452
f 2379/2680/1587 2284/2677/1587 2282/2679/1587 2380/2682/1587
f 2378/2619/1450 2283/2617/1450 2284/2677/1450 2379/2680/1450
f 2376/2676/1588 2281/2673/1588 2279/2675/1588 2377/2678/1588
f 2375/2616/1448 2280/2614/1448 2281/2673/1448 2376/2676/1448
f 2373/2672/1589 2278/2669/1589 2276/2671/1589 2374/2674/1589
f 2372/2613/1446 2277/2611/1446 2278/2669/1446 2373/2672/1446
f 2370/2668/1590 2275/2665/1590 2273/2667/1590 2371/2670/1590
f 2369/2610/1444 2274/2608/1444 2275/2665/1444 2370/2668/1444
f 2367/2664/1591 2272/2661/1591 2270/2663/1591 2368/2666/1591
f 2366/2607/1442 2271/2605/1442 2272/2661/1442 2367/2664/1442
f 2364/2660/1592 2269/2657/1592 2267/2659/1592 2365/2662/1592
f 2363/2604/1440 2268/2602/1440 2269/2657/1440 2364/2660/1440
f 2361/2656/1593 2263/2653/1593 2261/2655/1593 2362/2658/1593
f 2360/2601/1438 2262/2599/1438 2263/2653/1438 2361/2656/1438
f 2358/2652/1594 2266/2713/1594 2265/2854/1594 2359/2654/1594
f 2357/2598/1436 2264/2597/1436 2266/2713/1436 2358/2652/1436
f 2485/2791/1595 2517/2644/1595 2470/2647/1595 2342/2792/1595
f 2341/2828/1596 2453/2563/1596 2517/2644/1596 2485/2791/1596
f 2453/2563/1434 2259/2562/1434 2450/2645/1434 2517/2644/1434
f 2486/2795/1597 2518/2592/1597 2474/2595/1597 2346/2796/1597
f 2345/2804/1598 2473/2587/1598 2518/2592/1598 2486/2795/1598
f 2473/2587/1432 2223/2586/1432 2414/2593/1432 2518/2592/1432
f 2487/2799/1599 2519/2588/1599 2481/2591/1599 2353/2800/1599
f 2352/2808/1600 2480/2583/1600 2519/2588/1600 2487/2799/1600
f 2480/2583/1431 2244/2582/1431 2435/2589/1431 2519/2588/1431
f 2488/2803/1601 2520/2584/1601 2473/2587/1601 2345/2804/1601
f 2344/2816/1602 2472/2575/1602 2520/2584/1602 2488/2803/1602
f 2472/2575/1430 2220/2574/1430 2411/2585/1430 2520/2584/1430
f 2489/2807/1603 2521/2580/1603 2480/2583/1603 2352/2808/1603
f 2351/2820/1604 2479/2571/1604 2521/2580/1604 2489/2807/1604
f 2479/2571/1429 2241/2570/1429 2432/2581/1429 2521/2580/1429
f 2490/2811/1605 2522/2576/1605 2471/2579/1605 2343/2812/1605
f 2342/2792/1606 2470/2647/1606 2522/2576/1606 2490/2811/1606
f 2470/2647/1428 2213/2646/1428 2405/2577/1428 2522/2576/1428
f 2491/2815/1607 2523/2572/1607 2472/2575/1607 2344/2816/1607
f 2343/2812/1608 2471/2579/1608 2523/2572/1608 2491/2815/1608
f 2471/2579/1427 2217/2578/1427 2408/2573/1427 2523/2572/1427
f 2492/2819/1609 2524/2568/1609 2479/2571/1609 2351/2820/1609
f 2350/2824/1610 2478/2567/1610 2524/2568/1610 2492/2819/1610
f 2478/2567/1426 2238/2566/1426 2429/2569/1426 2524/2568/1426
f 2493/2823/1611 2525/2564/1611 2478/2567/1611 2350/2824/1611
f 2349/2832/1612 2477/2559/1612 2525/2564/1612 2493/2823/1612
f 2477/2559/1425 2235/2558/1425 2426/2565/1425 2525/2564/1425
f 2494/2827/1613 2526/2560/1613 2453/2563/1613 2341/2828/1613
f 2356/2836/1614 2484/2555/1614 2526/2560/1614 2494/2827/1614
f 2484/2555/1424 2256/2554/1424 2447/2561/1424 2526/2560/1424
f 2495/2831/1615 2527/2556/1615 2477/2559/1615 2349/2832/1615
f 2348/2840/1616 2476/2551/1616 2527/2556/1616 2495/2831/1616
f 2476/2551/1423 2232/2550/1423 2423/2557/1423 2527/2556/1423
f 2496/2835/1617 2528/2552/1617 2484/2555/1617 2356/2836/1617
f 2355/2844/1618 2483/2547/1618 2528/2552/1618 2496/2835/1618
f 2483/2547/1422 2253/2546/1422 2444/2553/1422 2528/2552/1422
f 2497/2839/1619 2529/2548/1619 2476/2551/1619 2348/2840/1619
f 2347/2848/1620 2475/2543/1620 2529/2548/1620 2497/2839/1620
f 2475/2543/1421 2229/2542/1421 2420/2549/1421 2529/2548/1421
f 2498/2843/1621 2530/2544/1621 2483/2547/1621 2355/2844/1621
f 2354/2852/1622 2482/2539/1622 2530/2544/1622 2498/2843/1622
f 2482/2539/1420 2250/2538/1420 2441/2545/1420 2530/2544/1420
f 2499/2847/1623 2531/2540/1623 2475/2543/1623 2347/2848/1623
f 2346/2796/1624 2474/2595/1624 2531/2540/1624 2499/2847/1624
f 2474/2595/1419 2226/2594/1419 2417/2541/1419 2531/2540/1419
f 2500/2851/1625 2532/2536/1625 2482/2539/1625 2354/2852/1625
f 2353/2800/1626 2481/2591/1626 2532/2536/1626 2500/2851/1626
f 2481/2591/1418 2247/2590/1418 2438/2537/1418 2532/2536/1418
f 2266/2713/1627 2403/2712/1627 2404/2855/1627 2265/2854/1627
usemtl Material.002
f 2165/2856/1628 2310/2774/1628 2314/2776/1628 2167/2857/1628
f 2150/2858/1433 2151/2859/1433 2152/2860/1433 2153/2861/1433 2154/2862/1433 2155/2863/1433 2156/2864/1433 2157/2865/1433 2158/2866/1433 2159/2867/1433 2160/2868/1433 2161/2869/1433 2162/2870/1433 2163/2871/1433 2164/2872/1433 2149/2873/1433
f 2167/2857/1629 2314/2776/1629 2316/2777/1629 2168/2874/1629
f 2169/2875/1630 2318/2778/1630 2320/2779/1630 2170/2876/1630
f 2170/2876/1631 2320/2779/1631 2322/2780/1631 2171/2877/1631
f 2171/2877/1632 2322/2780/1632 2324/2781/1632 2172/2878/1632
f 2172/2878/1633 2324/2781/1633 2326/2782/1633 2173/2879/1633
f 2173/2879/1634 2326/2782/1634 2328/2783/1634 2174/2880/1634
f 2174/2880/1635 2328/2783/1635 2330/2784/1635 2175/2881/1635
f 2175/2881/1636 2330/2784/1636 2332/2785/1636 2176/2882/1636
f 2176/2882/1637 2332/2785/1637 2334/2786/1637 2177/2883/1637
f 2177/2883/1638 2334/2786/1638 2336/2787/1638 2178/2884/1638
f 2178/2884/1639 2336/2787/1639 2338/2788/1639 2179/2885/1639
f 2179/2885/1640 2338/2788/1640 2340/2789/1640 2180/2886/1640
f 2168/2874/1641 2316/2777/1641 2318/2778/1641 2169/2875/1641
f 2180/2886/1642 2340/2789/1642 2311/2775/1642 2166/2887/1642
f 2182/2888/1643 2166/2887/1643 2165/2856/1643 2181/2889/1643
f 2181/2889/1644 2165/2856/1644 2167/2857/1644 2183/2890/1644
f 2183/2890/1645 2167/2857/1645 2168/2874/1645 2184/2891/1645
f 2184/2891/1646 2168/2874/1646 2169/2875/1646 2185/2892/1646
f 2185/2892/1647 2169/2875/1647 2170/2876/1647 2186/2893/1647
f 2186/2893/1648 2170/2876/1648 2171/2877/1648 2187/2894/1648
f 2187/2894/1649 2171/2877/1649 2172/2878/1649 2188/2895/1649
f 2188/2895/1650 2172/2878/1650 2173/2879/1650 2189/2896/1650
f 2189/2896/1651 2173/2879/1651 2174/2880/1651 2190/2897/1651
f 2190/2897/1652 2174/2880/1652 2175/2881/1652 2191/2898/1652
f 2191/2898/1653 2175/2881/1653 2176/2882/1653 2192/2899/1653
f 2192/2899/1654 2176/2882/1654 2177/2883/1654 2193/2900/1654
f 2193/2900/1655 2177/2883/1655 2178/2884/1655 2194/2901/1655
f 2194/2901/1656 2178/2884/1656 2179/2885/1656 2195/2902/1656
f 2195/2902/1657 2179/2885/1657 2180/2886/1657 2196/2903/1657
f 2196/2903/1658 2180/2886/1658 2166/2887/1658 2182/2888/1658
f 2198/2904/1659 2182/2888/1659 2181/2889/1659 2197/2905/1659
f 2197/2905/1660 2181/2889/1660 2183/2890/1660 2199/2906/1660
f 2199/2906/1661 2183/2890/1661 2184/2891/1661 2200/2907/1661
f 2200/2907/1662 2184/2891/1662 2185/2892/1662 2201/2908/1662
f 2201/2908/1663 2185/2892/1663 2186/2893/1663 2202/2909/1663
f 2202/2909/1664 2186/2893/1664 2187/2894/1664 2203/2910/1664
f 2203/2910/1665 2187/2894/1665 2188/2895/1665 2204/2911/1665
f 2204/2911/1666 2188/2895/1666 2189/2896/1666 2205/2912/1666
f 2205/2912/1667 2189/2896/1667 2190/2897/1667 2206/2913/1667
f 2206/2913/1668 2190/2897/1668 2191/2898/1668 2207/2914/1668
f 2207/2914/1669 2191/2898/1669 2192/2899/1669 2208/2915/1669
f 2208/2915/1670 2192/2899/1670 2193/2900/1670 2209/2916/1670
f 2209/2916/1671 2193/2900/1671 2194/2901/1671 2210/2917/1671
f 2210/2917/1672 2194/2901/1672 2195/2902/1672 2211/2918/1672
f 2211/2918/1673 2195/2902/1673 2196/2903/1673 2212/2919/1673
f 2212/2919/1674 2196/2903/1674 2182/2888/1674 2198/2904/1674
f 2149/2873/1675 2198/2904/1675 2197/2905/1675 2150/2858/1675
f 2150/2858/1676 2197/2905/1676 2199/2906/1676 2151/2859/1676
f 2151/2859/1677 2199/2906/1677 2200/2907/1677 2152/2860/1677
f 2152/2860/1678 2200/2907/1678 2201/2908/1678 2153/2861/1678
f 2153/2861/1679 2201/2908/1679 2202/2909/1679 2154/2862/1679
f 2154/2862/1680 2202/2909/1680 2203/2910/1680 2155/2863/1680
f 2155/2863/1681 2203/2910/1681 2204/2911/1681 2156/2864/1681
f 2156/2864/1682 2204/2911/1682 2205/2912/1682 2157/2865/1682
f 2157/2865/1683 2205/2912/1683 2206/2913/1683 2158/2866/1683
f 2158/2866/1684 2206/2913/1684 2207/2914/1684 2159/2867/1684
f 2159/2867/1685 2207/2914/1685 2208/2915/1685 2160/2868/1685
f 2160/2868/1686 2208/2915/1686 2209/2916/1686 2161/2869/1686
f 2161/2869/1687 2209/2916/1687 2210/2917/1687 2162/2870/1687
f 2162/2870/1688 2210/2917/1688 2211/2918/1688 2163/2871/1688
f 2163/2871/1689 2211/2918/1689 2212/2919/1689 2164/2872/1689
f 2164/2872/1690 2212/2919/1690 2198/2904/1690 2149/2873/1690
f 2166/2887/1691 2311/2775/1691 2310/2774/1691 2165/2856/1691
o Cube.005
v 0.941148 0.363697 1.148828
v 0.941148 0.379473 1.151966
v 0.941148 0.392848 1.160903
v 0.941148 0.401784 1.174277
v 0.941148 0.404922 1.190053
v 0.941148 0.401784 1.205830
v 0.941148 0.392848 1.219204
v 0.941148 0.379473 1.228141
v 0.941148 0.363697 1.231279
v 0.941148 0.347921 1.228141
v 0.941148 0.334547 1.219204
v 0.941148 0.325610 1.205830
v 0.941148 0.322472 1.190053
v 0.941148 0.325610 1.174277
v 0.941148 0.334547 1.160903
v 0.941148 0.347921 1.151966
v 0.879698 0.454607 0.970577
v 0.879698 0.363697 0.952494
v 0.879698 0.531677 1.022074
v 0.879698 0.583173 1.099143
v 0.879698 0.601256 1.190053
v 0.879698 0.583173 1.280964
v 0.879698 0.531677 1.358033
v 0.879698 0.454607 1.409530
v 0.879698 0.363697 1.427613
v 0.879698 0.272787 1.409530
v 0.879698 0.195717 1.358033
v 0.879698 0.144221 1.280964
v 0.879698 0.126138 1.190053
v 0.879698 0.144221 1.099143
v 0.879698 0.195717 1.022074
v 0.879698 0.272787 0.970577
v 0.926319 0.412947 1.071154
v 0.926319 0.363697 1.061358
v 0.926319 0.454699 1.099052
v 0.926319 0.482596 1.140804
v 0.926319 0.492393 1.190053
v 0.926319 0.482596 1.239303
v 0.926319 0.454699 1.281055
v 0.926319 0.412947 1.308953
v 0.926319 0.363697 1.318749
v 0.926319 0.314447 1.308953
v 0.926319 0.272696 1.281055
v 0.926319 0.244798 1.239303
v 0.926319 0.235002 1.190053
v 0.926319 0.244798 1.140804
v 0.926319 0.272696 1.099052
v 0.926319 0.314448 1.071154
v 0.784411 0.363697 0.800804
v 0.740799 0.363697 0.842243
v 0.753573 0.363697 0.812941
v 0.740799 0.496798 0.868719
v 0.784411 0.512656 0.830434
v 0.753573 0.508012 0.841647
v 0.740799 0.609636 0.944114
v 0.784411 0.638938 0.914813
v 0.753573 0.630356 0.923395
v 0.740799 0.685032 1.056952
v 0.784411 0.723317 1.041094
v 0.753573 0.712103 1.045739
v 0.740799 0.711507 1.190053
v 0.784411 0.752946 1.190053
v 0.753573 0.740809 1.190053
v 0.740799 0.685032 1.323155
v 0.784411 0.723317 1.339013
v 0.753573 0.712103 1.334368
v 0.740799 0.609636 1.435992
v 0.784411 0.638938 1.465294
v 0.753573 0.630356 1.456712
v 0.740799 0.496798 1.511388
v 0.784411 0.512656 1.549673
v 0.753573 0.508012 1.538460
v 0.740799 0.363697 1.537864
v 0.784411 0.363697 1.579303
v 0.753573 0.363697 1.567166
v 0.740799 0.230596 1.511388
v 0.784411 0.214738 1.549673
v 0.753573 0.219383 1.538460
v 0.740799 0.117758 1.435993
v 0.784411 0.088456 1.465294
v 0.753573 0.097039 1.456712
v 0.740799 0.042362 1.323155
v 0.784411 0.004078 1.339013
v 0.753573 0.015291 1.334368
v 0.740799 0.015887 1.190053
v 0.784411 -0.025552 1.190053
v 0.753573 -0.013415 1.190053
v 0.740799 0.042362 1.056952
v 0.784411 0.004078 1.041094
v 0.753573 0.015291 1.045739
v 0.740799 0.117758 0.944114
v 0.784411 0.088456 0.914813
v 0.753573 0.097039 0.923395
v 0.740799 0.230596 0.868718
v 0.784411 0.214738 0.830434
v 0.753573 0.219383 0.841647
v 0.920261 0.512656 0.830434
v 0.963873 0.496798 0.868719
v 0.951100 0.508012 0.841647
v 0.963873 0.363697 0.842243
v 0.920261 0.363697 0.800804
v 0.951100 0.363697 0.812941
v 0.920261 0.638938 0.914813
v 0.963873 0.609636 0.944114
v 0.951100 0.630356 0.923395
v 0.920261 0.723317 1.041094
v 0.963873 0.685032 1.056952
v 0.951100 0.712103 1.045739
v 0.920261 0.752946 1.190053
v 0.963873 0.711507 1.190053
v 0.951100 0.740809 1.190053
v 0.920261 0.723317 1.339013
v 0.963873 0.685032 1.323155
v 0.951100 0.712103 1.334368
v 0.920261 0.638938 1.465294
v 0.963873 0.609636 1.435992
v 0.951100 0.630356 1.456712
v 0.920261 0.512656 1.549673
v 0.963873 0.496798 1.511388
v 0.951100 0.508012 1.538460
v 0.920261 0.363697 1.579303
v 0.963873 0.363697 1.537864
v 0.951100 0.363697 1.567166
v 0.920261 0.214738 1.549673
v 0.963873 0.230596 1.511388
v 0.951100 0.219383 1.538460
v 0.920261 0.088456 1.465294
v 0.963873 0.117758 1.435993
v 0.951100 0.097039 1.456712
v 0.920261 0.004078 1.339013
v 0.963873 0.042362 1.323155
v 0.951100 0.015291 1.334368
v 0.920261 -0.025552 1.190053
v 0.963873 0.015887 1.190053
v 0.951100 -0.013415 1.190053
v 0.920261 0.004078 1.041094
v 0.963873 0.042362 1.056952
v 0.951100 0.015291 1.045739
v 0.920261 0.088456 0.914813
v 0.963873 0.117758 0.944114
v 0.951100 0.097039 0.923395
v 0.920261 0.214738 0.830434
v 0.963873 0.230596 0.868718
v 0.951100 0.219383 0.841647
v 0.910568 0.363697 1.024580
v 0.910568 0.427021 1.037176
v 0.910568 0.480705 1.073046
v 0.910568 0.516575 1.126729
v 0.910568 0.529171 1.190053
v 0.910568 0.516575 1.253378
v 0.910568 0.480705 1.307061
v 0.910568 0.427021 1.342932
v 0.910568 0.363697 1.355527
v 0.910568 0.300373 1.342931
v 0.910568 0.246689 1.307061
v 0.910568 0.210819 1.253378
v 0.910568 0.198223 1.190053
v 0.910568 0.210819 1.126729
v 0.910568 0.246689 1.073046
v 0.910568 0.300373 1.037175
v 0.963873 0.472014 0.928555
v 0.937192 0.457300 0.964076
v 0.937190 0.363697 0.945458
v 0.963873 0.363697 0.906679
v 0.963873 0.563314 0.990436
v 0.937196 0.536653 1.017098
v 0.963873 0.623919 1.082266
v 0.937200 0.589675 1.096450
v 0.963873 0.645142 1.190053
v 0.937202 0.608294 1.190053
v 0.963873 0.623919 1.297841
v 0.937200 0.589675 1.283657
v 0.963873 0.563314 1.389671
v 0.937196 0.536653 1.363009
v 0.963873 0.472014 1.451552
v 0.937192 0.457300 1.416031
v 0.963873 0.363697 1.473428
v 0.937190 0.363697 1.434649
v 0.963873 0.255381 1.451552
v 0.937191 0.270094 1.416031
v 0.963873 0.164080 1.389671
v 0.937196 0.190741 1.363009
v 0.963873 0.103475 1.297841
v 0.937200 0.137719 1.283657
v 0.963873 0.082252 1.190053
v 0.937202 0.119100 1.190053
v 0.963873 0.103475 1.082266
v 0.937200 0.137719 1.096450
v 0.963873 0.164080 0.990436
v 0.937196 0.190741 1.017097
v 0.963873 0.255381 0.928554
v 0.937192 0.270094 0.964076
v 0.852336 0.269822 0.812294
v 0.852336 0.421530 0.805124
v 0.852336 0.564434 0.856557
v 0.852336 0.676777 0.958761
v 0.852336 0.741457 1.096178
v 0.852336 0.748626 1.247886
v 0.852336 0.697194 1.390790
v 0.852336 0.594989 1.503133
v 0.852336 0.457573 1.567813
v 0.852336 0.305864 1.574982
v 0.852336 0.162961 1.523550
v 0.852336 0.050617 1.421345
v 0.852336 -0.014063 1.283929
v 0.852336 -0.021232 1.132221
v 0.852336 0.030201 0.989317
v 0.852336 0.132405 0.876974
vt 0.000000 0.000000
vt 0.000000 0.000000
vt 0.000000 0.000000
vt 0.000000 0.000000
vt 0.000000 0.000000
vt 0.000000 0.000000
vt 0.000000 0.000000
vt 0.000000 0.000000
vt 0.000000 0.000000
vt 0.000000 0.000000
vt 0.000000 0.000000
vt 0.000000 0.000000
vt 0.000000 0.000000
vt 0.000000 0.000000
vt 0.000000 0.000000
vt 0.000000 0.000000
vt 0.000000 0.000000
vt 0.000000 0.000000
vt 0.000000 0.000000
vt 0.000000 0.000000
vt 0.000000 0.000000
vt 0.000000 0.000000
vt 0.000000 0.000000
vt 0.000000 0.000000
vt 0.000000 0.000000
vt 0.000000 0.000000
vt 0.000000 0.000000
vt 0.000000 0.000000
vt 0.000000 0.000000
vt 0.000000 0.000000
vt 0.000000 0.000000
vt 0.000000 0.000000
vt 0.000000 0.000000
vt 0.000000 0.000000
vt 0.000000 0.000000
vt 0.000000 0.000000
vt 0.000000 0.000000
vt 0.000000 0.000000
vt 0.000000 0.000000
vt 0.000000 0.000000
vt 0.000000 0.000000
vt 0.000000 0.000000
vt 0.000000 0.000000
vt 0.000000 0.000000
vt 0.000000 0.000000
vt 0.000000 0.000000
vt 0.000000 0.000000
vt 0.000000 0.000000
vt 0.000000 0.000000
vt 0.000000 0.000000
vt 0.000000 0.000000
vt 0.000000 0.000000
vt 0.000000 0.000000
vt 0.000000 0.000000
vt 0.000000 0.000000
vt 0.000000 0.000000
vt 0.000000 0.000000
vt 0.000000 0.000000
vt 0.000000 0.000000
vt 0.000000 0.000000
vt 0.000000 0.000000
vt 0.000000 0.000000
vt 0.000000 0.000000
vt 0.000000 0.000000
vt 0.000000 0.000000
vt 0.000000 0.000000
vt 0.000000 0.000000
vt 0.000000 0.000000
vt 0.000000 0.000000
vt 0.000000 0.000000
vt 0.000000 0.000000
vt 0.000000 0.000000
vt 0.000000 0.000000
vt 0.000000 0.000000
vt 0.000000 0.000000
vt 0.000000 0.000000
vt 0.000000 0.000000
vt 0.000000 0.000000
vt 0.000000 0.000000
vt 0.000000 0.000000
vt 0.000000 0.000000
vt 0.000000 0.000000
vt 0.000000 0.000000
vt 0.000000 0.000000
vt 0.000000 0.000000
vt 0.000000 0.000000
vt 0.000000 0.000000
vt 0.000000 0.000000
vt 0.000000 0.000000
vt 0.000000 0.000000
vt 0.000000 0.000000
vt 0.000000 0.000000
vt 0.000000 0.000000
vt 0.000000 0.000000
vt 0.000000 0.000000
vt 0.000000 0.000000
vt 0.000000 0.000000
vt 0.000000 0.000000
vt 0.000000 0.000000
vt 0.000000 0.000000
vt 0.000000 0.000000
vt 0.000000 0.000000
vt 0.000000 0.000000
vt 0.000000 0.000000
vt 0.000000 0.000000
vt 0.000000 0.000000
vt 0.000000 0.000000
vt 0.000000 0.000000
vt 0.000000 0.000000
vt 0.000000 0.000000
vt 0.000000 0.000000
vt 0.000000 0.000000
vt 0.000000 0.000000
vt 0.000000 0.000000
vt 0.000000 0.000000
vt 0.000000 0.000000
vt 0.000000 0.000000
vt 0.000000 0.000000
vt 0.000000 0.000000
vt 0.000000 0.000000
vt 0.000000 0.000000
vt 0.000000 0.000000
vt 0.000000 0.000000
vt 0.000000 0.000000
vt 0.000000 0.000000
vt 0.000000 0.000000
vt 0.000000 0.000000
vt 0.000000 0.000000
vt 0.000000 0.000000
vt 0.000000 0.000000
vt 0.000000 0.000000
vt 0.000000 0.000000
vt 0.000000 0.000000
vt 0.000000 0.000000
vt 0.000000 0.000000
vt 0.000000 0.000000
vt 0.000000 0.000000
vt 0.000000 0.000000
vt 0.000000 0.000000
vt 0.000000 0.000000
vt 0.000000 0.000000
vt 0.000000 0.000000
vt 0.000000 0.000000
vt 0.000000 0.000000
vt 0.000000 0.000000
vt 0.000000 0.000000
vt 0.000000 0.000000
vt 0.000000 0.000000
vt 0.000000 0.000000
vt 0.000000 0.000000
vt 0.000000 0.000000
vt 0.000000 0.000000
vt 0.000000 0.000000
vt 0.000000 0.000000
vt 0.000000 0.000000
vt 0.000000 0.000000
vt 0.000000 0.000000
vt 0.000000 0.000000
vt 0.000000 0.000000
vt 0.000000 0.000000
vt 0.000000 0.000000
vt 0.000000 0.000000
vt 0.000000 0.000000
vt 0.000000 0.000000
vt 0.000000 0.000000
vt 0.000000 0.000000
vt 0.000000 0.000000
vt 0.000000 0.000000
vt 0.000000 0.000000
vt 0.000000 0.000000
vt 0.000000 0.000000
vt 0.000000 0.000000
vt 0.000000 0.000000
vt 0.000000 0.000000
vt 0.000000 0.000000
vt 0.000000 0.000000
vt 0.000000 0.000000
vt 0.000000 0.000000
vt 0.000000 0.000000
vt 0.000000 0.000000
vt 0.000000 0.000000
vt 0.000000 0.000000
vt 0.000000 0.000000
vt 0.000000 0.000000
vt 0.000000 0.000000
vt 0.000000 0.000000
vt 0.000000 0.000000
vt 0.000000 0.000000
vt 0.000000 0.000000
vt 0.000000 0.000000
vt 0.000000 0.000000
vt 0.000000 0.000000
vt 0.000000 0.000000
vt 0.000000 0.000000
vt 0.000000 0.000000
vt 0.000000 0.000000
vt 0.000000 0.000000
vt 0.000000 0.000000
vt 0.000000 0.000000
vt 0.000000 0.000000
vt 0.000000 0.000000
vt 0.000000 0.000000
vt 0.000000 0.000000
vt 0.000000 0.000000
vt 0.000000 0.000000
vt 0.000000 0.000000
vt 0.000000 0.000000
vt 0.000000 0.000000
vn -0.0000 -0.9926 0.1215
vn 0.0000 0.9635 0.2676
vn 0.0000 -0.9635 -0.2676
vn 0.0000 0.7878 0.6160
vn -0.0000 -0.7878 -0.6160
vn -0.0000 0.4921 0.8705
vn 0.0000 -0.4921 -0.8705
vn -0.0000 0.1215 0.9926
vn 0.0000 -0.2676 0.9635
vn 0.0000 0.6160 -0.7878
vn -0.0000 0.2676 -0.9635
vn 0.0000 -0.6160 0.7878
vn -0.0000 0.8705 -0.4921
vn 0.0000 -0.8705 0.4921
vn -0.0000 0.9926 -0.1215
vn 1.0000 0.0000 0.0000
vn 0.0000 -0.1215 -0.9926
vn 0.9138 0.0792 -0.3984
vn 0.3601 0.1820 -0.9150
vn 0.9138 0.2257 -0.3377
vn 0.3601 0.5183 -0.7757
vn 0.9138 0.3377 -0.2257
vn 0.3601 0.7757 -0.5183
vn 0.9138 0.3984 -0.0792
vn 0.3601 0.9150 -0.1820
vn 0.9138 0.3984 0.0792
vn 0.3601 0.9150 0.1820
vn 0.9138 0.3377 0.2257
vn 0.3601 0.7757 0.5183
vn 0.9138 0.2257 0.3377
vn 0.3601 0.5183 0.7757
vn 0.9138 0.0792 0.3984
vn 0.3601 0.1820 0.9150
vn 0.9138 -0.0792 0.3984
vn 0.3601 -0.1820 0.9150
vn 0.9138 -0.2257 0.3377
vn 0.3601 -0.5183 0.7757
vn 0.9138 -0.3377 0.2257
vn 0.3601 -0.7757 0.5183
vn 0.9138 -0.3984 0.0792
vn 0.3601 -0.9150 0.1820
vn 0.9138 -0.3984 -0.0792
vn 0.3601 -0.9150 -0.1820
vn 0.9138 -0.3377 -0.2257
vn 0.3601 -0.7757 -0.5183
vn 0.9138 -0.2256 -0.3377
vn 0.3601 -0.5183 -0.7757
vn 0.9138 -0.0792 -0.3984
vn 0.3601 -0.1820 -0.9150
vn -0.3601 0.1820 -0.9150
vn -0.9138 0.0792 -0.3984
vn -0.3601 0.5183 -0.7757
vn -0.9138 0.2257 -0.3377
vn -0.3601 0.7757 -0.5183
vn -0.9138 0.3377 -0.2257
vn -0.3601 0.9150 -0.1820
vn -0.9138 0.3984 -0.0792
vn -0.3601 0.9150 0.1820
vn -0.9138 0.3984 0.0792
vn -0.3601 0.7757 0.5183
vn -0.9138 0.3377 0.2257
vn -0.3601 0.5183 0.7757
vn -0.9138 0.2257 0.3377
vn -0.3601 0.1820 0.9150
vn -0.9138 0.0792 0.3984
vn -0.3601 -0.1820 0.9150
vn -0.9138 -0.0792 0.3984
vn -0.3601 -0.5183 0.7757
vn -0.9138 -0.2257 0.3377
vn -0.3601 -0.7757 0.5183
vn -0.9138 -0.3377 0.2257
vn -0.3601 -0.9150 0.1820
vn -0.9138 -0.3984 0.0792
vn -0.3601 -0.9150 -0.1820
vn -0.9138 -0.3984 -0.0792
vn -0.3601 -0.7757 -0.5183
vn -0.9138 -0.3377 -0.2257
vn -0.3601 -0.5183 -0.7757
vn -0.9138 -0.2257 -0.3377
vn -0.3601 -0.1820 -0.9150
vn -0.9138 -0.0792 -0.3984
vn -1.0000 -0.0000 0.0000
vn 0.8175 -0.1133 0.5647
vn 0.8137 -0.3247 0.4822
vn 0.8086 -0.4902 0.3253
vn 0.8054 -0.5814 0.1150
vn 0.8054 -0.5814 -0.1150
vn 0.8086 -0.4902 -0.3253
vn 0.8137 -0.3247 -0.4822
vn 0.8175 -0.1133 -0.5647
vn 0.8175 0.1133 -0.5647
vn 0.8137 0.3247 -0.4822
vn 0.8086 0.4902 -0.3253
vn 0.8054 0.5814 -0.1150
vn 0.8054 0.5814 0.1150
vn 0.8086 0.4902 0.3253
vn 0.8137 0.3247 0.4822
vn 0.8175 0.1133 0.5647
vn 0.1192 -0.1937 0.9738
vn 0.1192 -0.5516 0.8255
vn 0.1192 -0.8255 0.5516
vn 0.1192 -0.9738 -0.1937
vn 0.1192 -0.8255 -0.5516
vn 0.1192 -0.5516 -0.8255
vn 0.1192 -0.1937 -0.9738
vn 0.1192 0.1937 -0.9738
vn 0.1192 0.5516 -0.8255
vn 0.1192 0.8255 -0.5516
vn 0.1192 0.9738 -0.1937
vn 0.1192 0.9738 0.1937
vn 0.1192 0.8255 0.5516
vn 0.1192 0.5516 0.8255
vn 0.1192 -0.9738 0.1937
vn 0.1192 0.1937 0.9738
vn 0.9164 0.0781 -0.3925
vn 0.9164 0.3327 -0.2223
vn 0.9164 0.3925 0.0781
vn 0.9164 0.2223 0.3327
vn 0.9164 -0.0781 0.3925
vn 0.9164 -0.3327 0.2223
vn 0.9164 -0.3925 -0.0781
vn 0.9164 -0.2223 -0.3327
vn 0.9854 0.0946 -0.1416
vn 0.9854 0.1416 -0.0946
vn 0.9854 0.1671 -0.0332
vn 0.9854 0.1671 0.0332
vn 0.9854 0.1416 0.0946
vn 0.9854 0.0946 0.1416
vn 0.9854 0.0332 0.1671
vn 0.9854 -0.0332 0.1671
vn 0.9854 -0.0946 0.1416
vn 0.9854 -0.1416 0.0946
vn 0.9854 -0.1671 0.0332
vn 0.9854 -0.1671 -0.0332
vn 0.9854 -0.1416 -0.0946
vn 0.9854 -0.0946 -0.1416
vn 0.9854 -0.0332 -0.1671
vn 0.9854 0.0332 -0.1671
vn 0.9164 -0.0781 -0.3925
vn 0.9164 -0.3327 -0.2223
vn 0.9164 -0.3925 0.0781
vn 0.9164 -0.2223 0.3327
vn 0.9164 0.0781 0.3925
vn 0.9164 0.3327 0.2223
vn 0.9164 0.3925 -0.0781
vn 0.9164 0.2223 -0.3327
usemtl Material
s off
f 2737/2920/1692 2615/2921/1692 2618/2922/1692 2738/2923/1692
f 2730/2924/1693 2594/2925/1693 2597/2926/1693 2731/2927/1693
f 2738/2923/1694 2618/2922/1694 2621/2928/1694 2739/2929/1694
f 2731/2927/1695 2597/2926/1695 2600/2930/1695 2732/2931/1695
f 2739/2929/1696 2621/2928/1696 2624/2932/1696 2740/2933/1696
f 2732/2931/1697 2600/2930/1697 2603/2934/1697 2733/2935/1697
f 2740/2933/1698 2624/2932/1698 2627/2936/1698 2725/2937/1698
f 2733/2935/1699 2603/2934/1699 2606/2938/1699 2734/2939/1699
f 2734/2939/1700 2606/2938/1700 2609/2940/1700 2735/2941/1700
f 2727/2942/1701 2585/2943/1701 2588/2944/1701 2728/2945/1701
f 2726/2946/1702 2581/2947/1702 2585/2943/1702 2727/2942/1702
f 2735/2941/1703 2609/2940/1703 2612/2948/1703 2736/2949/1703
f 2728/2945/1704 2588/2944/1704 2591/2950/1704 2729/2951/1704
f 2736/2949/1705 2612/2948/1705 2615/2921/1705 2737/2920/1705
f 2729/2951/1706 2591/2950/1706 2594/2925/1706 2730/2924/1706
f 2696/2952/1707 2632/2953/1707 2630/2954/1707 2693/2955/1707
f 2693/2955/1707 2630/2954/1707 2636/2956/1707 2697/2957/1707
f 2697/2957/1707 2636/2956/1707 2639/2958/1707 2699/2959/1707
f 2699/2959/1707 2639/2958/1707 2642/2960/1707 2701/2961/1707
f 2701/2961/1707 2642/2960/1707 2645/2962/1707 2703/2963/1707
f 2703/2963/1707 2645/2962/1707 2648/2964/1707 2705/2965/1707
f 2705/2965/1707 2648/2964/1707 2651/2966/1707 2707/2967/1707
f 2707/2967/1707 2651/2966/1707 2654/2968/1707 2709/2969/1707
f 2709/2969/1707 2654/2968/1707 2657/2970/1707 2711/2971/1707
f 2711/2971/1707 2657/2970/1707 2660/2972/1707 2713/2973/1707
f 2713/2973/1707 2660/2972/1707 2663/2974/1707 2715/2975/1707
f 2715/2975/1707 2663/2974/1707 2666/2976/1707 2717/2977/1707
f 2717/2977/1707 2666/2976/1707 2669/2978/1707 2719/2979/1707
f 2719/2979/1707 2669/2978/1707 2672/2980/1707 2721/2981/1707
f 2721/2981/1707 2672/2980/1707 2675/2982/1707 2723/2983/1707
f 2723/2983/1707 2675/2982/1707 2632/2953/1707 2696/2952/1707
f 2725/2937/1708 2627/2936/1708 2581/2947/1708 2726/2946/1708
f 2630/2954/1709 2632/2953/1709 2634/2984/1709 2631/2985/1709
f 2631/2985/1710 2634/2984/1710 2633/2986/1710 2629/2987/1710
f 2636/2956/1711 2630/2954/1711 2631/2985/1711 2637/2988/1711
f 2637/2988/1712 2631/2985/1712 2629/2987/1712 2635/2989/1712
f 2639/2958/1713 2636/2956/1713 2637/2988/1713 2640/2990/1713
f 2640/2990/1714 2637/2988/1714 2635/2989/1714 2638/2991/1714
f 2642/2960/1715 2639/2958/1715 2640/2990/1715 2643/2992/1715
f 2643/2992/1716 2640/2990/1716 2638/2991/1716 2641/2993/1716
f 2645/2962/1717 2642/2960/1717 2643/2992/1717 2646/2994/1717
f 2646/2994/1718 2643/2992/1718 2641/2993/1718 2644/2995/1718
f 2648/2964/1719 2645/2962/1719 2646/2994/1719 2649/2996/1719
f 2649/2996/1720 2646/2994/1720 2644/2995/1720 2647/2997/1720
f 2651/2966/1721 2648/2964/1721 2649/2996/1721 2652/2998/1721
f 2652/2998/1722 2649/2996/1722 2647/2997/1722 2650/2999/1722
f 2654/2968/1723 2651/2966/1723 2652/2998/1723 2655/3000/1723
f 2655/3000/1724 2652/2998/1724 2650/2999/1724 2653/3001/1724
f 2657/2970/1725 2654/2968/1725 2655/3000/1725 2658/3002/1725
f 2658/3002/1726 2655/3000/1726 2653/3001/1726 2656/3003/1726
f 2660/2972/1727 2657/2970/1727 2658/3002/1727 2661/3004/1727
f 2661/3004/1728 2658/3002/1728 2656/3003/1728 2659/3005/1728
f 2663/2974/1729 2660/2972/1729 2661/3004/1729 2664/3006/1729
f 2664/3006/1730 2661/3004/1730 2659/3005/1730 2662/3007/1730
f 2666/2976/1731 2663/2974/1731 2664/3006/1731 2667/3008/1731
f 2667/3008/1732 2664/3006/1732 2662/3007/1732 2665/3009/1732
f 2669/2978/1733 2666/2976/1733 2667/3008/1733 2670/3010/1733
f 2670/3010/1734 2667/3008/1734 2665/3009/1734 2668/3011/1734
f 2672/2980/1735 2669/2978/1735 2670/3010/1735 2673/3012/1735
f 2673/3012/1736 2670/3010/1736 2668/3011/1736 2671/3013/1736
f 2675/2982/1737 2672/2980/1737 2673/3012/1737 2676/3014/1737
f 2676/3014/1738 2673/3012/1738 2671/3013/1738 2674/3015/1738
f 2632/2953/1739 2675/2982/1739 2676/3014/1739 2634/2984/1739
f 2634/2984/1740 2676/3014/1740 2674/3015/1740 2633/2986/1740
f 2585/2943/1741 2581/2947/1741 2583/3016/1741 2586/3017/1741
f 2586/3017/1742 2583/3016/1742 2582/3018/1742 2584/3019/1742
f 2588/2944/1743 2585/2943/1743 2586/3017/1743 2589/3020/1743
f 2589/3020/1744 2586/3017/1744 2584/3019/1744 2587/3021/1744
f 2591/2950/1745 2588/2944/1745 2589/3020/1745 2592/3022/1745
f 2592/3022/1746 2589/3020/1746 2587/3021/1746 2590/3023/1746
f 2594/2925/1747 2591/2950/1747 2592/3022/1747 2595/3024/1747
f 2595/3024/1748 2592/3022/1748 2590/3023/1748 2593/3025/1748
f 2597/2926/1749 2594/2925/1749 2595/3024/1749 2598/3026/1749
f 2598/3026/1750 2595/3024/1750 2593/3025/1750 2596/3027/1750
f 2600/2930/1751 2597/2926/1751 2598/3026/1751 2601/3028/1751
f 2601/3028/1752 2598/3026/1752 2596/3027/1752 2599/3029/1752
f 2603/2934/1753 2600/2930/1753 2601/3028/1753 2604/3030/1753
f 2604/3030/1754 2601/3028/1754 2599/3029/1754 2602/3031/1754
f 2606/2938/1755 2603/2934/1755 2604/3030/1755 2607/3032/1755
f 2607/3032/1756 2604/3030/1756 2602/3031/1756 2605/3033/1756
f 2609/2940/1757 2606/2938/1757 2607/3032/1757 2610/3034/1757
f 2610/3034/1758 2607/3032/1758 2605/3033/1758 2608/3035/1758
f 2612/2948/1759 2609/2940/1759 2610/3034/1759 2613/3036/1759
f 2613/3036/1760 2610/3034/1760 2608/3035/1760 2611/3037/1760
f 2615/2921/1761 2612/2948/1761 2613/3036/1761 2616/3038/1761
f 2616/3038/1762 2613/3036/1762 2611/3037/1762 2614/3039/1762
f 2618/2922/1763 2615/2921/1763 2616/3038/1763 2619/3040/1763
f 2619/3040/1764 2616/3038/1764 2614/3039/1764 2617/3041/1764
f 2621/2928/1765 2618/2922/1765 2619/3040/1765 2622/3042/1765
f 2622/3042/1766 2619/3040/1766 2617/3041/1766 2620/3043/1766
f 2624/2932/1767 2621/2928/1767 2622/3042/1767 2625/3044/1767
f 2625/3044/1768 2622/3042/1768 2620/3043/1768 2623/3045/1768
f 2627/2936/1769 2624/2932/1769 2625/3044/1769 2628/3046/1769
f 2628/3046/1770 2625/3044/1770 2623/3045/1770 2626/3047/1770
f 2581/2947/1771 2627/2936/1771 2628/3046/1771 2583/3016/1771
f 2583/3016/1772 2628/3046/1772 2626/3047/1772 2582/3018/1772
f 2584/3019/1773 2582/3018/1773 2626/3047/1773 2623/3045/1773 2620/3043/1773 2617/3041/1773 2614/3039/1773 2611/3037/1773 2608/3035/1773 2605/3033/1773 2602/3031/1773 2599/3029/1773 2596/3027/1773 2593/3025/1773 2590/3023/1773 2587/3021/1773
f 2694/3048/1774 2695/3049/1774 2696/2952/1774 2693/2955/1774
f 2698/3050/1775 2694/3048/1775 2693/2955/1775 2697/2957/1775
f 2700/3051/1776 2698/3050/1776 2697/2957/1776 2699/2959/1776
f 2702/3052/1777 2700/3051/1777 2699/2959/1777 2701/2961/1777
f 2704/3053/1778 2702/3052/1778 2701/2961/1778 2703/2963/1778
f 2706/3054/1779 2704/3053/1779 2703/2963/1779 2705/2965/1779
f 2708/3055/1780 2706/3054/1780 2705/2965/1780 2707/2967/1780
f 2710/3056/1781 2708/3055/1781 2707/2967/1781 2709/2969/1781
f 2712/3057/1782 2710/3056/1782 2709/2969/1782 2711/2971/1782
f 2714/3058/1783 2712/3057/1783 2711/2971/1783 2713/2973/1783
f 2716/3059/1784 2714/3058/1784 2713/2973/1784 2715/2975/1784
f 2718/3060/1785 2716/3059/1785 2715/2975/1785 2717/2977/1785
f 2720/3061/1786 2718/3060/1786 2717/2977/1786 2719/2979/1786
f 2722/3062/1787 2720/3061/1787 2719/2979/1787 2721/2981/1787
f 2724/3063/1788 2722/3062/1788 2721/2981/1788 2723/2983/1788
f 2695/3049/1789 2724/3063/1789 2723/2983/1789 2696/2952/1789
f 2674/3015/1708 2725/2937/1708 2726/2946/1708 2633/2986/1708
f 2638/2991/1706 2729/2951/1706 2730/2924/1706 2641/2993/1706
f 2659/3005/1705 2736/2949/1705 2737/2920/1705 2662/3007/1705
f 2635/2989/1704 2728/2945/1704 2729/2951/1704 2638/2991/1704
f 2656/3003/1703 2735/2941/1703 2736/2949/1703 2659/3005/1703
f 2633/2986/1702 2726/2946/1702 2727/2942/1702 2629/2987/1702
f 2629/2987/1701 2727/2942/1701 2728/2945/1701 2635/2989/1701
f 2653/3001/1700 2734/2939/1700 2735/2941/1700 2656/3003/1700
f 2650/2999/1699 2733/2935/1699 2734/2939/1699 2653/3001/1699
f 2671/3013/1698 2740/2933/1698 2725/2937/1698 2674/3015/1698
f 2647/2997/1697 2732/2931/1697 2733/2935/1697 2650/2999/1697
f 2668/3011/1696 2739/2929/1696 2740/2933/1696 2671/3013/1696
f 2644/2995/1695 2731/2927/1695 2732/2931/1695 2647/2997/1695
f 2665/3009/1694 2738/2923/1694 2739/2929/1694 2668/3011/1694
f 2641/2993/1693 2730/2924/1693 2731/2927/1693 2644/2995/1693
f 2662/3007/1692 2737/2920/1692 2738/2923/1692 2665/3009/1692
usemtl Material.002
f 2550/3064/1790 2695/3049/1790 2694/3048/1790 2549/3065/1790
f 2549/3065/1791 2694/3048/1791 2698/3050/1791 2551/3066/1791
f 2534/3067/1707 2535/3068/1707 2536/3069/1707 2537/3070/1707 2538/3071/1707 2539/3072/1707 2540/3073/1707 2541/3074/1707 2542/3075/1707 2543/3076/1707 2544/3077/1707 2545/3078/1707 2546/3079/1707 2547/3080/1707 2548/3081/1707 2533/3082/1707
f 2551/3066/1792 2698/3050/1792 2700/3051/1792 2552/3083/1792
f 2553/3084/1793 2702/3052/1793 2704/3053/1793 2554/3085/1793
f 2554/3085/1794 2704/3053/1794 2706/3054/1794 2555/3086/1794
f 2555/3086/1795 2706/3054/1795 2708/3055/1795 2556/3087/1795
f 2556/3087/1796 2708/3055/1796 2710/3056/1796 2557/3088/1796
f 2557/3088/1797 2710/3056/1797 2712/3057/1797 2558/3089/1797
f 2558/3089/1798 2712/3057/1798 2714/3058/1798 2559/3090/1798
f 2559/3090/1799 2714/3058/1799 2716/3059/1799 2560/3091/1799
f 2560/3091/1800 2716/3059/1800 2718/3060/1800 2561/3092/1800
f 2561/3092/1801 2718/3060/1801 2720/3061/1801 2562/3093/1801
f 2562/3093/1802 2720/3061/1802 2722/3062/1802 2563/3094/1802
f 2563/3094/1803 2722/3062/1803 2724/3063/1803 2564/3095/1803
f 2552/3083/1804 2700/3051/1804 2702/3052/1804 2553/3084/1804
f 2564/3095/1805 2724/3063/1805 2695/3049/1805 2550/3064/1805
f 2677/3096/1806 2550/3064/1806 2549/3065/1806 2678/3097/1806
f 2679/3098/1807 2551/3066/1807 2552/3083/1807 2680/3099/1807
f 2681/3100/1808 2553/3084/1808 2554/3085/1808 2682/3101/1808
f 2683/3102/1809 2555/3086/1809 2556/3087/1809 2684/3103/1809
f 2685/3104/1810 2557/3088/1810 2558/3089/1810 2686/3105/1810
f 2687/3106/1811 2559/3090/1811 2560/3091/1811 2688/3107/1811
f 2689/3108/1812 2561/3092/1812 2562/3093/1812 2690/3109/1812
f 2691/3110/1813 2563/3094/1813 2564/3095/1813 2692/3111/1813
f 2534/3067/1814 2565/3112/1814 2567/3113/1814 2535/3068/1814
f 2535/3068/1815 2567/3113/1815 2568/3114/1815 2536/3069/1815
f 2536/3069/1816 2568/3114/1816 2569/3115/1816 2537/3070/1816
f 2537/3070/1817 2569/3115/1817 2570/3116/1817 2538/3071/1817
f 2538/3071/1818 2570/3116/1818 2571/3117/1818 2539/3072/1818
f 2539/3072/1819 2571/3117/1819 2572/3118/1819 2540/3073/1819
f 2540/3073/1820 2572/3118/1820 2573/3119/1820 2541/3074/1820
f 2541/3074/1821 2573/3119/1821 2574/3120/1821 2542/3075/1821
f 2542/3075/1822 2574/3120/1822 2575/3121/1822 2543/3076/1822
f 2543/3076/1823 2575/3121/1823 2576/3122/1823 2544/3077/1823
f 2544/3077/1824 2576/3122/1824 2577/3123/1824 2545/3078/1824
f 2545/3078/1825 2577/3123/1825 2578/3124/1825 2546/3079/1825
f 2546/3079/1826 2578/3124/1826 2579/3125/1826 2547/3080/1826
f 2547/3080/1827 2579/3125/1827 2580/3126/1827 2548/3081/1827
f 2548/3081/1828 2580/3126/1828 2566/3127/1828 2533/3082/1828
f 2533/3082/1829 2566/3127/1829 2565/3112/1829 2534/3067/1829
f 2580/3126/1830 2692/3111/1830 2677/3096/1830 2566/3127/1830
f 2579/3125/1813 2691/3110/1813 2692/3111/1813 2580/3126/1813
f 2578/3124/1831 2690/3109/1831 2691/3110/1831 2579/3125/1831
f 2577/3123/1812 2689/3108/1812 2690/3109/1812 2578/3124/1812
f 2576/3122/1832 2688/3107/1832 2689/3108/1832 2577/3123/1832
f 2575/3121/1811 2687/3106/1811 2688/3107/1811 2576/3122/1811
f 2574/3120/1833 2686/3105/1833 2687/3106/1833 2575/3121/1833
f 2573/3119/1810 2685/3104/1810 2686/3105/1810 2574/3120/1810
f 2572/3118/1834 2684/3103/1834 2685/3104/1834 2573/3119/1834
f 2571/3117/1809 2683/3102/1809 2684/3103/1809 2572/3118/1809
f 2570/3116/1835 2682/3101/1835 2683/3102/1835 2571/3117/1835
f 2569/3115/1808 2681/3100/1808 2682/3101/1808 2570/3116/1808
f 2568/3114/1836 2680/3099/1836 2681/3100/1836 2569/3115/1836
f 2567/3113/1807 2679/3098/1807 2680/3099/1807 2568/3114/1807
f 2565/3112/1837 2678/3097/1837 2679/3098/1837 2567/3113/1837
f 2566/3127/1806 2677/3096/1806 2678/3097/1806 2565/3112/1806
